code,name,state,zone,address,country,lat,lon,has_metadata
BDHL,Badhal,Rajasthan,NWR,"Kishangarh Renwal, Rajasthan",India,27.2520587,75.4516454,True
YY-BPLC,YY-BPLC,,,,India,,,False
KHH,KICHHA,Uttar Pradesh,NER,"Kichha, Uttar Pradesh",India,28.913427000000002,79.519746,True
SRKN,Sherekan,Rajasthan,NWR,"MDR 89, Rajasthan",India,29.55519806064484,74.43499088287354,True
BKKA,Bhukarka,Rajasthan,NWR,"Bhukarka, Rajasthan",India,29.238227312503696,74.75103096105158,True
NHR,Nohar,Rajasthan,NWR,"State Highway 36, Rajasthan",India,29.192562738768984,74.77362781763077,True
PRGD,Perungudi,Tamil Nadu,SR,"Chennai, Tamil Nadu",India,12.975217,80.231363,True
KNNA,Khinaniyan,Haryana,NWR,"State Highway 23, Haryana",India,29.345637263205944,74.7179570607841,True
JKR,JAULKHERA,,,,India,21.838466,78.216684,False
BYS,BARSALI,,,,India,21.909813,78.03136099999999,False
GW,GIRWAR,,,,India,23.838185999999997,78.936311,False
DGD,DANGIDHAR,,,,India,23.871771000000003,79.019912,False
DOD,DHODHAR,Madhya Pradesh,WR,"Dhodar, Madhya Pradesh",India,23.770740999999997,75.10354600000001,True
GAJ,GANESHGANJ,,,,India,23.895862,79.074633,False
JNM,Jayanagar Majilpur Halt,West Bengal,ER,"Jaynagar, West Bengal",India,22.168635,88.415324,True
NSD,NASIRABAD,Rajasthan,NWR,"Nasirabad, Rajasthan",India,26.294459999999997,74.71699100000001,True
PHA,PATHARIA,,,,India,23.905726,79.192899,False
NZB,NIZAMABAD,Andhra Pradesh,SCR,"Nizamabad, Andhra Pradesh",India,18.679164999999998,78.103238,True
RJO,RAJENDRA PUL,,,,India,25.387446999999998,86.01054599999999,False
ADT,ADUTURAI,Tamil Nadu,SR,"Aduthurai, Tamil Nadu",India,11.009165,79.478668,True
KMU,KUMBAKONAM,Tamil Nadu,SR,"Kumbakonam, Tamil Nadu",India,10.952962,79.388644,True
MNM,MANAMADURAI JN,Tamil Nadu,SR,"Sivaganga, Tamil Nadu",India,9.681538999999999,78.45351,True
GKP,GORAKHPUR JN,,,,India,26.759311,83.381499,False
BJUP,BJUP,,,,India,,,False
VRM,VARNAMA,,,,India,22.184274000000002,73.16928300000001,False
GKC,GORAKHPUR CANT,,,,India,26.750649,83.416821,False
ITA,ITOLA,,,,India,22.149889,73.156746,False
CIKA,CIKA,,,,India,,,False
BTU,BARAUT,Uttar Pradesh,NR,"Baraut, Uttar Pradesh",India,29.09692,77.273006,True
MOGA,Moga,Punjab,NR,"Moga, Punjab",India,30.817296,75.16846699999999,True
SIOB,SAMAKHIALI JN,,,,India,23.309819,70.503394,False
LLHW,LLHW,,,,India,,,False
RDK,Rasheedpura Khori,Rajasthan,NWR,"MDR 87, Rajasthan",India,27.713786000000002,75.087121,True
PVD,PEDDAVADIAPUDI,,,,India,16.414205000000003,80.612645,False
YLM,ELLAMANCHILI,,,,India,17.553652000000003,82.85262,False
CHPT,Chatrappatti,,,,India,10.476970999999999,77.655113,False
JLD,JARWAL ROAD,,,,India,27.120389,81.540406,False
BRJN,BRAJRAJNAGAR,,,,India,21.822718000000002,83.923653,False
CLJ,COLONELGANJ,,,,India,27.137698,81.69417800000001,False
KTHL,KATHOLA,,,,India,27.1465555756,81.8556626477,False
MND,MUNDERWA,,,,India,26.776435,82.903373,False
SNSI,SAINAGAR SHIRDI,Maharashtra,CR,"Near New Bus Stand Shirdi Sainagar, Maharashtra",India,19.780792299999998,74.4806877,True
DLJ,DHOLA JN,Gujarat,WR,"Dhola, Gujarat",India,21.822549000000002,71.738273,True
PGW,PHAGWARA JN,,,,India,31.217555749800002,75.7655019775,False
YY-BINP,YY-BINP,,,,India,,,False
JUP,Jhunpa,Rajasthan,,"NH 65, Rajasthan",India,28.777449,75.521553,True
JSG,JHARSUGUDA JN,,,,India,21.862274,84.017427,False
KYW,KARCHHUE,,,,India,26.2311244405,84.20715351199999,False
MHRN,MAHENDRANATH,,,,India,26.000739,84.509909,False
TKVR,TAPPA KHAJURIAY,,,,India,25.807401000000002,84.688889,False
DPI,DODDAMPATTI,,,,India,12.18134581,78.42225009,False
SREE,SREE,,,,India,,,False
AQG,ASHAPURA GOMAT,Rajasthan,NWR,"National Highway 15, Rajasthan",India,26.950232,71.892665,True
NEA,NEYKKARAPATTI,,,,India,11.612765,78.09669699999999,False
GRL,GORAUL,,,,India,25.931048999999998,85.318477,False
DKJC,DKJC,,,,India,,,False
KHI,KURHANI,,,,India,25.979631,85.339288,False
VNJ,TIRUPPUR VANJIPALAYAM,,,,India,11.117790999999999,77.26580200000001,False
CBF,COIMBATORE NORTH,,,,India,11.019937,76.954304,False
UMB,AMBALA CANT JN,,,,India,30.338918,76.826966,False
SRO,SIRATHU,,,,India,25.650642,81.31786,False
SJT,SHUJAATPUR,,,,India,25.605607000000003,81.401934,False
BDNP,BIDANPUR,,,,India,25.585017,81.44201699999999,False
MTPC,MOTIPURA CHAUKI,Rajasthan,WCR,"Motipura, Rajasthan",India,24.6093382288,77.04829951629999,True
HTZ,HATHIDAH JN,,,,India,25.367027,85.987826,False
TSKG,TINSUKIA GOODS,,,,India,,,False
DDNI,DUDHNOI,Assam,NFR,"Dudhnoi Railway Station, Assam",India,26.001459,90.76188,True
RDE,RUNDHI,,,,India,28.067751,77.350991,False
IJ,ITAUNJA,Uttar Pradesh,NER,"Itaunja, Uttar Pradesh",India,27.081066999999997,80.89123400000001,True
RMX,Ramsar,Rajasthan,NWR,"Barmer, Rajasthan",India,25.722252,70.866078,True
PBE,PILIBHIT JN,Uttar Pradesh,NER,"Pilibhit, Uttar Pradesh",India,28.614977999999997,79.813946,True
RMB,Rampura Beri,Rajasthan,NWR,"Rampura Bhal, Rajasthan",India,28.5301320576,75.64547982849999,True
MGS,MUGHAL SARAI JN,,,,India,25.278149,83.11925000000001,False
RSWT,Ramgarh Shekhawati,Rajasthan,NWR,"Ramgarh, Rajasthan",India,28.169397,74.993046,True
BKNA,BAKAINA HALT,,,,India,29.035800000000002,78.27473099999999,False
HBD,HOSHANGABAD,,,,India,22.75274,77.715594,False
ANA,ASLANA,,,,India,23.860522,79.319493,False
BNI,BUDNI,,,,India,22.7871143,77.6812826,False
YY-IDHW,YY-IDHW,,,,India,,,False
DMGN,DHAMALGAON,Assam,NFR,"A T Rd, Assam",India,27.325566,94.85656900000001,True
LKPL,LAKDIKAPUL,Andhra Pradesh,SCR,"Hyderabad, Andhra Pradesh",India,17.404048000000003,78.463527,True
BRUD,BARUD,Madhya Pradesh,WCR,"Khandwa, Madhya Pradesh",India,22.052142,76.814085,True
DVL,DEVLALI,,,,India,19.897509,73.83729,False
JRTR,Jurtara,,,,India,22.253004999999998,79.76127199999999,False
REWA,REWA,Madhya Pradesh,WCR,"Rewa, Madhya Pradesh",India,24.537122,81.250615,True
DOK,DHOLKA,Gujarat,WR,"Bagodara Dholka, Gujarat",India,22.731982,72.433842,True
NDR,NANDESARI,,,,India,22.418331636999998,73.0952734283,False
MYG,MIYAGAM KARJAN,,,,India,22.050722,73.120353,False
MBA,MAHOBA,Uttar Pradesh,NCR,"Junction Point - Khajuraho, Uttar Pradesh",India,25.306914,79.849079,True
JGZ,Jamgaon,Madhya Pradesh,SECR,"Bamhani, Madhya Pradesh",India,22.418426,80.198945,True
BHKH,BAGHOI KUSA,,,,India,24.8399006513,84.46243313289999,False
NOLI,NOLI,Uttar Pradesh,NR,"Ghaziabad, Uttar Pradesh",India,28.746571,77.31077099999999,True
SUJR,SUJRA,Uttar Pradesh,NR,"State Highway 57, Uttar Pradesh",India,29.012729,77.26134099999999,True
AMOD,Amod,Gujarat,WR,"Amod, Gujarat",India,21.990791167399735,72.86546467803419,True
LKD,LAKODARA,,,,India,21.991872,73.09899399999999,False
VKL,Vankal,Gujarat,WR,"SH 166, Gujarat",India,21.439673931772646,73.23136643506587,True
BY,BYCULLA,Maharashtra,CR,"Mumbai, Maharashtra",India,18.97695,72.833211,True
BNR,BHAGWANPUR,,,,India,25.858316719999998,85.30109021000001,False
KTY,Kotturu,Tamil Nadu,SWR,"Kothur Rd, Tamil Nadu",India,14.826788325296278,76.21354088187218,True
BLMR,Bhalukmara,Assam,NFR,"Bhalukmara, Assam",India,26.685532,94.143709,True
ANJ,Anjangaon,Maharashtra,CR,"Anjangaon, Maharashtra",India,21.163199753077336,77.31896504759789,True
DEB,Debagram,West Bengal,ER,"Debagram, West Bengal",India,23.685277,88.306807,True
ELP,Achalpur,Maharashtra,CR,"Dist. Amravati, Maharashtra",India,21.27760302246017,77.51926277764142,True
BTY,Bethuadahari,West Bengal,ER,"Bethuadahari, West Bengal",India,23.610275,88.384597,True
WARUD,Warud,Maharashtra,CR,"Wardha, Maharashtra",India,20.74690547756532,78.65141943097115,True
BVAC,BVAC,,,,India,,,False
BVBC,BVBC,,,,India,,,False
VLKN,Velankanni,Tamil Nadu,,"Velankanni, Tamil Nadu",India,10.686877168293023,79.84618068672717,True
PCU,PUTLACHERUVU,Andhra Pradesh,SCR,"Putlacheruvu, Andhra Pradesh",India,16.484823,81.112395,True
BNPT,BENNIPATTI PIRAPUR,,,,India,25.892949366,85.3090478906,False
JM,JALAMB JN,,,,India,20.813007000000002,76.573236,False
GPJ,Gorapur,Andhra Pradesh,ECoR,"Jeypore Rd, Andhra Pradesh",India,18.346936,82.79406,True
ABEO,Pattaravakkam,,SR,,India,13.114499981582952,80.16618146561086,True
SEG,SHEGAON,,,,India,20.801724,76.690331,False
GDU,Gudru Halt,Madhya Pradesh,SECR,"Lamta, Madhya Pradesh",India,22.2718946035,80.1163395764,True
BGNA,Balgona,West Bengal,ER,"Balgona, West Bengal",India,23.458049719226736,87.95045644976199,True
KLNP,Kalinarayanpur,West Bengal,ER,"Ranaghat-Bagula Bypass, West Bengal",India,23.206506,88.573216,True
NGZ,S K NAGJIHARI,,,,India,20.761640999999997,76.755353,False
PS,PARAS,,,,India,20.724519,76.815865,False
BRDB,Barda,West Bengal,SER,"Sutahata, West Bengal",India,22.15295838,88.08753041,True
GAO,GAIGAON,,,,India,20.720684,76.890093,False
RRL,REWRAL,,,,India,21.261121,79.468096,False
KHAT,KHAT,,,,India,21.242242,79.550792,False
BRD,BHANDARA ROAD,,,,India,21.238512,79.64752299999999,False
KOKA,KOKA,,,,India,21.263021,79.71240900000001,False
DAO,DAGHORA,,,,India,21.857535000000002,83.678086,False
HGR,HEMAGIRI,,,,India,21.876503999999997,83.742815,False
NIR,Nainpur Junction,Madhya Pradesh,SECR,"Nainpur, Madhya Pradesh",India,22.425676,80.108853,True
NCH,NAKACHARI,Assam,NFR,"Mariani, Assam",India,26.7081333353,94.3939129431,True
APDJ,ALIPUR DUAR JN,West Bengal,NFR,"03564-255091, West Bengal",India,26.523279,89.534048,True
BRE,BHARWARI,,,,India,25.5591917,81.4918665,False
JTK,Jhitkia,West Bengal,NFR,"National Highway 34, West Bengal",India,25.626133,88.05297200000001,True
MNJ,MANOHARGANJ,,,,India,25.524992,81.55907499999999,False
SYWN,SAIYID SARAWAN,,,,India,25.494982,81.613788,False
MRE,MANAURI,,,,India,25.470171,81.662491,False
BMU,BAMHRAULI,,,,India,25.44494,81.741641,False
SFG,SUBEDARGANJ,,,,India,25.439879,81.789897,False
KLX,KOLAKALUR,,,,India,16.295185999999998,80.627521,False
CLVR,CHILUVUR,,,,India,16.379558,80.61690800000001,False
KVR,KOVVUR,,,,India,17.007084,81.726495,False
GVN,GODAVARI,,,,India,17.007707,81.77083,False
KJKD,KANJIKODE,,,,India,10.800919,76.75531600000001,False
SNKR,Sanka,West Bengal,SER,"Garh Dhrubeswar, West Bengal",India,23.52693,86.616164,True
VNK,Binaiki,Madhya Pradesh,SECR,"Binaiki Railway Station, Madhya Pradesh",India,22.72003,79.902424,True
GCN,Gocharan,West Bengal,ER,"Gocharan, West Bengal",India,22.277738,88.45836999999999,True
SEY,Seoni,Madhya Pradesh,SECR,"Seoni, Madhya Pradesh",India,22.075431,79.545769,True
SDMD,Sudamdih,West Bengal,SER,"Jairampur More to Baliapur, West Bengal",India,23.654478,86.44032,True
PCLS,PCLS,,,,India,,,False
BJU,BARAUNI JN,,,,India,25.461768000000003,85.988748,False
DMO,DAMOH,,,,India,23.836693,79.432246,False
ADD,ADAS ROAD,,,,India,22.486628078200003,73.0346944543,False
CLC,Chalala,Gujarat,WR,"Chalala, Gujarat",India,21.4155588,71.16224249999999,True
RNO,RANOLI,,,,India,22.405252095399998,73.1122662115,False
HP,HARIPUR,Rajasthan,NWR,"Pali, Rajasthan",India,26.012397,74.024928,True
KUGT,Kumarghat,Tripura,NFR,"Kumarghat, Tripura",India,24.1506303119,92.0348331158,True
AWB,AURANGABAD,Maharashtra,SCR,"Aurangabad, Maharashtra",India,19.859276,75.31064599999999,True
BNL,BEVINAHALU,Andhra Pradesh,SCR,"Rayalaseema Region, Andhra Pradesh",India,15.16697376,77.21298975,True
VMC,VMC,,,,India,,,False
SMNH,SOMNATH,Gujarat,WR,"Somnath, Gujarat",India,20.896131999999998,70.408254,True
CUPJ,CUDDALORE PORT,Tamil Nadu,SR,"Cuddalore Township, Tamil Nadu",India,11.715119,79.766287,True
PLJ,PALEJ,,,,India,21.921578,73.072387,False
GOLE,GOLE,Rajasthan,NWR,"National Highway 112, Rajasthan",India,25.891938,72.00004,True
BDX,BDX,,,,India,,,False
TRO,TIRORA,,,,India,21.415039,79.91803499999999,False
JMG,JAMGA,,,,India,21.874971000000002,83.564842,False
JMSY,JMSY,,,,India,,,False
AHLR,AHALYAPUR,,,,India,26.468381,83.824844,False
TEL,TENALI JN,,,,India,16.242409000000002,80.640413,False
TAT,Tummanamgutta,Andhra Pradesh,SCR,"Chennai - Anantpur Rd, Andhra Pradesh",India,13.707414,78.37926300000001,True
CU,CHAGALLU,,,,India,16.965076999999997,81.690558,False
PSDA,PASIVEDALA,,,,India,16.99331,81.700939,False
MBGA,Marwar Bagra,Rajasthan,NWR,"SH 31, Rajasthan",India,25.208689,72.59376099999999,True
JNE,JANIYANA,Rajasthan,NWR,"State Highway 68, Rajasthan",India,25.827638,72.336284,True
SMR,SAMDHARI JN,Rajasthan,NWR,"Barmer, Rajasthan",India,25.837202,72.57300699999999,True
SUT,SUTLANA,Rajasthan,NWR,"Dundara, Rajasthan",India,25.970783,72.951414,True
PBR,PORBANDAR,Gujarat,WR,"Porbandar, Gujarat",India,21.643597999999997,69.615506,True
CKVD,Chikkandawadi,Karnataka,SWR,"Chikkandawadi, Karnataka",India,14.137920273699999,76.2025684888,True
BHG,Bhaton Ki Gali,Rajasthan,NWR,"Chomun, Rajasthan",India,27.105646,75.712919,True
HMO,Hanumangarh Town,Rajasthan,NWR,"Hanumangarh, Rajasthan",India,29.574220545495677,74.33120188303292,True
SANR,SARDARNAGAR,,,,India,26.700858999999998,83.494054,False
GRD,Giridih,Jharkhand,ER,"Giridih, Jharkhand",India,24.182255899999998,86.3146452,True
CC,CHAURI CHAURA,,,,India,26.673882,83.545894,False
KMPT,KOMATIPALLI,,,,India,18.023547297,79.5158922174,False
HSP,HASANPARTHI RD,,,,India,18.078262,79.50184999999999,False
GGY,Gagariya,Rajasthan,NWR,"State Highway 40, Rajasthan",India,25.741083,70.734877,True
NNPR,NONAPAR,,,,India,26.353209,83.969786,False
MW,MAIRWA,,,,India,26.240309,84.151979,False
KUY,TIRUPPUR KULIPALAYAM,,,,India,11.1440279246,77.3893135876,False
PLL,PARLI,,,,India,10.800415,76.559421,False
AGTL,Agartala,Tripura,NFR,"Agartala, Tripura",India,23.792417,91.278481,True
MNY,MANKARAI,,,,India,10.771526,76.500232,False
LDY,LAKKITI,,,,India,10.753217,76.434467,False
PLPM,PALAPPURAM,,,,India,10.7525187905,76.398385813,False
OTP,OTTAPPALAM,,,,India,10.770046,76.377993,False
MNUR,MANNANUR,,,,India,10.749322,76.323555,False
ZRDE,JIRADEI,,,,India,26.220819,84.256142,False
SV,SIWAN JN,,,,India,26.210724000000003,84.359267,False
PCK,PACHRUKHI,,,,India,26.162627999999998,84.415667,False
DDA,DURAUNDHA JN,,,,India,26.086973,84.45894600000001,False
CW,CHAINWA,,,,India,26.022117,84.49649600000001,False
POK,POKRAN,Rajasthan,NWR,"National Highway 15, Rajasthan",India,26.930571,71.923129,True
OCH,ODHANIYA CHACHA,Rajasthan,NWR,"National Highway 15, Rajasthan",India,26.972848,71.718687,True
EKMA,EKMA,,,,India,25.967099,84.53637,False
DDP,DAUDPUR,,,,India,25.90709,84.591425,False
KPS,KOPA SAMHOTA,,,,India,25.851866,84.65281399999999,False
BTHL,BITHAULI,,,,India,25.817069,85.29179,False
GB,GAURI BAZAR,,,,India,26.594934000000002,83.667801,False
BALR,BAITALPUR,,,,India,26.5526634,83.7385572,False
DEOS,DEORIA SADAR,,,,India,26.5076811676,83.7819590961,False
NRA,NUNKHAR,,,,India,26.425483,83.880179,False
AGMN,Agomoni,,,,India,26.225947,89.786242,False
BND,BHANDUP,,,,India,19.14200998,72.93723505,False
ASR,AMRITSAR JN,,,,India,31.631511999999997,74.858025,False
MUC,MULLURKARA,,,,India,10.705843,76.271415,False
WKI,WADAKANCHERI,,,,India,10.648956,76.237041,False
SOG,SURATGARH JN,Rajasthan,NWR,"National Highway 15, Rajasthan",India,29.324152,73.90724800000001,True
SNV,Sondad,Maharashtra,SECR,"National Highway 6, Maharashtra",India,21.079845,80.094149,True
QMRS,Kayamsar,Rajasthan,NWR,"State Highway 41, Rajasthan",India,28.125576,75.000562,True
AYB,Aliyabad,Karnataka,SWR,"Bijapur, Karnataka",India,16.878268000000002,75.758306,True
MBF,Munabao,Rajasthan,NWR,"Barmer, Rajasthan",India,25.742614,70.276543,True
CLDR,Chilikidara,Odisha,ECoR,"Orissa, Orissa",India,21.243022,85.827112,True
KLYT,Kolayat,Rajasthan,NWR,"Kolayat, Rajasthan",India,27.835319,72.95507400000001,True
CLD,CHALSA JN,West Bengal,NFR,"Chalsa, West Bengal",India,26.882215,88.798213,True
CRX,CARRON,West Bengal,NFR,"National Highway 31C, West Bengal",India,26.880279,88.9704,True
ETF,ITARSI F CABIN,,,,India,22.61521,77.774856,False
CNPI,Chandanpahari,Jharkhand,ER,"Chandanpahari, Jharkhand",India,24.404224,86.953082,True
MIG,MIDGHAT,,,,India,22.828141000000002,77.647526,False
BNU,BANDAKPUR,,,,India,23.848205999999998,79.575956,False
COD,Chhota Gudha,Rajasthan,NWR,"Ringas, Rajasthan",India,27.293803,75.599508,True
CHQ,CHOKA,,,,India,22.864326000000002,77.638968,False
MB,MORADABAD,,,,India,28.831621000000002,78.765801,False
IRA,ISRANA,Haryana,NR,"Israna, Haryana",India,29.291379,76.85285999999999,True
KRCA,KARACHIYA YARD,,,,India,22.380046,73.132981,False
BJW,BAJVA,,,,India,22.3662226,73.1431251,False
CLN,KOLLIDAM,Tamil Nadu,SR,"Vallampadugai, Tamil Nadu",India,11.332713,79.718347,True
OSHI,OSHI,,,,India,,,False
CNA,CHANDERIYA,Rajasthan,WR,"Chittorgarh, Rajasthan",India,24.939557999999998,74.629979,True
CRC,CHARKHARI ROAD,Uttar Pradesh,NCR,"Charkhari, Uttar Pradesh",India,25.307555999999998,79.74565299999999,True
BTT,BHATNI JN,,,,India,26.381257,83.934035,False
CSZ,Cossimbazar,West Bengal,ER,"Berhampore, West Bengal",India,24.122264,88.266903,True
VRE,VAREDIYA,,,,India,21.85838,73.048979,False
NIU,NABIPUR,,,,India,21.807541,73.030592,False
KTTY,KTTY,,,,India,,,False
CVJ,CHAVAJ,,,,India,21.753134000000003,73.010489,False
AKV,ANKLESHWAR JN,,,,India,21.623889,73.000633,False
CNE,CHANDRANATHPUR,Assam,NFR,"National Highway 54, Assam",India,24.984962,92.71665800000001,True
PAO,PANOLI,,,,India,21.535197,72.978371,False
CNL,CHANDAWAL,Rajasthan,NWR,"Pali, Rajasthan",India,25.946542716,73.86881457700001,True
BFY,BHESANA,Rajasthan,NWR,"Marwar, Rajasthan",India,25.82438,73.7180903,True
HAT,HATHURAN,,,,India,21.501091000000002,72.969512,False
COL,Coromandel,Karnataka,SWR,"KGF, Karnataka",India,12.97518,78.257278,True
KDSD,KUDSAD,,,,India,21.37682,72.91647999999999,False
SYN,SAYAN,,,,India,21.317203,72.890287,False
MQP,Makrandpur,Uttar Pradesh,NER,"Aonla- Bareilly Link Rd, Uttar Pradesh",India,28.213407,79.290097,True
GTX,GOTHANGAM,,,,India,21.294043,72.880104,False
MGK,MULANGUNNATHUKAVU,,,,India,10.596938999999999,76.207809,False
CNKP,CHANAKYAPURI,Delhi,NR,"Chanakyapuri, Delhi NCT",India,28.591905,77.172004,True
URN,UTRAN,,,,India,21.232602,72.85479600000001,False
ST,SURAT,,,,India,21.206568,72.840793,False
UDN,UDHNA JN,,,,India,21.171156,72.851461,False
VRU,VALIVERU,,,,India,16.188934,80.605456,False
MRPL,MARAMPALLI,,,,India,16.843925,81.63387399999999,False
NDD,NIDADAVOLU JN,,,,India,16.898297,81.67550399999999,False
GDM,GUDMA,,,,India,21.416128,80.287678,False
BEF,BHUPDEOPUR,,,,India,21.975035039999998,83.25998102000001,False
RIG,RAIGARH,,,,India,21.891288999999997,83.39067,False
KRL,KOTARLIA,,,,India,21.883182,83.482238,False
CTND,Chettinad,Tamil Nadu,SR,"Kanadukathan, Tamil Nadu",India,10.160613,78.775924,True
SEPR,SHERPUR,Uttar Pradesh,NR,"State Highway 51, Uttar Pradesh",India,28.919358,78.25287,True
NVS,NAVSARI,Gujarat,WR,"Navsari, Gujarat",India,20.946851,72.914294,True
JBD,Jalalabad,Punjab,NR,"Jalalabad, Punjab",India,30.60775,74.268446,True
DDM,DAM DIM,West Bengal,NFR,"National Highway 31, West Bengal",India,26.859243000000003,88.67133299999999,True
COE,CHITROD,Gujarat,WR,"Kutch, Gujarat",India,23.417869,70.655356,True
COM,Chomun Samod,Rajasthan,NWR,"Chomun, Rajasthan",India,27.158223,75.70272,True
DKT,DHULKOT,Haryana,NR,"Ambala City, Haryana",India,30.395686,76.78753499999999,True
KUW,KANWAR,,,,India,25.7036520692,81.21464405030001,False
CDMR,CHANDAULI MJHWR,,,,India,25.261093,83.267724,False
IGPX,IGPX,,,,India,,,False
KGA,KHAGA,,,,India,25.761853,81.102658,False
KTCE,KATOGHAN,,,,India,25.730035,81.16560600000001,False
ASCE,ATHSARAI,,,,India,25.678728805000002,81.2620300824,False
CRLM,Carmelaram,Karnataka,SWR,"Bengaluru, Karnataka",India,12.907633,77.706014,True
CNR,CHANDAR,Goa,SWR,"CHANRA (chandor), Goa",India,15.264834,74.047794,True
CMDP,Chimidipalli,Andhra Pradesh,ECoR,"Borra, Andhra Pradesh",India,18.262764,83.07686199999999,True
BDL,VINDHYACHAL,,,,India,25.160771699999998,82.5020212,False
TSA,TISUA,,,,India,28.136577,79.58628900000001,False
TAS,Thasra,Gujarat,WR,"National Highway 59, Gujarat",India,22.797769,73.221682,True
GHT,GHAGHARA GHAT,,,,India,27.1026834977,81.5033135022,False
BV,BABHNAN,,,,India,26.938525000000002,82.500127,False
CLW,Chilwariya,Uttar Pradesh,NER,"Bahraich, Uttar Pradesh",India,27.487001000000003,81.69873199999999,True
OKAC,OKAC,,,,India,,,False
GAUR,GAUR,,,,India,26.913411,82.56115799999999,False
TH,TINICH,,,,India,26.882281000000003,82.639707,False
BHTR,BHATPAR RANI,,,,India,26.3104766,84.03310139999999,False
TUR,TURKI,,,,India,26.034431,85.354709,False
RD,RAM DAYALU NAGAR,,,,India,26.097367,85.38359600000001,False
BTO,BHITAURA,,,,India,28.469954,79.306506,False
PKRA,PARSA KHERA,,,,India,28.433371,79.34185199999999,False
CHTI,CHANETI,,,,India,28.3087958495,79.42916573,False
BLPU,BILPUR,,,,India,28.083668,79.62578099999999,False
MK,MIRANPUR KATRA,,,,India,28.03708,79.674809,False
MILA,MILAKPUR HALT,,,,India,27.988261374,79.71796182739999,False
TLH,TILHAR,,,,India,27.972984,79.741776,False
CQL,CHIRAKKAL,Kerala,SR,"Kannur district, Kerala",India,11.911049,75.353696,True
PNQ,PUNKUNNAM,,,,India,10.535053999999999,76.20943,False
TCR,THRISUR,,,,India,10.514790000000001,76.207919,False
CMNR,CHAMARAJANAGAR,Karnataka,SWR,"Chamarajnagar, Karnataka",India,11.934891,76.932807,True
CMJ,CHAMARAJAPURAM,Karnataka,SWR,"Mysore, Karnataka",India,12.29844,76.637861,True
BKA,BARKHERA,,,,India,22.917359,77.649646,False
ODG,OBAIDULLA GANJ,,,,India,22.994912,77.587299,False
ACL,ANCHELI,Gujarat,WR,"Navsari, Gujarat",India,20.845167,72.944978,True
CVR,CHORVAD ROAD,Gujarat,WR,"Gadu, Gujarat",India,21.055196000000002,70.290734,True
CTH,CHIKALTHANA,Maharashtra,SCR,"Aurangabad, Maharashtra",India,19.859565,75.402851,True
BTKD,BHARATKUND,Uttar Pradesh,NR,"Bikapur, Uttar Pradesh",India,26.6360965,82.12739309999999,True
DHW,Dhariwal,Punjab,NR,"Dhariwal, Punjab",India,31.949113,75.32156499999999,True
SAI,SARAI,,,,India,25.779962,85.27660900000001,False
CPE,Chandiposi,Odisha,SER,"National Highway 23, Orissa",India,22.068676999999997,84.915988,True
CRU,CHUDAWA,Maharashtra,SCR,"Hingoli, Maharashtra",India,19.1803282622,77.1169303369,True
DBB,DHUBRI,Assam,NFR,"Dhubri, Assam",India,26.023137000000002,89.977952,True
PNP,PANIPAT JN,,,,India,29.388948,76.96379300000001,False
CPS,CHANDPUR SIAU HALT,Uttar Pradesh,NR,"Chandpur, Uttar Pradesh",India,29.13201,78.27585499999999,True
CX,CHANOL,Gujarat,WR,"State Highway 25, Gujarat",India,22.427916,70.53884199999999,True
CSR,CHAK SIKANDAR,Bihar,ECR,"Chak Sikander, Bihar",India,25.6767202377,85.365246145,True
CRQ,Charpokhari Halt,Bihar,ECR,"Charpokhari, Bihar",India,25.3615157718,84.487603186,True
VNA,VARANGAON,,,,India,21.0097131944,75.9006577881,False
DAG,DHANG,Bihar,ECR,"Bhang, Bihar",India,26.7174,85.353298,True
CRW,Charaud,Haryana,NWR,"National Highway 65, Haryana",India,29.0094584,75.6466632,True
BTL,BORTALAO,,,,India,21.218301,80.626207,False
KHS,KHARSIA,,,,India,21.99178,83.102414,False
ROB,ROBERTSON,,,,India,21.988744,83.182508,False
CPK,CHAPARMUKH JN,Assam,NFR,"Chaparmukh, Assam",India,26.202272,92.511718,True
CTW,Chhintanwala,Punjab,NR,"Sherpur Sodhian Link Rd, Punjab",India,30.365958000000003,76.014229,True
CTA,Chitradurg,Karnataka,SWR,"Chitradurga, Karnataka",India,14.231154,76.386431,True
AAV,Ambav,Gujarat,WR,"Ambav, Gujarat",India,,,True
MDKU,MODUKURU,,,,India,16.124988000000002,80.58380799999999,False
TSR,TSUNDURU,,,,India,16.157497,80.58648699999999,False
NBM,NAVABPALEM,,,,India,16.831606,81.606702,False
NMBR,N MAYURBHANJ ROAD,,,,India,21.666901,87.038724,False
BTS,BASTA,,,,India,21.7029241,87.0637831,False
CTD,Chhota Udepur,Gujarat,WR,"Vadodara, Gujarat",India,22.314788,74.014286,True
DBY,Digboi,Assam,NFR,"Tinsukia, Assam",India,27.383483,95.61698200000001,True
CWI,CHONDI,Maharashtra,SCR,"Parbhani, Maharashtra",India,19.430619765,77.1556666229,True
CSDR,CHANNASANDRA,Karnataka,SWR,"Bengaluru, Karnataka",India,13.010940720799999,77.6629705685,True
PGT,PALAKKAD,,,,India,10.802091,76.641926,False
MNHA,Mindha,Rajasthan,NWR,"Minda to Mandha Bhimsingh Rd, Rajasthan",India,27.112061,75.33241,True
DBO,DABHODA,Gujarat,WR,"Dabhoda, Gujarat",India,23.168331000000002,72.748038,True
DABN,DHABAN,Rajasthan,NWR,"Sangaria, Rajasthan",India,29.859997,74.54288000000001,True
DBI,DABLI RATHAN,Rajasthan,NWR,"Hanumangarh, Rajasthan",India,29.542416,74.19093000000001,True
SID,SIDDHPUR,Gujarat,WR,"State Highway 41, Gujarat",India,23.918067,72.367959,True
ARGD,ARIGADA,,ECR,,India,23.643461000000002,85.466475,True
CTJ,CHHATAINI,Madhya Pradesh,WCR,"Awasthi Sadan Rd, Madhya Pradesh",India,23.994088,81.287323,True
KTKD,KATANGI KHURD,Madhya Pradesh,WCR,"State Highway 10, Madhya Pradesh",India,23.7758696073,80.48673398129999,True
CRL,Choral,Madhya Pradesh,WR,"SH 27, Madhya Pradesh",India,22.450677,75.94413499999999,True
ABSA,Ambassa,Tripura,NFR,"Ambassa, Tripura",India,23.930507,91.860783,True
NVP,Navalpura,,,,India,23.289155,73.19955399999999,False
DBKA,Dabka,Madhya Pradesh,SCR,"Amlakhurd, Madhya Pradesh",India,21.361353,76.720809,True
CQR,Champapukur,West Bengal,ER,"Kholapota, West Bengal",India,22.656633999999997,88.80796000000001,True
NDAZ,NAYA AZADPUR,,,,India,28.714564,77.166876,False
ANDI,ADARSH NAGAR DELHI,,,,India,28.714205,77.16670699999999,False
CUR,Churu,Rajasthan,NWR,"Churu, Rajasthan",India,28.288281,74.966203,True
BHD,BADLI,,,,India,28.746799999999997,77.1377425,False
KHKN,KHERA KALAN,,,,India,28.769717999999997,77.115838,False
HUK,HOLAMBI KALAN,,,,India,28.801187,77.102334,False
NUR,NARELA,,,,India,28.846886,77.085727,False
CWA,Chhindwara Junction,Madhya Pradesh,SECR,"Chhindwara, Madhya Pradesh",India,22.058201,78.953212,True
RDDE,RATHDHANA,,,,India,28.904132,77.05914800000001,False
CTPE,Chandanattop Halt,Kerala,SR,"Kilikkollur, Kerala",India,8.932478000000001,76.64532,True
HNN,HARANA KALAN,,,,India,28.945425,77.039135,False
SNP,SONIPAT,,,,India,28.989423000000002,77.017343,False
SLKN,SANDAL KALAN,,,,India,29.063432000000002,77.012589,False
RUG,RAJLU GARHI,,,,India,29.090744,77.012109,False
GNU,GANAUR,,,,India,29.130776,77.01074999999999,False
BDMJ,BHODWAL MAJRI,,,,India,29.1852092,77.0082364,False
SMK,SAMALKHA,,,,India,29.240172,77.003034,False
DWNA,DIWANA,,,,India,29.318564,76.980194,False
BBDE,BABARPUR,,,,India,29.449652,76.966178,False
KFU,KOHAND,,,,India,29.494782,76.968758,False
GRA,GHARAUNDA,,,,India,29.541636,76.96575000000001,False
BZJT,BAZIDA JATAN,,,,India,29.613391,76.965812,False
KUN,KARNAL,,,,India,29.694566000000002,76.969821,False
BZK,BHAINI KHURD,,,,India,29.751544,76.95536200000001,False
TRR,TARAORI,,,,India,29.797906,76.93858,False
NLKR,NILOKHERI,,,,India,29.831492,76.925491,False
KKDE,KURUKSHETRA JN,,,,India,29.969440000000002,76.852795,False
DAVM,DHANUVACHAPURAM,Kerala,SR,"Dhanuvachapuram, Kerala",India,8.378802,77.124352,True
CTS,CHATTRIPUT,Odisha,ECoR,"Jeypore, Orissa",India,18.922722,82.590027,True
DAVJ,D.A.V.C.H. JALANDHAR,Punjab,NR,"Jalandhar, Punjab",India,31.346977000000003,75.56132,True
DLPI,INDRAPURI,Delhi,NR,"Delhi Cantonment, Delhi NCT",India,28.628342466499998,77.14358825779999,True
GRG,Guwarighat,Madhya Pradesh,SECR,"Gwarighat, Madhya Pradesh",India,23.110295,79.92761300000001,True
DSJ,DELHI SAFDARJUNG,Delhi,NR,"Netaji Nagar, Delhi NCT",India,28.582121,77.186969,True
DHRN,DHURANA,Haryana,NR,"Panipat, Haryana",India,29.253606,76.803295,True
DUK,DUDIA,Rajasthan,NWR,"Dundara, Rajasthan",India,25.934458,72.902042,True
DAJ,DUROJI,Karnataka,SWR,"Bellary, Karnataka",India,15.227107,76.70013,True
BTPH,CHAKIA THERMAL HALT,,,,India,25.4012639369,86.01624276369999,False
JDDA,JATHA,,,,India,22.0159803866,82.875333703,False
JDI,JHARRADIH,,,,India,21.999876,83.050747,False
DKO,Devakottai Road,Tamil Nadu,SR,"NH 210, Tamil Nadu",India,10.037610999999998,78.761747,True
DIB,DIBAI,Uttar Pradesh,NR,"Dibai, Uttar Pradesh",India,28.19378,78.303084,True
CNJO,JUHI OUTER CABIN,,,,India,26.4531901925,80.3239098425,False
LMA,LAMBIYA,Rajasthan,NWR,"National Highway 79, Rajasthan",India,25.578333999999998,74.58561499999999,True
DBLG,DBLG,,,,India,,,False
DOHM,Devgarh Madriya,Rajasthan,NWR,"Devgarh, Rajasthan",India,25.610206,73.855552,True
NHLG,NHLG,,,,India,,,False
DYE,DAYANAND NAGAR,Andhra Pradesh,SCR,"Secunderabad, Andhra Pradesh",India,17.456247,78.53134999999999,True
DBV,DABILPUR,Andhra Pradesh,SCR,"Rangareddy, Andhra Pradesh",India,17.674226,78.470315,True
JGLP,JGLP,,,,India,,,False
BGZ,BAHADURGARH,Haryana,NR,"Bahadurgarh, Haryana",India,28.700863000000002,76.930886,True
PNSR,PNSR,,,,India,,,False
DME,DAMNAGAR,Gujarat,WR,"Damnagar, Gujarat",India,21.688346,71.509053,True
AG,Aranghata,West Bengal,ER,"Haranath Para Ln, West Bengal",India,23.242037,88.613551,True
RLG,RELANGI,Andhra Pradesh,SCR,"Relangi, Andhra Pradesh",India,16.709921,81.64411,True
CCAB,BMY C CABIN,,,,India,21.209789,81.44306300000001,False
DNDI,DHONDI,Maharashtra,SCR,"State Highway 148, Maharashtra",India,19.106268,76.736112,True
NDO,NIDUBROLU,,,,India,16.067904,80.557243,False
FKA,Fazilka,Punjab,NR,"Fazilka, Punjab",India,30.408641,74.02541699999999,True
TDD,TADEPALLIGUDEM,,,,India,16.809960999999998,81.526314,False
PTPU,PRATTIAPADU,,,,India,16.820864999999998,81.581431,False
BDHT,Bardi Halt,Madhya Pradesh,SECR,"State Highway 19, Madhya Pradesh",India,21.621177,78.822411,True
DJL,Dodajala Lake,Karnataka,SWR,"Hosur Road., Karnataka",India,13.183156,77.652122,True
DIU,Dhing,Assam,NFR,"National Highway 37, Assam",India,26.453101,92.45086500000001,True
DGQ,Dugdol,Gujarat,NWR,"Dhanera, Gujarat",India,24.631708,72.096828,True
DAU,Dagru,Punjab,NR,"Dagru, Punjab",India,30.834858,75.047442,True
GWH,GHOSHAWAR,,,,India,25.737421135399998,85.24335073670001,False
HJP,HAJIPUR JN,,,,India,25.702909000000002,85.2155,False
ENBG,ENBG,,,,India,,,False
PUK,PUDUKAD,,,,India,10.420507,76.26070700000001,False
NYI,NELLAYI,,,,India,10.392415000000002,76.275994,False
UKL,UTTUKULI,,,,India,11.156494,77.448615,False
TUP,TIRUPPUR,,,,India,11.108906,77.341247,False
SNO,SOMANUR,,,,India,11.087247,77.18638,False
SUU,SULUR ROAD,,,,India,11.049634,77.11729,False
IGU,IRUGUR,,,,India,11.017199,77.06913399999999,False
SHI,SINGANALLUR,,,,India,11.012921,77.03945900000001,False
PLMD,PILAMEDU,,,,India,11.033241,76.999566,False
CBE,COIMBATORE JN,,,,India,10.997639,76.966298,False
PTJ,PODANUR JN,,,,India,10.965425,76.990125,False
MDKI,MADUKARAI,,,,India,10.900858,76.94295000000001,False
IJK,IRINJALAKUDA,,,,India,10.339456,76.280924,False
CKI,CHALAKUDI,,,,India,10.3017975,76.3218076,False
DINR,DIVINE NAGAR,,,,India,10.2853993721,76.3363143628,False
KRAN,KORATTI ANGADI,,,,India,10.260123,76.355901,False
KUC,KARUKKUTTY,,,,India,10.225757,76.373077,False
AFK,ANGAMALI,,,,India,10.183676,76.37786,False
CWR,CHOVVARA,,,,India,10.133064,76.37218899999999,False
DJ,Darjeeling,West Bengal,NFR,"Darjeeling, West Bengal",India,27.038151,88.263326,True
AWY,ALUVA,,,,India,10.108163,76.356508,False
KLMR,KALAMASSERY,,,,India,10.061818,76.32695600000001,False
IPL,EDAPPALLY,,,,India,10.034338,76.298271,False
ERN,ERNAKULAM TOWN,,,,India,9.991582000000001,76.2861,False
ETMD,ETTIMADAI,,,,India,10.898788,76.89715500000001,False
WRA,WALAYAR,,,,India,10.8471810329,76.8376135147,False
DBN,Dhablan,Punjab,NR,"Gurudwara Ishar Darbar Rd, Punjab",India,30.3379133215,76.276917865,True
DBF,Dabpal,Chhattisgarh,,"Dabpal, Chhattisgarh",India,18.927979999999998,81.488923,True
DBZ,Dhing Bazar,Assam,NFR,"Mathaouri Rd, Assam",India,26.455873,92.481039,True
CLMD,CHULLIMADA,,,,India,10.837164999999999,76.801793,False
KTKU,KOTTEKAD,,,,India,10.815731,76.693457,False
DLC,DALMERA,Rajasthan,NWR,"Bikaner, Rajasthan",India,28.417832,73.65658,True
TNU,TIRUNETTUR,,,,India,9.933729,76.30765699999999,False
KUMM,KUMBALAM,,,,India,9.906723,76.3116,False
AROR,AROOR HALT,,,,India,9.8791031,76.30283299999999,False
EZP,EZHUPPUNNA,,,,India,9.820288000000001,76.302391,False
TUVR,TURAVUR,,,,India,9.772809,76.309979,False
ERSC,ERNAKULAM JN. C,,,,India,9.978060000000001,76.28985899999999,False
DIR,DHANAPUR ORISSA,Odisha,ECoR,"National Highway 43, Orissa",India,18.945173,82.50739300000001,True
DRN,DEORANIAN,Uttar Pradesh,NER,"SH 37, Uttar Pradesh",India,28.64478,79.476473,True
BGS,BEGU SARAI,Bihar,ECR,"06243-222853, Bihar",India,25.425296,86.134476,True
BQQ,BAKHLETA,,,,India,23.846381,79.96972000000001,False
GBP,GULABPURA,Rajasthan,NWR,"Gulabpura, Rajasthan",India,25.9027951891,74.65595449829999,True
REI,RITHI,,,,India,23.904168,80.140267,False
MBWC,MORADABAD WEST,,,,India,28.83865785,78.7596338837,False
HRH,HARTHALA,,,,India,28.8719872056,78.73559542849999,False
GOA,GOHAD ROAD,Madhya Pradesh,NCR,"Bhind, Madhya Pradesh",India,26.480421000000003,78.439153,True
DHNR,DHANORA DECCAN,Maharashtra,SCR,"Kinwat, Maharashtra",India,19.465517438899997,78.13275402709999,True
ALD,ALLAHABAD JN,,,,India,25.446241,81.828816,False
ETAH,Etah,Uttar Pradesh,NCR,"Etah, Uttar Pradesh",India,27.571173,78.65391899999999,True
GG,GANDHIGRAM,Gujarat,WR,"Ahmedabad, Gujarat",India,23.02676,72.568831,True
BSL,BHUSAVAL JN,,,,India,21.0472812,75.78867170000001,False
KOPR,KOPAR ROAD,,,,India,19.211345,73.077841,False
GGLE,GANGATIKURI,West Bengal,ER,"State Highway 6, West Bengal",India,23.71822,88.087286,True
KWD,KARWANDIA,,,,India,24.953195,84.084599,False
GDD,Gadra Road,Rajasthan,NWR,"Gadara, Rajasthan",India,25.743851,70.64304,True
SSM,SASARAM,,,,India,24.955926,84.019423,False
DTAE,DHATRIGRAM,West Bengal,ER,"Dhatrigram, West Bengal",India,23.277796,88.31182199999999,True
SLOR,SELOO ROAD,,,,India,20.776649999999997,78.71490899999999,False
SNI,SINDI,,,,India,20.816446,78.883342,False
DNUA,Dhansura,Gujarat,WR,"State Highway 68, Gujarat",India,23.351916,73.19870999999999,True
SGRD,SULGARE,,,,India,22.019979,82.743775,False
BUA,BARADWAR,,,,India,22.011725000000002,82.813724,False
SKT,SAKTI,,,,India,22.011785000000003,82.956526,False
EDU,ERIODU,Tamil Nadu,SR,"State Highway 74, Tamil Nadu",India,10.515627989999999,78.05712899000001,True
SUJ,SARJU,,,,India,27.111885,81.648076,False
GDN,GANGAIKONDAN,Tamil Nadu,SR,"Thoothukudi, Tamil Nadu",India,8.830736,77.786203,True
LDR,LANDAURA,,,,India,29.814493,77.941557,False
DUN,DUGANPUR,,,,India,28.658317,79.13019,False
CBJ,CLUTTER BUCK GANJ,,,,India,28.396895,79.371946,False
BE,BAREILLY,,,,India,28.337154299999998,79.4108444,False
NHGJ,NHGJ,,,,India,,,False
DTC,DITOKCHERRA,Assam,NFR,"North Cachar Hills, Assam",India,25.090538,92.798715,True
BPG,BADURPUR GHAT,Assam,NFR,"National Highway 53, Assam",India,24.872902,92.581099,True
GIW,Girdharpur,Rajasthan,NCR,"State Highway 6, Rajasthan",India,25.845508,76.794583,True
RYS,RASURIYA,,,,India,28.26396,79.47445900000001,False
NYO,NAYAGAON,,,,India,25.763263,85.099366,False
PMU,PARMANANDPUR,,,,India,25.741290999999997,85.133951,False
GIR,Gainsari Junction,Uttar Pradesh,NER,"Balrampur, Uttar Pradesh",India,27.526839296800002,82.5441789069,True
BPP,BAPATLA,,,,India,15.9086144,80.46842480000001,False
APL,APPIKATLA,,,,India,15.970371,80.514466,False
MCVM,MACHAVARAM,,,,India,16.025343,80.54154100000001,False
CEL,CHEBROL,,,,India,16.819948,81.396533,False
GGH,Ghogardiha,Bihar,ECR,"Ghoghardiha, Bihar",India,26.282768,86.468503,True
BPY,BADAMPUDI,,,,India,16.828104,81.473751,False
ARD,AMARDA ROAD,,,,India,21.734258,87.102374,False
PY,PERUNDURAI,,,,India,11.25334,77.628672,False
FSR,FAQARSAR,Punjab,NR,"Fakarsar, Punjab",India,30.189431000000003,74.57257200000001,True
CFG,CHAKITING,Assam,NFR,"Dhodar Ali, Assam",India,26.5616754046,94.0956546234,True
IGR,INGUR,,,,India,11.22501,77.587299,False
VZ,VIJAYAMANGALAM,,,,India,11.195525,77.522231,False
DLA,DOULTA,,,,India,24.998509000000002,78.42932499999999,False
TBT,TALBAHAT,,,,India,25.039255,78.414552,False
MZX,MATATILA,,,,India,25.0851,78.40284000000001,False
BZY,BASAI,,,,India,25.142923,78.394254,False
BAB,BABINA,,,,India,25.237832,78.451748,False
KHJ,KHAJRAHA,,,,India,25.304157999999997,78.478365,False
BJI,BIJAULI,,,,India,25.3764678,78.51774610000001,False
JHSA,JHANSI A CABIN,,,,India,25.41949,78.545787,False
JHS,JHANSI JN,,,,India,25.443585,78.55298499999999,False
KRQ,KARARI,,,,India,25.530800000000003,78.509084,False
DAA,DATIA,,,,India,25.641070000000003,78.456356,False
SOR,SONAGIR,,,,India,25.730668,78.409099,False
KTRA,KOTRA,,,,India,25.811253999999998,78.381661,False
DBA,DABRA,,,,India,25.881197,78.331015,False
SMTL,SIMARIATAL,,,,India,25.9219956094,78.3042595734,False
AEH,ANANT PAITH,,,,India,25.955389501299997,78.2761320917,False
FRH,Farhatnagar,Uttar Pradesh,NR,"Farhatnagar, Uttar Pradesh",India,27.081164,80.143212,True
GATD,Gautamdhara,Jharkhand,SER,"Gautamdhara, Jharkhand",India,23.3498809788,85.6329945703,True
GEG,Gir Gadhara,Gujarat,WR,"Junagadh, Gujarat",India,20.906347,70.919246,True
FLD,Phulad,Rajasthan,NWR,"State Highway 62, Rajasthan",India,25.623979,73.81311799999999,True
GADM,Ganga Dham,Uttar Pradesh,NER,"Ganga Dham, Uttar Pradesh",India,27.20976,81.930509,True
DTR,Dhamtari,Chhattisgarh,SECR,"Dhamtari, Chhattisgarh",India,20.714515000000002,81.550321,True
DRW,DHAREWADA,Gujarat,WR,"Unjha, Gujarat",India,23.960815999999998,72.378575,True
KZQ,KHIMEL,Rajasthan,NWR,"Jawai Bandh, Rajasthan",India,25.300189,73.279577,True
HDU,HARDUA,,,,India,23.9150542164,80.2834127417,False
HDW,HALDWANI,Uttarakhand,NER,"Haldwani, Uttarakhand",India,29.215097,79.533732,True
AKT,AKALTARA,,,,India,22.029121,82.422049,False
HBU,Halbarga,Karnataka,SCR,"Halbarga, Karnataka",India,17.988470000000003,77.298175,True
GNH,GANGAKHER,Maharashtra,SCR,"State Highway 217, Maharashtra",India,18.973377,76.755511,True
NIA,NAILA,,,,India,22.022963999999998,82.56458900000001,False
KMGE,KUMAHU,,,,India,24.976944,83.946305,False
SSG,SHIU SAGAR ROAD,,,,India,24.999464999999997,83.895453,False
CPH,CHAMPA,,,,India,22.034731,82.665149,False
GPX,Gautampura Road,Madhya Pradesh,WR,"Barnagar, Madhya Pradesh",India,23.2008894,75.68198989999999,True
RGQ,RAIGADH ROAD,Gujarat,NWR,"National Highway 8, Gujarat",India,23.596666,73.183592,True
GS,GODHANESHWAR,Gujarat,WR,"Bagodara Dholka Link Rd, Gujarat",India,22.68118,72.36834,True
GLH,Gulaothi,Uttar Pradesh,NR,"Gulaothi, Uttar Pradesh",India,28.582962,77.801799,True
HNB,Hasanabad,West Bengal,ER,"Taki, West Bengal",India,22.570155,88.912953,True
PUA,PULLA,,,,India,16.809911,81.324846,False
KKRM,KAIKORAM,,,,India,16.815341,81.36421899999999,False
JER,JALESWAR,,,,India,21.79749,87.22049100000001,False
FYZ,FAIZULLAPUR,,,,India,25.869213,80.893347,False
ED,ERODE JN,,,,India,11.327682,77.72593400000001,False
HR,Harpalu,Rajasthan,NWR,"Bahal, Rajasthan",India,28.569053803099997,75.4910470972,True
RUB,RASULABAD,,,,India,25.826999,80.977088,False
SNIE,SATH NARAINI,,,,India,25.795325,81.03942,False
DUR,DESUR,Karnataka,SWR,"Desur, Karnataka",India,15.754344,74.49801,True
CNC,CHINCHLI,Karnataka,SWR,"Belagavi, Karnataka",India,16.571696999999997,74.855323,True
MTB,MATLABPUR,,,,India,28.989821,78.656727,False
KNT,KANTH,,,,India,29.059768000000002,78.621471,False
MWE,MEWA NAWADA,,,,India,29.118385,78.613167,False
SEO,SEOHARA,,,,India,29.204807000000002,78.580977,False
CAJ,CHAKRAJ MAL,,,,India,29.249784000000002,78.536047,False
DPR,DHAMPUR,,,,India,29.305446,78.501588,False
HBW,HABIBWALA,,,,India,29.349034,78.47897300000001,False
GKD,GADHAKDA,Gujarat,WR,"Gadhakada Rd, Gujarat",India,21.237962,71.38171899999999,True
PNI,PURAINI,,,,India,29.388929,78.445574,False
NGG,NAGINA,,,,India,29.437919,78.424119,False
BEK,BUNDKI,,,,India,29.522577000000002,78.3932854,False
GYN,GYANPUR ROAD,Uttar Pradesh,NER,"Bhadohi District, Uttar Pradesh",India,25.280144010999997,82.4272883557,True
MSDR,MURSHADPUR,,,,India,29.57239523,78.3756456903,False
NBD,NAJIBABAD JN,,,,India,29.603540000000002,78.335733,False
FZL,FAZALPUR,,,,India,29.5937410175,78.27795372130001,False
CNK,CHANDOK,,,,India,29.576786,78.152782,False
BLW,BALAWALI,,,,India,29.6274345,78.1124328,False
RSI,RAISI,,,,India,29.6928321018,78.0664335504,False
AAR,ADESAR,Gujarat,WR,"Dist. Kachchh, Gujarat",India,23.552978399500002,70.9720505023,True
HRR,HARIHAR,Karnataka,SWR,"Harihar, Karnataka",India,14.515431,75.812314,True
GVA,Ganguwada,Andhra Pradesh,ECoR,"Ganguwada, Andhra Pradesh",India,18.66763705,84.1072235,True
GUX,Gurhi,Madhya Pradesh,SCR,"Khandwa, Madhya Pradesh",India,21.629554,76.58074500000001,True
HMH,HANUMANGARH JN,Rajasthan,NWR,"Hanumangarh, Rajasthan",India,29.614904,74.297633,True
AAM,Angadippuram,Kerala,SR,"Angadipuram, Kerala",India,10.979489000000001,76.20734300000001,True
PHR,PHILLAUR JN,,,,India,31.016907,75.78576100000001,False
LDW,LADHOWAL,,,,India,31.016957,75.78581100000001,False
LDH,LUDHIANA JN,,,,India,30.912367,75.84787299999999,False
BHOI,DHANDARIKALAN BLOCK HUT,,,,India,30.894741,75.87188,False
HKR,Kiwar Khed,Maharashtra,SCR,"State Highway 194, Maharashtra",India,21.186952,76.8767,True
DDL,DHANDARI KALAN,,,,India,30.874477,75.90949099999999,False
SNL,SANAHWAL,,,,India,30.837436,75.9795,False
DOA,DORAHA,,,,India,30.804137,76.04330300000001,False
JSPN,JASPALON,,,,India,30.7847375851,76.0801522656,False
CHA,CHAWAPALL,,,,India,30.7594625741,76.127464975,False
KNN,KHANNA,,,,India,30.707973,76.22513400000001,False
GVG,GOVINDGARH,,,,India,30.6694834261,76.2970739075,False
SIR,SIRHIND JN,,,,India,30.624222,76.383194,False
SDY,SADHOO GARH,,,,India,30.5828632034,76.44847259640001,False
SBJ,SARAI BANJARA,,,,India,30.538386,76.515682,False
RPJ,RAJPURA JN,,,,India,30.486458949,76.5940201901,False
SMU,SAMBHU,,,,India,30.4290274715,76.684143667,False
CDL,CHODIALA,,,,India,29.896397999999998,77.738546,False
IQB,IQBALPUR,,,,India,29.875114,77.803799,False
RK,ROORKEE,,,,India,29.851671,77.87417,False
DNRA,DHANDHERA,,,,India,29.8434029837,77.9019227979,False
DSNI,DAUSNI,,,,India,29.784745,77.979636,False
CPT,CHANNAPATNA,Karnataka,SWR,"Channapatna, Karnataka",India,12.659673000000002,77.203824,True
KGF,KATHGHAR,,,,India,28.826066,78.796689,False
DLP,DALPATPUR,,,,India,28.820438,78.87718699999999,False
MPH,MUNDHA PANDE,,,,India,28.800366999999998,78.939038,False
RMU,RAMPUR,,,,India,28.778862999999998,79.023419,False
SAR,SHAHZAD NAGAR,,,,India,28.750033000000002,79.05214699999999,False
DAM,DHAMORA,,,,India,28.707129000000002,79.087745,False
AABH,AMBIKA BHAWANI HALT,,,,India,25.751433665,84.9690033484,False
DGA,DIGHWARA,,,,India,25.743938,85.003168,False
STLR,SITALPUR,,,,India,25.768739999999998,85.03663800000001,False
JDR,JIWDHARA,Bihar,ECR,"Jiwdhara, Bihar",India,26.581722,84.906874,True
AWP,AGHWANPUR,,,,India,28.939542,78.702865,False
KIA,KHARI AMRAPUR,Gujarat,WR,"State Highway 237, Gujarat",India,23.390711,72.913948,True
IMR,IBRAHIMPUR,Karnataka,SWR,"Bijapur, Karnataka",India,16.802926,75.719362,True
JND,JUNAGADH JN,Gujarat,WR,"Junagadh, Gujarat",India,21.530606,70.457612,True
JA,JALIYA,Gujarat,WR,"Ranuja Village Rd, Gujarat",India,21.8163569109,71.6324910046,True
IDP,INDUPALLI,Andhra Pradesh,SCR,"Krishna, Andhra Pradesh",India,16.479094,80.87706899999999,True
DBL,DODBELE,Karnataka,SWR,"National Highway 4, Karnataka",India,13.216441000000001,77.351193,True
KVD,KHURMABAD ROAD,,,,India,25.021489000000003,83.848303,False
JBO,Jamadobu,Jharkhand,SER,"Jharia, Jharkhand",India,23.715138999999997,86.410031,True
KTQ,KUDRA,,,,India,25.048552,83.79337100000001,False
PSE,PUSAULI,,,,India,25.097235,83.72151,False
STPT,SITAMPET,,,,India,16.797409,81.211206,False
JHBN,JHAMATPUR BAHARAN,West Bengal,ER,"Goai, West Bengal",India,23.749987,88.098669,True
UBC,AMBALA CITY,,,,India,30.378497,76.763996,False
JIT,JIRAT,West Bengal,ER,"Jirat, West Bengal",India,23.098255,88.461461,True
BMD,BHIMADOLU,,,,India,16.80848173,81.26109679,False
JDD,Jerthi Dadhia,Rajasthan,NWR,"MDR 87, Rajasthan",India,27.731618001396782,75.2010774705559,True
LXD,LAKSHANNATH ROAD,,,,India,21.842011,87.25095300000001,False
JGJN,JUGIJAN,Assam,NFR,"National Highway 36, Assam",India,26.028001,92.81771,True
JMI,JAMGURI,Assam,NFR,"National Highway 39, Assam",India,26.3877071452,93.9604479663,True
CSM,CANSAULIM,Goa,SWR,"Arossim Beach Rd, Goa",India,15.344532000000001,73.897226,True
BPW,BURHPURA,,,,India,25.211179,78.42955,False
IDM,Indemau,Uttar Pradesh,NR,"Indemau, Uttar Pradesh",India,26.318344,80.767021,True
KSR,KASTURI,,,,India,27.139983,81.728838,False
MIR,MAIJAPUR,,,,India,27.141734,81.773788,False
JNO,Junnor Deo,Madhya Pradesh,CR,"Dongar Parasia, Madhya Pradesh",India,22.191279,78.592052,True
GDK,GONDA KACHAHRI,,,,India,27.1402272205,81.93402688110001,False
BRCK,BARUACHAK,,,,India,27.122672,82.055181,False
JOL,Jogal,Odisha,,"Jogal, Orissa",India,21.696442,86.88271399999999,True
ICL,Ichauli,Uttar Pradesh,NCR,"Maudaha, Uttar Pradesh",India,25.520955,80.178833,True
MOTG,MOTIGANJ,,,,India,27.101387,82.103635,False
JLHI,JHILAHI,,,,India,27.072604043299997,82.17287785639999,False
KAU,Kachna,West Bengal,NFR,"National Highway 34, West Bengal",India,25.6337383216,88.0246425354,True
BBHL,Bela Bela,,,,India,26.137192374999998,81.2487596802,False
JOA,JANWAL,Maharashtra,SCR,"Latur, Maharashtra",India,18.559639999999998,76.75514700000001,True
JADR,Jadar,Gujarat,WR,"State Highway 9, Gujarat",India,23.745814000000003,72.952369,True
JJW,Jojwa,Gujarat,WR,"Vadodara, Gujarat",India,22.253213000000002,73.642431,True
MUR,MANKAPUR JN,,,,India,27.039058,82.227648,False
LKNR,LAKHPAT NAGAR,,,,India,27.0276257858,82.2775887885,False
MSW,MASKANWA,,,,India,27.0013792301,82.3597396039,False
ANU,ANANGUR,,,,India,11.396939999999999,77.820053,False
POE,Pawapuri Road Halt,,,,India,25.160225,85.512918,False
SNC,S NARAYAN CHPLA,,,,India,26.9810021017,82.3961659851,False
HSB,Hasanbazar Halt,Bihar,ECR,"Hasan Bazar, Bihar",India,25.2665823122,84.34929577759999,True
BNGY,BAHMAN JYOTIA,,,,India,26.9662637829,82.4273550012,False
PATI,PARSA TEWARI,,,,India,26.95565,82.45215499999999,False
JI,JHUSI,Uttar Pradesh,NER,"NH 2, Uttar Pradesh",India,25.431145,81.91664399999999,True
GOVR,GOVINDNAGAR,,,,India,26.864223000000003,82.707468,False
BST,BASTI,,,,India,26.815678,82.77005899999999,False
ORW,ORWARA,,,,India,26.802388999999998,82.83031100000001,False
CRV,CHUREB,,,,India,26.782155,82.97763599999999,False
MOW,MANANWALA,,,,India,31.612827000000003,74.96656200000001,False
JNL,JANDIALA,,,,India,31.589979,75.05441200000001,False
TRA,TANGRA,,,,India,31.576425999999998,75.107232,False
JSH,Jaswantgarh,Rajasthan,NWR,"Sujangarh, Rajasthan",India,27.668988,74.44396800000001,True
BTR,BUTARI,,,,India,31.556444,75.183274,False
BBKR,BABA BAKALARAYA,,,,India,31.541835000000003,75.238827,False
BEAS,BEAS,,,,India,31.5193738,75.2908085,False
DIW,DHILWAN,,,,India,31.498953,75.335011,False
RYM,RAMIDI HALT,,,,India,31.4659508779,75.4078429907,False
JKI,Kauriaa Jungle,Uttar Pradesh,,"National Highway 29, Uttar Pradesh",India,26.881072,83.29979800000001,True
HMR,HAMIRA,,,,India,31.45628,75.432702,False
KRE,KARTARPUR,,,,India,31.432388,75.492544,False
SRX,SURA NUSSI,,,,India,31.380553,75.541964,False
POM,Punthottam,,,,India,10.93262802,79.65731229,False
LOHA,Loha,Rajasthan,NWR,"Ratangarh, Rajasthan",India,28.006921,74.619424,True
BBSL,BABA SODHAL NAGAR,,,,India,31.3530203474,75.5648681348,False
JUC,JALANDHAR CITY,,,,India,31.331665,75.591499,False
KBA,Kurabalakota,Andhra Pradesh,SCR,"Kurabalakota Railway Station, Andhra Pradesh",India,13.666284000000001,78.48584299999999,True
JRC,JALANDHAR CANT,,,,India,31.306235,75.63210600000001,False
ABE,Ambikeshwar,Madhya Pradesh,NCR,"State Highway 2, Madhya Pradesh",India,26.368567,77.963828,True
CEU,CHIHERU,,,,India,31.262694745,75.70669127869999,False
MLIH,MAULI HALT,,,,India,31.175,75.769234,False
MAUL,MAULA ALI,,,,India,31.17531,75.769544,False
GRY,GORAYA,,,,India,31.129722,75.77419300000001,False
JTO,Jutogh,Himachal Pradesh,NR,"Shimla, Himachal Pradesh",India,31.100734,77.122043,True
JPS,Jamalpur Shaikhan,Punjab,,"MDR 101, Punjab",India,29.699949,75.857438,True
BTTN,BHATIAN,,,,India,31.071444,75.780007,False
PPDA,PANCHPATIA DEORIA HALT,,,,India,25.768730655699997,84.9361293799,False
KHBV,KHARBAO,Maharashtra,CR,"Thane, Maharashtra",India,19.297247,72.983444,True
KEV,KELA DEVI,Rajasthan,WCR,"Bharatpur, Rajasthan",India,27.015612,77.329069,True
KDE,KORADACHERI,Tamil Nadu,SR,"Koradacheri, Tamil Nadu",India,10.771022,79.49003499999999,True
SHGN,SHRI GHASINAGAR,,,,India,27.086514837299998,76.6268054126,False
QGT,KOLAGHAT,,,,India,22.434330919300002,87.879653656,False
BW,BIWAI,,,,India,27.110623039700002,76.6960924713,False
KHM,KUSMHI,,,,India,26.72824,83.453837,False
NYN,NAINI,,,,India,25.393138,81.86004199999999,False
CTHR,CHITAHRA,Madhya Pradesh,WCR,"MDR 11, Madhya Pradesh",India,24.862627000000003,80.842854,True
STA,SATNA,Madhya Pradesh,WCR,"Satna, Madhya Pradesh",India,24.568619,80.827717,True
KALS,KALAS HALT,Karnataka,SWR,"State Highway 6, Karnataka",India,15.08644671,75.3899776996,True
KLPM,KAILASAPURAM,Tamil Nadu,SR,"Thattaparai, Tamil Nadu",India,8.847387005,77.9946102,True
KHNP,Khanapur Deccan,Karnataka,SCR,"State Highway 4, Karnataka",India,17.942175,77.382161,True
KBSH,Krishna Ballabh,Jharkhand,ER,"Giridih, Jharkhand",India,24.255819,86.482965,True
KEMA,KUKMA,Gujarat,WR,"Kutch, Gujarat",India,23.217031,69.766265,True
KKDI,Karaikkudi Junction,Tamil Nadu,SR,"Ariyakudi Road, Tamil Nadu",India,10.068518,78.79331499999999,True
JXN,JIRONA,Maharashtra,,"Nanded, Maharashtra",India,19.407451000000002,77.95139499999999,True
KJZ,KARONJI,Chhattisgarh,SECR,"Devipur, Chhattisgarh",India,23.282475,82.923013,True
KDZ,Kandaghat,Himachal Pradesh,NR,"Kandhaghat, Himachal Pradesh",India,30.965544,77.106996,True
NPB,Nagapattinam Beach,Tamil Nadu,SR,"Nagapattinam, Tamil Nadu",India,10.764487,79.848443,True
MNU,MUNDIKOTA,,,,India,21.372513,79.834833,False
JWN,Jiwa Arain,Punjab,NR,"State Highway 20, Punjab",India,30.673761,74.355654,True
KWN,KACHEWANI,,,,India,21.430310000000002,79.981657,False
AGN,AMGAON,,,,India,21.361292855400002,80.3746491022,False
LNMA,LNMA,,,,India,,,False
DURG,DURG,,,,India,21.200326999999998,81.291837,False
KPNA,KAPAN,,,,India,22.026018,82.494827,False
KDTR,KIRODIMALNAGAR,,,,India,21.926994,83.33250699999999,False
MTGE,MUTHANI,,,,India,25.173236999999997,83.61914300000001,False
SPF,STUARTPURAM,,,,India,15.868003,80.406913,False
EE,ELURU,,,,India,16.717816,81.11976200000001,False
DEL,DENDULURU,,,,India,16.781406,81.18047200000001,False
AGV,ANGUA,,,,India,21.892581999999997,87.26992299999999,False
DNT,DANTAN,,,,India,21.930376,87.284055,False
KHTN,Khutauna,Bihar,ECR,"Khutuana, Bihar",India,26.494365000000002,86.397414,True
BBU,BHABUA ROAD,,,,India,25.173007,83.618913,False
KJC,Kasganj City,Uttar Pradesh,NER,"State Highway 33, Uttar Pradesh",India,27.814972,78.658063,True
DGO,DURGAUTI,,,,India,25.207897000000003,83.539684,False
MVPM,MAVELIPALAIYAM,,,,India,11.4809140096,77.89921204650001,False
SGE,SANKARIDURG,,,,India,11.445732,77.870439,False
DCX,DHANICHHA,,,,India,25.2271654039,83.4908372314,False
KID,KHAIRAR JN,Uttar Pradesh,NCR,"NH-76 Banda(05192-224813), Uttar Pradesh",India,25.451955,80.236073,True
KHOH,KHOH,Uttar Pradesh,NCR,"National Highway 76, Uttar Pradesh",India,25.209491000000003,80.979976,True
KLI,Kauli,Punjab,NR,"National Highway 64, Punjab",India,30.418387999999997,76.51987899999999,True
KLAR,KULPAHAR,Uttar Pradesh,NCR,"Kulpahar, Uttar Pradesh",India,25.29552,79.63751,True
KMS,KARAMNASA,,,,India,25.239738,83.430892,False
KHBJ,KHANNA BANJARI,Madhya Pradesh,WCR,"State Highway 11, Madhya Pradesh",India,23.897087,80.822716,True
SYJ,SAIDRAJA,,,,India,25.253531,83.35118,False
GAQ,GANJ KHAWAJA,,,,India,25.273922000000002,83.18436299999999,False
FOCM,FLYOVER CABIN MUGHALSARAI,,,,India,25.289358999999997,83.172391,False
KCT,Kirakat,Uttar Pradesh,NER,"Jaunpur, Uttar Pradesh",India,25.645355,82.924798,True
KLD,KHALILABAD,,,,India,26.77453,83.055073,False
MHH,MAGHAR,,,,India,26.750013,83.133741,False
SIPR,SIHAPAR,,,,India,26.757903231,83.16487227660001,False
SWA,SAHJANWA,,,,India,26.763075,83.2147,False
MWH,MALWAN,,,,India,26.017246,80.685594,False
JTB,JAGATBELA,,,,India,26.772224,83.278505,False
KJS,Krishnarajasagar,Karnataka,SWR,"Mandya District, Karnataka",India,12.401425999999999,76.56702899999999,True
KLK,Kalka,Haryana,NR,"Kalka, Haryana",India,30.837667,76.931759,True
PNS,PILLAMSHAT,,,,India,,,False
KKS,KURASTI KALAN,,,,India,25.955085,80.752455,False
FTP,FATEHPUR,,,,India,25.917489,80.801869,False
DMG,DOMINGARH,,,,India,26.765251,83.341993,False
BTK,BANKATA,,,,India,26.265917,84.09492,False
KKL,KALA BAKRA,Punjab,NR,"Dhogri Rd, Punjab",India,31.4751812122,75.63034779659999,True
BAGL,BARAGOPAL,,,,India,25.765088,84.906765,False
ATNR,AWATAR NAGAR,,,,India,25.764395999999998,84.956774,False
KHKT,KHOTKHOTI,Assam,NFR,"Golaghat Rd, Assam",India,25.952482999999997,93.754761,True
ARI,ANTRI,,,,India,26.0352337224,78.2266994458,False
KDPS,KADIPUR SANI HA,Uttar Pradesh,NER,"Kadipur Sani, Uttar Pradesh",India,27.862753,80.779037,True
KITN,KHIRI TOWN,Uttar Pradesh,NER,"Kheri, Uttar Pradesh",India,27.902943999999998,80.788481,True
MNF,MANDA ROAD,,,,India,25.162718,82.236678,False
MZP,MIRZAPUR,,,,India,25.13435,82.56986900000001,False
JHG,JHINGURA,,,,India,25.124474674400002,82.6513464526,False
PRE,PAHARA,,,,India,25.1197842638,82.7247816913,False
DAP,DAGMAGPUR,,,,India,25.098881000000002,82.800991,False
CAR,CHUNAR,,,,India,25.103351,82.874703,False
KYT,KAILAHAT,,,,India,25.155223,82.947581,False
ARW,AHRAURA ROAD,,,,India,25.1965007241,83.0188834607,False
JEP,JEONATHPUR,,,,India,25.2313981241,83.0618954504,False
NEWC,NEW WEST CABIN,,,,India,25.273789999999998,83.10921,False
PRKD,POWERKHEDA,,,,India,22.673479,77.747363,False
ITKL,ITAYAKALAN,,,,India,23.049837,77.5462,False
KOZ,KOSMA,Uttar Pradesh,NCR,"Kosma, Uttar Pradesh",India,27.156663,78.837282,True
MDDP,MANDI DIP,,,,India,23.093747,77.511077,False
KTM,KUTRALAM,Tamil Nadu,SR,"Kuthalam, Tamil Nadu",India,11.069825000000002,79.557389,True
NGN,NANDGAON,,,,India,20.307616,74.659526,False
KTX,KATAKHAL JN,Assam,NFR,"Hailakandi, Assam",India,24.83436,92.62706700000001,True
KRBA,Korba,Chhattisgarh,SECR,"Korba, Chhattisgarh",India,22.337584,82.71301299999999,True
ET,ITARSI JN,,,,India,22.608258,77.767128,False
KSAR,KUDALA SANGAM,Karnataka,SWR,"NH 13, Karnataka",India,16.306774,75.891059,True
KIAT,KYATSANDRA,Karnataka,SWR,"Tumkur, Karnataka",India,13.3161963923,77.1481127075,True
KSPR,KASHIPURA SARAR,,,,India,22.120085999999997,73.145838,False
CNT,CONTAI ROAD,,,,India,22.078584,87.33984000000001,False
KRMD,Kuarmunda,Odisha,SER,"Sundargarh, Orissa",India,22.286675000000002,84.789851,True
GEA,GHATERA,,,,India,23.8293873,79.6733909,False
KQD,KHAIRATABAD DCN,Andhra Pradesh,SCR,"Hyderabad, Andhra Pradesh",India,17.414221,78.46165,True
MHUL,Mehuwala Halt,,,,India,29.411154,75.31496800000001,False
ORKI,ORKI,Rajasthan,NR,"National Highway 15, Rajasthan",India,30.091597,73.891318,True
HYA,HADIAYA,Punjab,NR,"Khudi Rd, Punjab",India,30.337054,75.477006,True
MLQ,Malkera Junction,Jharkhand,SER,"National Highway 32, Jharkhand",India,23.779733,86.29694900000001,True
KOHR,Kohir Deccan,Andhra Pradesh,SCR,"Telangana Region, Andhra Pradesh",India,17.608886,77.71197699999999,True
HMQ,HIMMATPURA,Haryana,NR,"Tohana, Haryana",India,29.750497,75.860597,True
NBKH,NABA GRAM KANKU,West Bengal,ER,"Nabagram Kakurhati, West Bengal",India,23.661572,88.10026,True
ABKA,AMBIKA KALNA,West Bengal,ER,"Kalna, West Bengal",India,23.211377,88.353984,True
KMAE,KHAMARGACHHI,West Bengal,ER,"Khamargachi, West Bengal",India,23.054229,88.44421,True
IPPM,IPURUPALEM,,,,India,15.851913000000001,80.38512200000001,False
KNNK,Kanina Khas,Haryana,NWR,"MDR 124, Haryana",India,28.321248999999998,76.300375,True
NZD,NUZVID,,,,India,16.649931,80.96152799999999,False
KNH,Konch,Uttar Pradesh,NCR,"Kocha, Uttar Pradesh",India,25.99510551,79.15770702,True
VAT,VATLUR,,,,India,16.69451,81.044473,False
HOJ,HAMITONGANJ,West Bengal,NFR,"Hamiltonganj, West Bengal",India,26.688907,89.416841,True
IPRA,IPRA,,,,India,,,False
KMKD,KHAMKHED,,,,India,20.904161000000002,76.122339,False
NSI,NIKURSINI,,,,India,22.004654000000002,87.30618600000001,False
KTKL,KOTLI KALAN,Punjab,NR,"State Highway 12A, Punjab",India,30.0411022365,75.297550556,True
JSRD,Jhankad Sarala Road,Odisha,,"Jhankad, Orissa",India,20.290186,86.304284,True
DPT,Dalpat Singhpur,,,,India,29.929458,73.524416,False
BLDA,BELDA,,,,India,22.07144398,87.33691374,False
MAKR,MALKHERI,,,,India,24.169924,78.223009,False
DC,MAGUDANCHAVADI,,,,India,11.55092,77.987264,False
BJQ,BAGHORA,,,,India,24.1358767,78.2603362,False
KYE,KHURAI,,,,India,24.051525,78.33112799999999,False
SMRR,SUMRERI,,,,India,24.006945,78.399411,False
KOY,KHEROL,Gujarat,WR,"State Highway 237, Gujarat",India,23.310434,72.934133,True
JLM,JALIYA MATH,Gujarat,WR,"State Highway 68, Gujarat",India,23.227583000000003,72.877596,True
JRK,JERUWA KHERA,,,,India,23.973744999999997,78.478729,False
CV,KAVERI,,,,India,11.351027,77.760945,False
ISH,ISARWARA,,,,India,23.927214,78.548987,False
CPMR,CPMR,,,,India,,,False
NOI,NARIAOLI,,,,India,23.89567,78.604147,False
KSI,Kosli,Haryana,NWR,"Tumna Rd, Haryana",India,28.411947,76.464704,True
RTZ,RATONA,,,,India,23.83539,78.685372,False
SGO,SAUGOR,,,,India,23.84735,78.74292,False
KUV,Kundara,Kerala,SR,"Kundara, Kerala",India,8.960373,76.67854899999999,True
DEC,DELHI CANTT,Delhi,NR,"Mayapuri Industrial Area Phase II/Lajwanti Garden, Delhi NCT",India,28.613534,77.116577,True
MKRN,MAKRONIA,,,,India,23.867050000000003,78.80807700000001,False
LDA,LIDHORA KHURD,,,,India,23.852972,78.87232300000001,False
KYX,KARHIYA BHADELI,,,,India,23.858463999999998,79.50456299999999,False
GTY,GOLA PATI,,,,India,23.798776,79.738652,False
SAO,SAGONI,,,,India,23.811896152499997,79.8114389709,False
SYA,SALAIA,,,,India,23.8460764217,79.96911659119999,False
KMLR,Kamalur,Chhattisgarh,ECoR,"Kamalur, Chhattisgarh",India,18.854521000000002,81.276887,True
MJGP,MAJHGAWAN PHATA,,,,India,23.883133289299998,80.3474740967,False
KMZ,KATNI MURWARA,,,,India,23.8343563,80.4014844,False
KNPS,Kendposi,Jharkhand,SER,"National Highway 75, Jharkhand",India,22.294845000000002,85.73248199999999,True
BKO,BINDKI ROAD,,,,India,26.116562000000002,80.580557,False
KSQ,KANSPUR GUGAULI,,,,India,26.074302,80.625838,False
NGTN,NAGOTHANE,Maharashtra,CR,"Raigad, Maharashtra",India,18.539932,73.14076899999999,True
KNF,Khanudih,Jharkhand,SER,"Bokaro, Jharkhand",India,23.820217999999997,86.19215700000001,True
AGD,AGASOD,,,,India,24.234023,78.216912,False
KOA,KARONDA,,,,India,24.330273,78.265477,False
MXS,MOHASA,,,,India,24.378687,78.2889,False
KORI,Khori,Haryana,NWR,"State Highway 26, Haryana",India,28.187268,76.498091,True
DUA,DHAURA,,,,India,24.44965,78.321791,False
JLN,JAKHALAUN,,,,India,24.547359,78.341911,False
JRO,JIRON,,,,India,24.608534000000002,78.361937,False
LAR,LALITPUR,,,,India,24.688222,78.395791,False
DWA,DAILWARA,,,,India,24.78059,78.392945,False
JHA,JAKHAURA,,,,India,24.870821,78.400513,False
GKB,GHATAKA VARANA,,,,India,25.506883,76.160353,False
LRD,LAR ROAD,Uttar Pradesh,NER,"Deoria, Uttar Pradesh",India,26.21389,83.91018299999999,True
LHM,LEHRA MUHABBAT,Punjab,NR,"National Highway 64, Punjab",India,30.236037,75.162817,True
JL,JALGAON JN,,,,India,21.018114999999998,75.56287499999999,False
ARE,ARNETHA,,,,India,25.3897784806,76.01867416990001,False
LBG,LIMBGAON,Maharashtra,SCR,"Huzur Sahib Nanded, Maharashtra",India,19.176458097999998,77.2061342529,True
KPTN,KESHORAI PATAN,,,,India,25.324522,75.937733,False
GNCN,GURLA N CABIN,,,,India,25.2972303873,75.9046559998,False
HPR,HIRAPUR,,,,India,20.424540226700003,74.9366600031,False
GQLN,GURLA N,,,,India,25.2936031538,75.90029863459999,False
MASK,MAISAR KHANA,Punjab,NR,"State Highway 12A, Punjab",India,30.099805,75.13917000000001,True
LKBL,LAKHABAWAL,Gujarat,WR,"Jamnagar, Gujarat",India,22.409215,69.99951399999999,True
GQLW,GURLA W,,,,India,25.2903301845,75.8848308038,False
KZY,Kayalpattinam,Tamil Nadu,SR,"Arumuganeri, Tamil Nadu",India,8.566912,78.09973,True
GQL,GURLA,,,,India,25.270233,75.88526800000001,False
SNJL,SANJALI,,,,India,21.5758091157,72.98861337459999,False
DDYX,DDYX,,,,India,,,False
KURO,Korari,Uttar Pradesh,NR,"State Highway 38, Uttar Pradesh",India,26.48788,80.529002,True
KSB,KOSAMBA JN,,,,India,21.464052,72.95459799999999,False
KCCN,KCCN,,,,India,25.239081,75.879265,False
MNVL,MNVL,,,,India,,,False
KMNP,Kishan Manpura,Rajasthan,NWR,"State Highway 19, Rajasthan",India,27.299546000000003,75.504945,True
STN,SITARAMPUR,,,,India,23.723864,86.896472,False
TNW,THAPAR NAGAR,,,,India,23.769198,86.70137,False
MAI,MEHSI,Bihar,ECR,"Mehsi, Bihar",India,26.354898000000002,85.096319,True
LMT,ALMATTI,Karnataka,SWR,"Bijapur, Karnataka",India,16.3459,75.90050000000001,True
KXK,Kharkhauda,Uttar Pradesh,NR,"State Highway 18, Uttar Pradesh",India,28.833444999999998,77.73904300000001,True
LKDU,Lankalakoderu,Andhra Pradesh,SCR,"Lankala Koderu, Andhra Pradesh",India,16.534517,81.68124399999999,True
ABKP,AMBIKAPUR,Chhattisgarh,SECR,"Surguja, Chhattisgarh",India,23.137032,83.14510899999999,True
LM,LIMBDI,Gujarat,WR,"Limbdi, Gujarat",India,22.566039999999997,71.789599,True
LGO,LalgopalGanj,Uttar Pradesh,NR,"Lal Gopalganj, Uttar Pradesh",India,25.642195,81.630185,True
CI,CHHAPRA KACHERI,,,,India,25.785987000000002,84.74709499999999,False
GJH,GOLDINGANJ,,,,India,25.754174,84.827254,False
KGWD,KAGWAD,,,,India,,,False
LAP,Lohapur,West Bengal,ER,"Sagardighi Railway Station, West Bengal",India,24.302357,87.963719,True
JAQ,JANDRAPETA,,,,India,15.809517,80.333681,False
CLX,CHIRALA,,,,India,15.830755,80.353602,False
VRVL,VIRAVALLI,,,,India,16.615947,80.912201,False
KUP,KUP,Punjab,NR,"Kup Khurd, Punjab",India,30.6007316295,75.852845957,True
CRWL,CHAK RAKHWAL,,,,India,,,False
LLJ,LalGanj,Uttar Pradesh,NR,"Lalganj, Uttar Pradesh",India,26.172392000000002,80.973175,True
CKB,CHAUTH KA BARWARA,,,,India,26.051333,76.14905300000001,False
CRKR,CHAURAKHERI,Rajasthan,WCR,"Chaurakher, Rajasthan",India,24.567234000000003,77.12201900000001,True
DXD,DIGOD,Rajasthan,WCR,"Kota, Rajasthan",India,25.196344,76.01539600000001,True
KJME,KAJORAGRAM,West Bengal,ER,"Near Andal, West Bengal",India,23.615327,87.18466500000001,True
MAE,Matheran,Maharashtra,CR,"Matheran, Maharashtra",India,18.989244,73.270911,True
MADA,Maonda,Rajasthan,NWR,"State Highway 13, Rajasthan",India,27.809478,75.827673,True
VRPD,VIRAPANDY ROAD,,,,India,11.59699,78.07458100000001,False
KBN,KARBIGWAN,,,,India,26.200502,80.502629,False
AUNG,AUNG,,,,India,26.16423,80.544495,False
LNN,LONAND,Maharashtra,CR,"Jn Point Daund /Miraj /Pune, Maharashtra",India,18.040769,74.190477,True
SLV,SANDALPUR,,,,India,26.113488,78.19639500000001,False
STLI,SITHOULI,,,,India,26.145594,78.18700399999999,False
GWL,GWALIOR JN,,,,India,26.216483,78.18229199999999,False
RRU,RAYARU,,,,India,26.307454,78.12986400000001,False
BAO,BANMOR,,,,India,26.355565,78.0989272,False
KXA,Kuanriya,Rajasthan,NWR,"State Highway 12, Rajasthan",India,25.130668,74.000153,True
NUB,NURABAD,,,,India,26.406043999999998,78.078092,False
SANK,SANK,,,,India,26.430519999999998,78.059751,False
MRA,MORENA,,,,India,26.500504,78.003442,False
HET,HETAMPUR,,,,India,26.611148,77.942969,False
GHER,GHER,,,,India,26.666953,77.950981,False
DHO,DHAULPUR,,,,India,26.697592,77.90604900000001,False
KZB,Kurumbur,Tamil Nadu,SR,"Thoothukudi, Tamil Nadu",India,8.585754999999999,78.03964,True
NCU,Nallacheruvu,Andhra Pradesh,SCR,"Chennai - Anantpur Rd, Andhra Pradesh",India,14.020565,78.17773399999999,True
MIA,MANIA,,,,India,26.805806,77.91964999999999,False
JJ,JAJAU,,,,India,26.934561,77.936725,False
BFP,BILOCHPURA AGRA,,,,India,27.202619000000002,77.987169,False
LWS,LUKWASA,Madhya Pradesh,WCR,"Lukwasa, Madhya Pradesh",India,25.110195,77.590102,True
RNKA,RUNKUTA,,,,India,27.22285,77.89793499999999,False
TKEC,TUGLAKABAD EAST CABIN,,,,India,28.547701,77.276461,False
MALA,MALA,Uttar Pradesh,NER,"Pilibhit, Uttar Pradesh",India,28.592851,79.916972,True
MBO,Mairabari,Assam,NFR,"Nagaon, Assam",India,26.450839000000002,92.421058,True
MAA,MAVAL,Rajasthan,NWR,"National Highway 14, Rajasthan",India,24.432277,72.70044,True
KWI,KIVARLI,Rajasthan,NWR,"Shri Amirgadh, Rajasthan",India,24.5405071601,72.8424186963,True
SLBN,SALAI BANWA,,,,India,24.421213361299998,83.00889543950001,False
DIWR,DIWR,,,,India,,,False
CUKI,CUKI,,,,India,,,False
NKJ,NEW KATNI JN,,,,India,23.8136370394,80.4204539438,False
MMM,MANDAPAM,Tamil Nadu,SR,"National Highway 49, Tamil Nadu",India,9.280516,79.157354,True
MJHL,MAJADA HALT,Uttar Pradesh,NR,"Majada Halt, Uttar Pradesh",India,28.461762,78.74320900000001,True
MLMG,MALLEMADUGU,Andhra Pradesh,SCR,"Khammam, Andhra Pradesh",India,17.3251381906,80.1605882117,True
RTGN,RATANGAON,,,,India,23.8365760851,79.8925106329,False
PTHD,PATOHAN,,,,India,23.914016508499998,80.1904672913,False
MLSU,MALSAILU,Maharashtra,SCR,"Hingoli, Maharashtra",India,19.8680489165,77.1232376385,True
ABS,ABOHAR,Punjab,NR,"Abohar, Punjab",India,30.1393834225,74.19568617739999,True
MONJ,MONGLAJHORA,Assam,NFR,"Dhubri Kochugaon Rd, Assam",India,26.259236,89.963309,True
MHO,MAHPUR,Uttar Pradesh,NER,"Mahpur Bhimapar Marg, Uttar Pradesh",India,25.605166,83.246984,True
GSPR,GOSALPUR,Madhya Pradesh,WCR,"Jabalpur, Madhya Pradesh",India,23.381806,80.059225,True
MML,MADAN MAHAL,Madhya Pradesh,WCR,"Jabalpur, Madhya Pradesh",India,23.159475,79.920425,True
MLP,MALLAPUR,Karnataka,SWR,"State Highway 30, Karnataka",India,15.672447,75.610219,True
ABW,Abutara Halt,West Bengal,NFR,"Dinhata, West Bengal",India,26.0707762,89.5868746,True
VGL,VAGHLI,,,,India,20.522648999999998,75.074337,False
MGB,Mudigubba,Andhra Pradesh,SCR,"Mudigubba, Andhra Pradesh",India,14.349934000000001,77.994996,True
MKSR,Mokalsar,Rajasthan,NWR,"Mokalsar, Rajasthan",India,25.625350216,72.5180445245,True
MYK,MAYAKONDA,Karnataka,SWR,"State Highway 47, Karnataka",India,14.284214,76.08138100000001,True
DKZ,DELHI KISHANGANJ,Delhi,NR,"Sarai Rohilla, Delhi NCT",India,28.664731999999997,77.201256,True
MORA,MORAIYA,Gujarat,WR,"National Highway 8A, Gujarat",India,22.946834,72.454814,True
KRZ,KHARAWAR,Haryana,NR,"Kharawar, Haryana",India,28.83154,76.681044,True
MKDD,MUKUNDWADI HALT,Maharashtra,SCR,"Aurangabad, Maharashtra",India,19.859544,75.367553,True
ABX,AMBARI,Maharashtra,SCR,"Kinwat, Maharashtra",India,19.6893606972,78.2166847791,True
BQT,BAKTAR NAGAR,,,,India,23.589945,87.15689900000001,False
RNG,RANIGANJ,,,,India,23.602851,87.11698,False
NMC,NIMCHA,,,,India,23.626716,87.090288,False
KPK,KALIPAHARI,,,,India,23.6652,87.01593,False
ASNE,ASANSOL EAST,,,,India,23.686432,86.991176,False
ASN,ASANSOL JN,,,,India,23.691441,86.975152,False
BCQ,BARACHAK,,,,India,23.706726,86.92813299999999,False
MIAL,Milaoli,Madhya Pradesh,NCR,"National Highway 3, Madhya Pradesh",India,26.296423,78.120963,True
ZARP,ZARAP,Maharashtra,KR,"Sindhudurg, Maharashtra",India,15.94768,73.734105,True
MGI,Manigachi,Bihar,ECR,"Darbhanga, Bihar",India,26.213719,86.146605,True
MHN,Mahanadi,West Bengal,NFR,"Pankhabari Rd, West Bengal",India,26.882301000000002,88.318628,True
MKRD,Machhakunda,Odisha,ECoR,"Padwa Rd, Orissa",India,18.566875,82.666955,True
MHI,Manihari,Bihar,NFR,"Manihari Railway Station, Bihar",India,25.343215469,87.6197250085,True
HLG,Hillgrove,Tamil Nadu,SR,"Nilgiris, Tamil Nadu",India,,,True
TOU,TELAPROLU,,,,India,16.598822000000002,80.890556,False
MDKD,MADHUKUNDA,West Bengal,SER,"Barakar, West Bengal",India,23.626630000000002,86.869091,True
PMPR,PAMPORE,,,,India,26.2451000771,80.4835424152,False
MRJ,MIRAJ JN,Maharashtra,CR,"Maniknagar Bypass, Maharashtra",India,16.819946,74.638839,True
BHA,BHANDAI,,,,India,27.06906445,77.96680748,False
MNWL,MANWAL,Jammu and Kashmir,NR,"Jandrah, Jammu and Kashmir",India,32.769105,75.13222499999999,True
AGC,AGRA CANTT,,,,India,27.157992,77.990153,False
RKM,RAJA KI MANDI,,,,India,27.193811,77.996613,False
KXM,KITHAM,,,,India,27.253709,77.817054,False
FHT,FARAH TOWN,,,,India,27.318183,77.75808599999999,False
MDVL,MANDAVALLI,Andhra Pradesh,SCR,"Mandavalli, Andhra Pradesh",India,16.518809308199998,81.1607440393,True
FAR,FARAH,,,,India,27.334474,77.743659,False
CPLE,CHINPAI,West Bengal,ER,"National Highway 60, West Bengal",India,23.839677000000002,87.46063699999999,True
BAD,BAAD,,,,India,27.3959406,77.68965184,False
VRBD,VRINDABAN ROAD,,,,India,27.555461,77.622835,False
AJH,AJHAI,,,,India,27.63615,77.55842299999999,False
CHJ,CHATA,,,,India,27.711992000000002,77.502978,False
KSV,KOSI KALAN,,,,India,27.788551,77.445999,False
BNCR,BANCHARI,,,,India,27.953084999999998,77.362553,False
MJNL,MAJRI NANGAL,Rajasthan,NWR,"State Highway 52, Rajasthan",India,28.011996999999997,76.554869,True
DSPT,DANISHPET,,,,India,11.858919162400001,78.1382563446,False
SHLK,SHOLAKA,,,,India,27.973644,77.360583,False
PWL,PALWAL,,,,India,28.151841,77.34223200000001,False
AST,ASAOTI,,,,India,28.250878,77.323569,False
PYLA,PIYALA BLOCK HUT,,,,India,28.288129,77.317824,False
BVH,BALLABGARH,,,,India,28.3408609239,77.312775968,False
TNT,TINNAPPATTI,,,,India,11.812422,78.09880299999999,False
KPPR,KARUPPUR,,,,India,11.724176,78.090379,False
FDN,FARIDABAD NEW TOWN,,,,India,28.376247999999997,77.30936799999999,False
TKDC,TUGLAKABAD CABIN,,,,India,28.458853,77.303032,False
TKD,TUGLAKABAD,,,,India,28.511962999999998,77.294046,False
MIN,Mihinpurwa,Uttar Pradesh,NER,"Mihinpurwa, Uttar Pradesh",India,28.0273441203,81.38446715209999,True
MME,Mul Marora,Maharashtra,SECR,"Mul, Maharashtra",India,20.053466,79.65827900000001,True
MDPB,MADHOPUR PUNJAB,Punjab,NR,"Madhopur, Punjab",India,32.359168000000004,75.594728,True
GILA,GHIALA,Punjab,NR,"MDR 42, Punjab",India,32.151615,75.64393899999999,True
MEX,MUKERIAN,Punjab,NR,"Mukerian, Punjab",India,31.941873,75.61183799999999,True
MLC,MALKISAR,Rajasthan,NWR,"Bikaner, Rajasthan",India,28.654232,73.862645,True
KVJ,KESHAVGANJ,Rajasthan,NWR,"Jawai Bandh, Rajasthan",India,24.856164,73.07132899999999,True
NEMA,Nema Halt,Bihar,,"National Highway 22, Bihar",India,25.409592285400002,85.0722485132,True
MV,MAYILADUTURAI JN,Tamil Nadu,SR,"Mayiladuthurai, Tamil Nadu",India,11.095237000000001,79.62868,True
NILE,NIMTITA,West Bengal,ER,"NH-34, West Bengal",India,24.625338,88.00764,True
BLRD,BALA ROAD,Gujarat,WR,"State Highway 19, Gujarat",India,22.80462,71.703754,True
MRTY,MURTI,Maharashtra,SCR,"State Highway 169, Maharashtra",India,18.681887,76.59157300000001,True
MCJ,MANJATTIDAL,Tamil Nadu,SR,"Mela Kalkandar Kottai Tiruchchirappalli 620011, Tamil Nadu",India,10.792057,78.731401,True
VG,VIRAMGAM JN,,,,India,23.129098,72.052968,False
RHNE,ROHINI,,,,India,20.3628714458,74.859800722,False
XSK,SOKALI,,,,India,23.1031879212,72.09033854249999,False
JKA,JAKHVADA,,,,India,23.0872076126,72.1353813153,False
VCN,VIROCHANNAGAR,,,,India,23.0784842293,72.1961836121,False
TGR2,BLOCK AND CATCH SIDING CABINE NO.2,,,,India,19.701406,73.499954,False
MZH,MAUHARI,Madhya Pradesh,SECR,"Amarkantak Rd, Madhya Pradesh",India,23.118661000000003,81.769465,True
MVD,MULVAD,Karnataka,SWR,"Bijapur, Karnataka",India,16.620372,75.746926,True
NDV,NIDVANDA,Karnataka,SWR,"NH 207, Karnataka",India,13.245141950999999,77.2731255127,True
CE,CHHARODI,,,,India,23.049123517599998,72.2509186072,False
MRHA,Murahara,Bihar,,"Murahara, Bihar",India,24.9133804384,86.9345261145,True
WSE,VASAN IYAWA,,,,India,23.026557611799998,72.3131250098,False
NANR,Naranpur,Odisha,ECoR,"Naranpur Railway Station, Orissa",India,21.617209,85.63786800000001,True
SPBK,SPBK,,,,India,,,False
SAU,SANAND,,,,India,23.024215821600002,72.3847494653,False
GGM,GORA GHUMA,,,,India,23.038847999999998,72.454405,False
ABD,AMBLI ROAD,,,,India,23.05437,72.494044,False
CLDY,CHANDLODIYA,,,,India,23.074516000000003,72.543606,False
NDH,Nindhar Benar,Rajasthan,NWR,"Benad Rd, Rajasthan",India,27.003881709799998,75.7290964111,True
KOTA,KOTA JN,,,,India,25.223553,75.8805,False
SBTF,SABARMATI F CABIN,,,,India,23.085912,72.57010600000001,False
MTH,MATAUNDH,Uttar Pradesh,NCR,"National Highway 76, Uttar Pradesh",India,25.418978,80.148507,True
NAD,NAGDA JN,,,,India,23.45592,75.41249099999999,False
KRSA,KHARSALIYA,,,,India,22.7050879399,73.55448093439999,False
DRL,DEROL,,,,India,22.630205,73.462158,False
NDY,Nandi Halt,Karnataka,SWR,"Nandi, Karnataka",India,13.384141999999999,77.71248600000001,True
BRC,VADODARA JN,,,,India,22.310756,73.181065,False
BKRL,BAKROL,,,,India,22.5881026822,73.4192042773,False
TNGR,THONGANUR,,,,India,12.082270000000001,78.358665,False
BDY,BUDDIREDDIPPATI,,,,India,12.044658609999999,78.3127518,False
BQI,BOMMIDI,,,,India,11.984698435,78.2462805359,False
LCR,LOKUR,,,,India,11.927787,78.174049,False
MZQ,MAJGAON ASSAM,Assam,NFR,"National HIghway 31, Assam",India,26.430697,90.57413700000001,True
CPN,CHAMPANER RD JN,,,,India,22.541916,73.393378,False
LAN,LOTANA,,,,India,22.523268,73.363557,False
SMLA,SAMLAYA JN,,,,India,22.483966,73.302104,False
AIR,ALINDRA ROAD,,,,India,22.440575,73.239854,False
PIO,PILOL,,,,India,22.39641,73.186675,False
MQX,MERALGRAM,Jharkhand,ECR,"Garhwa, Jharkhand",India,24.19691,83.70963400000001,True
CYI,CHHAYAPURI,,,,India,22.388284,73.179698,False
MYE,Mandhali,Punjab,NR,"Mandhali, Punjab",India,31.204703000000002,75.831855,True
SRWN,SARASWATINAGAR,,,,India,21.251382,81.603905,False
MWF,MAGARDAHA,Uttar Pradesh,ECR,"Obra, Uttar Pradesh",India,24.388752999999998,82.905844,True
MFQ,MAHROI,Madhya Pradesh,WCR,"State Highway 10, Madhya Pradesh",India,23.951414,80.919501,True
LEK,LAKHAKHERA,Madhya Pradesh,WCR,"Lakhakhera, Madhya Pradesh",India,23.7639,80.574139,True
NDM,NIDAMANURU,Andhra Pradesh,SCR,"Vijayawada, Andhra Pradesh",India,16.507237,80.730551,True
MTR,MOTIPUR,Bihar,ECR,"National Highway 28, Bihar",India,26.257038720999997,85.1681972229,True
MRLI,Murli Halt,Jharkhand,ER,"Pakur, Jharkhand",India,25.017163,87.77319899999999,True
MWRN,Madwarani,Chhattisgarh,SECR,"Janjgir-Champa, Chhattisgarh",India,22.165407000000002,82.711553,True
DDAC,DDAC,,,,India,,,False
RXM,ROOMA,,,,India,26.35704,80.43035699999999,False
NIRA,NIRA,Maharashtra,CR,"Satara, Maharashtra",India,18.1049649229,74.20908244200001,True
HALT,HALT,,,,India,,,False
ULT,KULTI,,,,India,23.737816,86.84886999999999,False
MTV,Matalkunta,Andhra Pradesh,SCR,"Telangana Region, Andhra Pradesh",India,17.768291,77.56294000000001,True
BRR,BARAKAR,,,,India,23.7416829,86.818859,False
KMME,KUMARDUBI,,,,India,23.747453,86.794065,False
MMU,MUGMA,,,,India,23.751414,86.747614,False
KAO,KALUBATHAN,,,,India,23.758149,86.661294,False
PKA,PRADHANKHUNTA,,,,India,23.772589999999997,86.515977,False
MSTH,Misrikh Tirath,Uttar Pradesh,NR,"Sitapur, Uttar Pradesh",India,27.422483999999997,80.530303,True
MRIJ,Murliganj,Bihar,ECR,"Murliganj, Bihar",India,25.888506,87.000446,True
DOKM,DOKRA HALT,,,,India,23.782884,86.480808,False
DHN,DHANBAD JN,,,,India,23.790966,86.428956,False
MGWN,MAHGAWAN HALT,Uttar Pradesh,NR,"Nawab Yousuf Rd, Uttar Pradesh",India,25.817255999999997,82.69625099999999,True
DDD,DHONDHA DIH,Uttar Pradesh,NER,"MDR 94E, Uttar Pradesh",India,25.672848,83.79552,True
KHED,KHED,Maharashtra,KR,"Khed, Maharashtra",India,17.712059,73.40881499999999,True
AT,ASNOTI,Karnataka,KR,"Uttara Kannada, Karnataka",India,14.876286,74.147683,True
MTM,Machilipatnam,Andhra Pradesh,SCR,"Machilipatnam, Andhra Pradesh",India,16.171258,81.137763,True
JN,JHUND,,,,India,23.1606089618,71.936146626,False
SADL,SADLA,,,,India,23.134597,71.850678,False
BDI,BHADLI,,,,India,21.0236632507,75.672912326,False
TRW,TARSOD,,,,India,21.025557000000003,75.63321499999999,False
OSA,AUSA ROAD,Maharashtra,CR,"State Highway 77, Maharashtra",India,18.3772296262,76.4079921729,True
KJ,KAJGAON,,,,India,20.573753,75.140405,False
NMD,NOMODA,Rajasthan,WCR,"MDR 111, Rajasthan",India,26.280074,76.57945000000001,True
HDGR,HADGAON ROAD,Maharashtra,SCR,"Nanded, Maharashtra",India,19.332338999999997,77.722863,True
PRJ,PRANTIJ,Gujarat,WR,"National Highway 8, Gujarat",India,23.439324000000003,72.862688,True
CSN,CHALISGAON JN,,,,India,20.464109,74.999049,False
BRGZ,VADODARA E CABIN,,,,India,22.363671,73.159395,False
NRV,NARIYAR,Bihar,ECR,"Nariyaar, Bihar",India,26.240375999999998,85.217642,True
NRY,Nyoriya Husenpur,Uttar Pradesh,NER,"Neoria Husainpur, Uttar Pradesh",India,28.734528,79.88966099999999,True
PPF,PIPLAJ,Rajasthan,NWR,"Beawar, Rajasthan",India,26.164809,74.377466,True
APA,AMARPURA,Rajasthan,NWR,"Kharwa, Rajasthan",India,26.110972999999998,74.249302,True
NUQ,NAGAR UNTARI,Jharkhand,ECR,"Garhwa, Jharkhand",India,24.285735,83.51416499999999,True
KSE,KOSAD,,,,India,21.255892,72.86573000000001,False
SBC,BANGALORE CITY JN,Karnataka,SWR,"Bengaluru, Karnataka",India,12.977595,77.56808299999999,True
TLD,TILDA,,,,India,21.550734,81.794586,False
GED,GULEDAGUDDA RD,Karnataka,SWR,"SH 44, Karnataka",India,16.069516,75.69565899999999,True
NBL,NIMBAL,Karnataka,SWR,"Bijapur, Karnataka",India,17.118384,75.859907,True
NVG,Nawagaon,Madhya Pradesh,CR,"Nayagaon, Madhya Pradesh",India,22.088704,78.436386,True
NIL,Nilambur Road,Kerala,SR,"Nilambur, Kerala",India,11.278805,76.254779,True
NOMD,Noamundi,Jharkhand,SER,"National Highway 215, Jharkhand",India,22.15311,85.513684,True
ACH,Achalganj,Uttar Pradesh,NR,"Bithar, Uttar Pradesh",India,26.444642,80.54541499999999,True
OSRA,Osra,Madhya Pradesh,WR,"Madhya Pradesh, Madhya Pradesh",India,23.1782623,75.77929449999999,True
PAGM,Pennada Agraharam,Andhra Pradesh,SCR,"West Godavari, Andhra Pradesh",India,16.541296,81.577652,True
NLN,NAILALUNG,Assam,NFR,"TV Centre Road, Assam",India,25.7743785055,93.3888097504,True
KDY,KETTANDAPATTI,,,,India,12.626458,78.57149100000001,False
UGD,UPPUGUNDURU,,,,India,15.650668,80.194463,False
CJM,CHINNA GANJAM,,,,India,15.689502,80.236773,False
KVDU,KADAVAKUDURU,,,,India,15.722540512,80.2572977045,False
OTN,OATING,Assam,NFR,"National Highway 39, Assam",India,26.429808896500003,93.9872737866,True
NZR,NAZIRA,Assam,NFR,"Nazira Ali, Assam",India,26.905961,94.72847999999999,True
NMN,Namanasamudram,Tamil Nadu,SR,"Namunasamudiran, Tamil Nadu",India,10.327487,78.777507,True
NPU,Nadiapur,Tripura,NFR,"Nadiapur, Tripura",India,24.385641000000003,92.204092,True
NNX,NANAUTA,Uttar Pradesh,NR,"MDR 2W, Uttar Pradesh",India,29.712202,77.442397,True
MTJ,MATHURA JN,,,,India,27.480145,77.67311699999999,False
ITRN,Itwari Jn (Ng),,,,India,21.156859,79.118302,False
BTSR,BHUTESHWAR,,,,India,27.501369999999998,77.66784,False
HDL,HODAL,,,,India,27.886147,77.38869,False
OKA,OKHLA,,,,India,28.559332,77.264825,False
OEL,OEL,Uttar Pradesh,NER,"Oel, Uttar Pradesh",India,27.819798,80.74816,True
PD,PHARADAHAN,Uttar Pradesh,NER,"SH 21, Uttar Pradesh",India,27.993457,80.631949,True
MOLK,MOLAKARAMPATTI,,,,India,12.466956,78.541815,False
KEY,KAGANKARAI,,,,India,12.412541,78.510114,False
KNNT,KUNNATHUR,,,,India,12.360518,78.49737599999999,False
SLY,SAMALPATTI,,,,India,12.311594,78.484032,False
DST,DASAMPATTI,,,,India,12.251026000000001,78.438356,False
MAP,MORAPPUR,,,,India,12.124073000000001,78.393874,False
NSA,Nishangara,Uttar Pradesh,NER,"Uttar Pradesh, Uttar Pradesh",India,28.112457,81.311271,True
OGM,Oorgaum,Karnataka,SWR,"KGF, Karnataka",India,12.95409,78.259747,True
NYG,Nayagarh,Odisha,,"National Highway 215, Orissa",India,21.839609,85.433342,True
MHUR,Mohanpur,Jharkhand,ER,"Mohanpur, Jharkhand",India,24.488460999999997,86.78564800000001,True
ONR,Coonoor,Tamil Nadu,SR,"Coonoor, Tamil Nadu",India,11.343714,76.791337,True
OBM,Obalapuram,Andhra Pradesh,SWR,"Bellary-Hiriyur Rd, Andhra Pradesh",India,15.009799000000001,76.836422,True
KPRR,KOTAPAR ROAD,Chhattisgarh,ECoR,"Bhansuli Kotpad PMGSY Rd, Chhattisgarh",India,19.041434,82.30895,True
INDRG,INDRG,,,,India,,,False
GNSYM,GNSYM,,,,India,,,False
JTX,JATPIPLI,,,,India,23.076354329900003,71.7022163385,False
BAJN,BAJANA,,,,India,23.10173524,71.77207677000001,False
VSV,VASADVA,,,,India,23.0351625148,71.5952838086,False
DHG,DHRANGDHRA,,,,India,22.9871651,71.4791076,False
SUK,SUKHPUR,,,,India,23.014848,71.243815,False
HVD,HALVAD,,,,India,23.0185158,71.1829095,False
DHNL,DHANALA,,,,India,23.009171000000002,71.084085,False
DVY,DEVALIYA,,,,India,23.02777493,71.01248185,False
KHXB,KHAKHRECHI,,,,India,23.056445,70.90346000000001,False
WDHR,WADHARVA,,,,India,23.07645,70.828521,False
MALB,MALIYA MIYANA,,,,India,23.103166868099997,70.75488469119999,False
KATR,KATARIYA,,,,India,23.289037,70.604533,False
VONB,VONDH,,,,India,23.303951,70.399876,False
BCOB,BHACHAU BG,,,,India,23.301391,70.34497200000001,False
CHIB,CHIRAI BG,,,,India,23.208800999999998,70.242149,False
BMSB,BHIMASAR BG,,,,India,23.186504,70.174975,False
GIMC,GANDHIDHAM CABIN,,,,India,23.095023,70.150716,False
PIP,PIPLIA,Madhya Pradesh,WR,"Panth Pipalia, Madhya Pradesh",India,24.203692999999998,75.007483,True
PNF,PANGAON,Maharashtra,SCR,"Pangaon, Maharashtra",India,18.634293,76.635315,True
PNRA,PANIARA,Uttar Pradesh,NER,"National Highway 29, Uttar Pradesh",India,25.902065,83.525851,True
PRLI,PARLI VAIJNATH,Maharashtra,SCR,"Parli-Vaijnath, Maharashtra",India,18.853005,76.524424,True
HRDR,HARSAR DEHRI,Himachal Pradesh,NR,"Harsar Dehri, Himachal Pradesh",India,32.104872,76.03849100000001,True
RKH,RAKHIYAL,Gujarat,WR,"Rakhiyal, Gujarat",India,23.260621,72.903803,True
PLK,PALIA KALAN,Uttar Pradesh,NER,"Palia Kalan, Uttar Pradesh",India,28.426644,80.582392,True
KVL,KIZHELUR,Tamil Nadu,SR,"THIRUKKANNANGUDI Rd, Tamil Nadu",India,10.754287999999999,79.743134,True
SHU,SHOLINGHUR,,,,India,13.013974,79.484589,False
PPA,PIPRA,Bihar,ECR,"National Highway 28, Bihar",India,26.489784,84.98573499999999,True
SBT,SABARMATI JN,,,,India,23.077545999999998,72.58928200000001,False
SBTA,SABARMATI A CABIN,,,,India,23.050805,72.59293100000001,False
ANND,ANAND JN,,,,India,22.561307,72.965733,False
VXD,VADOD,,,,India,22.515278000000002,73.00645,False
VDA,VASAD JN,,,,India,22.452351,73.05999100000001,False
VS,VISHVAMITRI,,,,India,22.283932999999998,73.178656,False
MPR,MAKARPURA,,,,India,22.232706,73.175422,False
BSCN,BHUSAWAL C CABIN,,,,India,21.046545,75.821624,False
PDL,PENDEKALLU,Andhra Pradesh,SCR,"Kurnool, Andhra Pradesh",India,15.374513,77.647361,True
OLR,THRISSUR OLLUR HALT,,,,India,10.473341999999999,76.237184,False
BDRL,BYADARAHALLI,Karnataka,SWR,"State Highway 17, Karnataka",India,12.5019534049,76.7520832336,True
Y,YELIYUR,Karnataka,SWR,"Bangalore-Mysore Rd, Karnataka",India,12.5106209267,76.82957502260001,True
ACG,ACHEGAON,,,,India,20.976217,75.934247,False
CNBI,CHANDARI,,,,India,26.428098,80.360645,False
RPRL,RAPARLA HALT,,,,India,15.619244,80.16912099999999,False
KPLL,KOTTA PANDILA PALLI,,,,India,15.761413999999998,80.281949,False
VTM,VETAPALEMU,,,,India,15.783376,80.30065,False
IPPN,IPURUPALEM HALT,,,,India,15.852303000000001,80.385512,False
PUU,Punalur,Tamil Nadu,SR,"Punalur, Tamil Nadu",India,9.023336,76.916104,True
HJI,HOJAI,Assam,NFR,"Hojai Rd. Ph:- 03674-252136., Assam",India,26.001794,92.851752,True
RHI,Rakhi,Rajasthan,NWR,"MDR 13, Rajasthan",India,25.6871480115,72.5544692444,True
MHBG,Mahadev Buzurg,Uttar Pradesh,NER,"Mahadeva Buzrug, Uttar Pradesh",India,27.451000999999998,82.87452,True
PGC,Panchgachia,Bihar,ECR,"Station Rd, Bihar",India,25.969294,86.59822100000001,True
GDPT,GUDAPARTI,,,,India,17.0281747457,82.13113915769999,False
SLO,SAMALKOT JN,,,,India,17.044827,82.168724,False
PAP,PITHAPURAM,,,,India,17.11087,82.257512,False
PGP,Panduranga Pura,Andhra Pradesh,SCR,"Manuguru, Andhra Pradesh",India,17.718238,80.76459,True
GLP,GOLLAPROLU,,,,India,17.1516644909,82.290817561,False
MVRM,MALLAVARAM,,,,India,17.1810250515,82.3152851379,False
DGDG,DURGADA GATE,,,,India,17.2124765738,82.3489940906,False
RVD,RAVIKAMPADU,,,,India,17.230245,82.368151,False
ANV,ANNAVARAM,,,,India,17.269633,82.41967700000001,False
PRTN,Pratapnagar,Gujarat,WR,"Vadodara, Gujarat",India,22.281143,73.210289,True
TMPM,TIMMAPURAM,,,,India,17.288936392500002,82.4504126416,False
RGT,RAJGHAT HALT,,,,India,21.764461999999998,87.15507600000001,False
RRJ,RAMARAJU PALLI,Andhra Pradesh,SCR,"Rayalaseema Region, Andhra Pradesh",India,15.041948,77.61736699999999,True
KVTA,KARUVATTA HALT,Kerala,SR,"Ashramam- Pulipra, Kerala",India,9.316791,76.431242,True
SMYD,SMYD,,,,India,,,False
PLM,PANELI MOTI,Gujarat,WR,"Paneli Moti, Gujarat",India,21.874341,70.15264699999999,True
RTGH,Ratangarh Junction,Rajasthan,NWR,"Ratangarh, Rajasthan",India,28.0665867073,74.6236025668,True
SBI,SABARMATI JN,,,,India,23.072985,72.587162,False
PMH,Parao Mahna,Punjab,NR,"Mehna, Punjab",India,30.811762,75.272772,True
GI,GUDUVANCHERI,,,,India,12.844886,80.057147,False
UPM,URAPPAKKAM,,,,India,12.867247,80.07175099999999,False
VDR,VANDALUR,,,,India,12.89128,80.08439299999999,False
PRGL,PERUNGULATTUR,,,,India,12.905451,80.095486,False
PLSN,Palsana,Rajasthan,NWR,"Palsana, Rajasthan",India,27.484876,75.38008,True
RNW,Renwal,Rajasthan,NWR,"Kishangarh Renwal, Rajasthan",India,27.149463,75.356234,True
CTT,CHITRASANI,Gujarat,NWR,"Chitrasani, Gujarat",India,24.267557999999998,72.488653,True
IQG,IQBAL GADH,Gujarat,NWR,"Banaskantha, Gujarat",India,24.3460328561,72.5337815405,True
SZA,SAROTRA ROAD,Gujarat,NWR,"Sarotra, Gujarat",India,24.377144,72.592045,True
NANA,NANA,Rajasthan,NWR,"Nana, Rajasthan",India,24.925895,73.110095,True
BBQ,BASIN BRIDGE JN,,,,India,13.102361,80.27122100000001,False
TMVL,TIRUMULLAIVAYIL,,,,India,13.1155489623,80.13704246809999,False
KBT,KADAMBATTUR,,,,India,13.099513,79.862172,False
TO,TIRUVALANGADU,,,,India,13.090096,79.763145,False
EL,ELAMANUR,Tamil Nadu,SR,"NH 67, Tamil Nadu",India,10.879069,78.57336000000001,True
SUBL,HUBLI SOUTH,,,,India,15.332581,75.17639000000001,False
RR,RICHHA ROAD,Uttar Pradesh,NER,"State Highway 37, Uttar Pradesh",India,28.717268999999998,79.488904,True
RGH,RAMGARHWA,Bihar,ECR,"NH 28A, Bihar",India,26.873842826500002,84.7971486487,True
SES,SEMARI,Rajasthan,NWR,"MDR 11, Rajasthan",India,24.07001,73.841822,True
PUC,PUDUCHATIRAM,Tamil Nadu,SR,"NH 45A, Tamil Nadu",India,11.5405299099,79.7303939545,True
RHA,Ranaghat Junction,West Bengal,ER,"Ranaghat, West Bengal",India,23.173344,88.568184,True
PVL,PASUPATIKOVIL,Tamil Nadu,SR,"Ayyampet, Tamil Nadu",India,10.884228,79.19204,True
RPZ,Ranapratapnagar,Rajasthan,NWR,"Udaipur, Rajasthan",India,24.582417,73.72805600000001,True
RAGM,RAJAGAMBIRAM,Tamil Nadu,SR,"Rajagambeeram, Tamil Nadu",India,9.725053,78.409255,True
CVD,CHAVADIPALAIYAM,Tamil Nadu,SR,"SH 84, Tamil Nadu",India,11.255404,77.800933,True
RCRA,Ramchaura,Uttar Pradesh,NER,"National Highway 29, Uttar Pradesh",India,26.9979518998,83.26840578,True
RJAK,RAJNAGAR,Madhya Pradesh,NCR,"Rajnagar, Madhya Pradesh",India,24.903476070500002,79.8769002625,True
DPL,DANAULI PHLWRIA,Bihar,ECR,"Danauli Phlwria, Bihar",India,25.420471,86.24940600000001,True
SFE,Sanodiya,Rajasthan,NWR,"Hingonia, Rajasthan",India,27.011243999999998,75.279108,True
BH,BHARUCH JN,,,,India,21.706907,72.997689,False
BDWD,BODWAD,,,,India,20.9035827,76.017046,False
KLHD,KOLHADI,,,,India,20.900243,76.058938,False
DMD,DHARMADAM,Kerala,SR,"Kannur District, Kerala",India,11.778949,75.46377,True
QLD,QUILANDI,Kerala,SR,"Quilandi, Kerala",India,11.446139,75.693924,True
SK,SAKHUN,Rajasthan,NWR,"Ajmer, Rajasthan",India,26.7380786343,75.0911894116,True
HNHL,Harnahalli,Karnataka,SWR,"Harnahalli, Karnataka",India,14.04849031,75.45828601,True
AJJ,ARAKKONAM,,,,India,13.081512,79.667991,False
AVN,ANAVARDIKHANPET,,,,India,13.05050406,79.56735042999999,False
RMV,RAMAVARAPPADU,Andhra Pradesh,SCR,"Vijayawada, Andhra Pradesh",India,16.5262013806,80.67971387700001,True
GOY,GOVINDPURI,,,,India,26.454423,80.313203,False
JTJ,JOLARPETTAI,,,,India,12.560851999999999,78.57781999999999,False
CPNL,KANPUR C PANEL,,,,India,26.453654999999998,80.31806900000001,False
DEOR,DIYODAR,Gujarat,WR,"Banaskantha, Gujarat",India,24.113489,71.770888,True
PFL,PIPRALA,Gujarat,WR,"National Highway 15, Gujarat",India,23.652483999999998,71.097619,True
GMC,KANPUR GOODS MARSHAL,,,,India,26.452292,80.33955999999999,False
RMP,RAHIMATPUR,Maharashtra,CR,"Satara, Maharashtra",India,17.612152,74.17217,True
RRP,Rairangpur,Odisha,SER,"Mayurbhanj, Orissa",India,22.440956,86.16420749999999,True
RJY,RAJAMUNDRY,,,,India,16.984159000000002,81.783901,False
PTPR,Pratabpur,Uttar Pradesh,NER,"Pilibhit, Uttar Pradesh",India,28.4764188903,79.8145455212,True
RSNR,Rai Singh Nagar,Rajasthan,NWR,"Raisinghnagar, Rajasthan",India,29.535956,73.450472,True
RNB,Ranpura,Rajasthan,NCR,"Rajpura, Rajasthan",India,26.579427,77.44262,True
RSA,Risama,Chhattisgarh,SECR,"Durg Rajhara Rd, Chhattisgarh",India,21.058881000000003,81.324776,True
TI,TIRUNINRAVUR,,,,India,13.123744,80.026949,False
RLX,Ramanujampalli,Andhra Pradesh,SCR,"Ramanujampalli Station, Andhra Pradesh",India,14.440531,77.87191,True
VEU,VEPPAMPATTU,,,,India,13.123937,79.998727,False
PLMG,PULIYAMANGALAM,,,,India,13.0834968254,79.6862378271,False
KSVM,KESAVARAM,,,,India,16.930994,81.879858,False
DWP,DWARAPUDI,,,,India,16.927556,81.922661,False
AWR,ALWAR,Rajasthan,NWR,"Alwar, Rajasthan",India,27.559273,76.62126500000001,True
APT,ANAPARTI,,,,India,16.935817,81.953181,False
BVL,BIKKAVOLU,,,,India,16.9693168335,82.031148067,False
PBD,PEDABRAMADVAM,,,,India,16.990821,82.078986,False
MPU,MEDAPADU,,,,India,17.005091,82.096133,False
CRPM,CHANDRAMPALEM,,,,India,17.085409527899998,82.2231096558,False
HVM,HAMSAVARAM,,,,India,17.309946999999998,82.484867,False
TUNI,TUNI,,,,India,17.361079999999998,82.542462,False
GLU,GULLIPADU,,,,India,17.409805,82.63345,False
NRP,NARSIPATNAM RD,,,,India,17.452852,82.724605,False
REG,REGUPALEM,,,,India,17.505201,82.790267,False
BVM,BAYYAVARAM,,,,India,17.660147,82.930592,False
KSK,KASIMKOTA,,,,India,17.673315,82.963751,False
AKP,ANAKAPALLE,,,,India,17.695503,83.00885099999999,False
THY,THADI,,,,India,17.686438000000003,83.06429200000001,False
DVD,DUVVADA,,,,India,17.703843,83.152059,False
ROL,Rajuli,Maharashtra,SECR,"Rajoli, Maharashtra",India,20.171116,79.703505,True
MRB,MUNIRABAD,Karnataka,SWR,"Munirabad, Karnataka",India,15.308524,76.335537,True
RTK,Ramtek,Maharashtra,SECR,"Ramtek, Maharashtra",India,21.400715,79.326499,True
RIM,Rajim,Chhattisgarh,SECR,"Nawapara Nagar, Chhattisgarh",India,20.969475,81.867426,True
SJNP,SUJANPUR,Punjab,NR,"Sujanpur, Punjab",India,32.31198,75.61346499999999,True
SGRA,SANGARIA,Rajasthan,NWR,"Sangariya, Rajasthan",India,29.792507999999998,74.466053,True
TBM,TAMBARAM,,,,India,12.926035689399999,80.1191573807,False
TBMS,TAMBARAM SANATORIUM,,,,India,12.937978000000001,80.131614,False
CMP,CHROMEPET,,,,India,12.951627,80.141157,False
PV,PALLAVARAM,,,,India,12.968273,80.152451,False
JSR,JASRA,Uttar Pradesh,NCR,"Jasra, Uttar Pradesh",India,25.280002,81.774617,True
SBHR,Subrahmanya Road,Karnataka,SWR,"Nettana Railway Station, Karnataka",India,12.7312724613,75.5576150342,True
SCL,SILCHAR,Assam,NFR,"03842-263094, Assam",India,24.830337999999998,92.786795,True
SHM,KOLKATA SHALIMAR,West Bengal,SER,"Howrah/Kolkata, West Bengal",India,22.555508,88.315615,True
SCO,SATUNA,Maharashtra,SCR,"Satona, Maharashtra",India,19.494861,76.34805200000001,True
SAPT,Sugapahari,Jharkhand,ER,"Madhupur, Jharkhand",India,24.278919666,86.5687357202,True
SAF,SALKHAPUR,Uttar Pradesh,NR,"Kathiravan Paramalpatti Rd, Uttar Pradesh",India,25.655084,82.680471,True
NGP,NAGPUR,,,,India,21.153567,79.089004,False
SKS,SALEKASA,,,,India,21.30163,80.493224,False
SOD,SOJAT ROAD,Rajasthan,NWR,"Pali, Rajasthan",India,25.862203,73.75567199999999,True
SMV,Sumaoli,Madhya Pradesh,NCR,"State Highway 2, Madhya Pradesh",India,26.372988907099998,77.9154615387,True
SGRL,SINGRAULI,Madhya Pradesh,ECR,"Singrauli, Madhya Pradesh",India,24.204257000000002,82.642735,True
SKW,Sheikhupur,Uttar Pradesh,NER,"State Highway 33, Uttar Pradesh",India,28.003861999999998,79.10472999999999,True
SAK,Sak Bahadurpur,Gujarat,WR,"Vadodara, Gujarat",India,22.178375,73.559848,True
SAHI,SATHI,Bihar,ECR,"Paroraha, Bihar",India,27.015884999999997,84.503862,True
SFA,SANHERA HALT,Uttar Pradesh,NR,"Sunehra/Khekra, Uttar Pradesh",India,28.903375,77.28233900000001,True
SFDE,SAFIDON,Haryana,NR,"Safidon, Haryana",India,29.39793,76.66142400000001,True
SD,SIDHAULI,Uttar Pradesh,NER,"Sidhauli, Uttar Pradesh",India,27.281001999999997,80.837587,True
MDVE,MAHENDRA VADI,,,,India,13.022630999999999,79.51785100000001,False
AMG,ALAMNAGAR,,,,India,26.84708,80.86031200000001,False
SDG,SAHADAI BUZURG,Bihar,ECR,"Buzurg, Bihar",India,25.6614908641,85.4550875531,True
SGDP,Sagadapata,Odisha,ECoR,"Orissa, Orissa",India,21.244692,85.909396,True
PNK,PANKI,,,,India,26.459172000000002,80.236441,False
SLGR,SIMALUGURI JN,Assam,NFR,"way to SLGR, Assam",India,26.917281,94.756816,True
SG,SHAHGARH,Uttar Pradesh,NER,"Pilibhit, Uttar Pradesh",India,28.559235,80.043015,True
MNI,MANGAON,Maharashtra,KR,"Lonere - Mangaon, Maharashtra",India,18.247286000000003,73.275679,True
KXJ,Karimganj Junction,Assam,NFR,"Karimganj Town, Assam",India,24.860717,92.373769,True
HAA,HARWADA,Karnataka,KR,"Kochi - Panavel Rd, Karnataka",India,14.740761999999998,74.259657,True
ANKL,ANKOLA,Karnataka,KR,"Uttara Kannada, Karnataka",India,14.645347,74.332936,True
SDC,SAIDABAD,Uttar Pradesh,NER,"Handia, Uttar Pradesh",India,25.379137,82.12019500000001,True
MS,CHENNAI EGMORE,,,,India,13.077677999999999,80.260193,False
KRV,KARAVADI,,,,India,15.553014,80.11315599999999,False
ANB,AMMANABROLU,,,,India,15.596402,80.148353,False
KAQ,KOLANUKONDA,,,,India,16.448173,80.604782,False
KCC,KRISHNA CANAL,,,,India,16.477152,80.604553,False
SPRM,Sitapuram Halt,Odisha,ECoR,"Paralakhemundi, Orissa",India,18.814443,83.982854,True
SLPM,Shivalingapuram,Andhra Pradesh,ECoR,"Coastal Andhra Region, Andhra Pradesh",India,18.196655,83.066187,True
BZA,VIJAYAWADA JN,,,,India,16.518262,80.61864800000001,False
RYC,Rayakkottai,Tamil Nadu,SWR,"Hosur- Dharmapuri Highway, Tamil Nadu",India,12.514891,78.027508,True
GALA,GUNADALA,,,,India,16.537426,80.667911,False
SBW,Shewbabudih,Jharkhand,SER,"Sbewbabudi, Jharkhand",India,23.659482,86.390668,True
MBD,MUSTABADA,,,,India,16.546882,80.73176799999999,False
GWM,GANNAVARAM,,,,India,16.555839,80.795715,False
PAVP,PEDDA AVUTAPALE,,,,India,16.562545,80.839432,False
SDI,Sagardighi,West Bengal,ER,"Murshidabad District, West Bengal",India,24.287789,88.105398,True
SDNR,Seydunganallur,Tamil Nadu,SR,"Thoothukudi, Tamil Nadu",India,8.639358,77.834992,True
RUT,RATNAL,Gujarat,WR,"SH 46, Gujarat",India,23.186898,69.897403,True
ERS,ERNAKULAM JN,,,,India,9.969541999999999,76.290672,False
DK,Dakor,,WR,,India,22.747203,73.15859180000001,True
MGLI,Mangli,,,,India,20.643535999999997,79.666123,False
SVH,Sonadanga,West Bengal,ER,"National Highway 34, West Bengal",India,23.636393,88.354092,True
SMBX,SAMBA,Jammu and Kashmir,NR,"Ram Nagar, Jammu and Kashmir",India,32.528358000000004,75.120256,True
SEX,Seroni Road,Madhya Pradesh,NCR,"State Highway 23, Madhya Pradesh",India,25.943966000000003,76.88447099999999,True
SOS,SOMESAR,Rajasthan,NWR,"Somesar, Rajasthan",India,25.520225999999997,73.450999,True
SUKU,Suku,Odisha,ECoR,"State Highway 48, Orissa",India,18.714329,82.726061,True
PWU,PARANUR,,,,India,12.730200000000002,79.98366,False
SKL,SINGAPERUMAL KOIL,,,,India,12.7624604323,80.0010589618,False
MMNK,MARAIMALAM NAGAR,,,,India,12.796619999999999,80.019875,False
CTM,KATTANGULATTUR,,,,India,12.805715,80.026118,False
POTI,POTHERI HALT,,,,India,12.820867999999999,80.03693,False
TLM,TRISULAM,,,,India,12.98064,80.166111,False
MN,MINAMBAKKAM,,,,India,12.98432,80.174625,False
PZA,PALAVANTHANGAL,,,,India,12.990115000000001,80.186651,False
STM,ST THOMAS MOUNT,,,,India,12.994906,80.199392,False
GDY,GUINDY,,,,India,13.007672000000001,80.211922,False
SP,SAIDAPET,,,,India,13.02415,80.224183,False
MBM,MAMBALAM,,,,India,13.038154,80.228164,False
MKK,KODAMBAKAM,,,,India,13.052565999999999,80.231305,False
NBK,NUNGAMBAKKAM,,,,India,13.065363,80.232742,False
MSC,CHENNAI CHETPAT,,,,India,13.074663000000001,80.24337,False
SQF,SUKRITIPUR,Assam,NFR,"K Rd, Assam",India,24.913078000000002,92.582849,True
SXR,SERNDANUR,Tamil Nadu,SR,"National Highway 45C, Tamil Nadu",India,11.869105000000001,79.518251,True
PRAR,PAROR,Himachal Pradesh,NR,"National Highway 20, Himachal Pradesh",India,32.08098,76.460155,True
HNH,HANUMANAHALLI,Karnataka,SWR,"Hiretogaleri, Karnataka",India,14.3589476214,75.9987814502,True
SPGR,SAMPIGE ROAD,Karnataka,SWR,"Tumkur, Karnataka",India,13.270203,76.760983,True
SPX,SAPATGRAM,Assam,NFR,"Dhubri, Assam",India,26.334709,90.10955799999999,True
SSZ,SADDA SINGHWALA,Punjab,NR,"State Highway 12A, Punjab",India,30.0282558081,75.32479556150001,True
CWLE,CHOWRIGACHA,West Bengal,ER,"Chowrigacha Railway Station, West Bengal",India,23.942472,88.18645099999999,True
LRU,LALPUR UMRI,Rajasthan,WCR,"SH 1, Rajasthan",India,26.429998,76.680536,True
MXL,MOKHOLI,Rajasthan,WCR,"MDR 111, Rajasthan",India,26.160967,76.460845,True
TNGL,TORANAGALLU,Karnataka,SWR,"Toranagallu, Karnataka",India,15.203137,76.66392400000001,True
SVHE,SISVINHALLI,Karnataka,SWR,"Dharwad, Karnataka",India,15.4300360491,75.3193615509,True
LKX,LAKSHMIPUR,West Bengal,ER,"Lakshmipur Railway Station, West Bengal",India,23.502512000000003,88.302374,True
MYGL,MIYAGAM KARJAN JUNCTION NG,,,,India,22.050131999999998,73.119763,False
SWC,SHIVRAMPUR,Uttar Pradesh,NCR,"National Highway 76, Uttar Pradesh",India,25.219375000000003,80.82678299999999,True
SPDM,SINGHPUR DUMRA,Madhya Pradesh,NCR,"Singhpurdumra, Madhya Pradesh",India,25.065781416,79.8964954901,True
DMLE,DUMURDAHA,West Bengal,ER,"Dumurdahadham, West Bengal",India,23.040053,88.43266200000001,True
SRZ,SARDARGARH,Rajasthan,NWR,"Sri Ganganagar, Rajasthan",India,29.364244000000003,73.740791,True
DL,DALADI,Gujarat,WR,"Daladi, Gujarat",India,22.585067,71.069304,True
BRGY,VADODARA D CABIN,,,,India,22.344458,73.159087,False
CSTM,MUMBAI CST,Maharashtra,CR,"Mumbai, Maharashtra",India,18.944481,72.836903,True
KNHN,KANTHAN JN,,,,India,21.225502000000002,79.238908,False
MLD,MALIHABAD,,,,India,26.930598,80.71503200000001,False
G,GONDIA JN,,,,India,21.462435,80.190842,False
SYF,Semai,Madhya Pradesh,NCR,"State Highway 2, Madhya Pradesh",India,26.282698,77.516308,True
SRTE,Soorothee,Rajasthan,NCR,"Bari, Rajasthan",India,26.657818,77.70277399999999,True
DBEC,DEVBALODA CHARODA,,,,India,21.21335,81.45049,False
SRR,SHORANUR JN,,,,India,10.758854999999999,76.27219600000001,False
LATI,LATIA CABIN,,,,India,22.027897,82.402106,False
BPH,BELPAHAR,,,,India,21.827212300000003,83.84907630000001,False
DNGD,Dungarda,Gujarat,WR,"Gujarat, Gujarat",India,,,True
PHVP,PHVP,,,,India,,,False
SSI,Shirsai,Maharashtra,CR,"Daund-Baramati Rd Daund, Maharashtra",India,18.314695999999998,74.578044,True
BSBP,BIR SHIBPUR,,,,India,22.473359000000002,88.053112,False
MRGM,MAURIGRAM,,,,India,22.5801540304,88.25607790219999,False
SPV,Sivapur,Karnataka,SWR,"Bangalore Honavar Rd, Karnataka",India,13.647065,75.939298,True
SRF,Sagar Jambagaru,Karnataka,SWR,"Sagar, Karnataka",India,14.142728,75.15471199999999,True
SMPA,Shampura,Rajasthan,WCR,"Bhilwara, Rajasthan",India,25.222941000000002,75.233108,True
DXK,DHANA KHERLI,Uttar Pradesh,NCR,"Fatehpur Sikri, Uttar Pradesh",India,26.950169,77.53577899999999,True
RBS,RUPBAS,Rajasthan,NCR,"Roopvas, Rajasthan",India,26.9903803821,77.5909632294,True
FTS,FATEHPUR SIKRI,Uttar Pradesh,NCR,"Agra, Uttar Pradesh",India,27.093989,77.670597,True
PTLI,PATHAULI,Uttar Pradesh,NCR,"Agra Fort, Uttar Pradesh",India,27.1568431942,77.924593761,True
TNR,TANGUTURU,,,,India,15.337535,80.033546,False
OGL,ONGOLE,,,,India,15.498064000000001,80.057404,False
RMW,ROSHAN MAU,,,,India,26.479318,79.984729,False
MTO,MAITHA,,,,India,26.476492,80.025181,False
MAO,MADGAON,Goa,KR,"Madgaon. Ph:- 0832-2712790., Goa",India,15.267911000000002,73.97072399999999,True
SXB,SAMBRE,Karnataka,SWR,"Belagavi, Karnataka",India,15.891067999999999,74.593121,True
SNE,SHENOLI,Maharashtra,CR,"Shenoli Station, Maharashtra",India,17.200729,74.252881,True
SW,SEHRAMAU,Uttar Pradesh,NER,"State Highway 21, Uttar Pradesh",India,28.360763,80.296582,True
NKB,NAGRAKOTA,West Bengal,NFR,"Nagrakata, West Bengal",India,26.885533,88.917581,True
GRU,GAROPARA,West Bengal,NFR,"National Highway 31C, West Bengal",India,26.6574376742,89.48526169979999,True
SMLG,Shimiliaguda,Andhra Pradesh,ECoR,"Way to Araku, Andhra Pradesh",India,18.303639999999998,82.95710500000001,True
THP,Taherpur,West Bengal,ER,"State Highway 11, West Bengal",India,23.259379000000003,88.54311899999999,True
VJM,VYASARPADI JEEVA,,,,India,13.108338,80.256873,False
PER,PERAMBUR,,,,India,13.10702,80.24453299999999,False
ADH,ANDHERI,Maharashtra,WR,"Mumbai, Maharashtra",India,19.1174289,72.84685300000001,True
SYE,Sindewahi,Maharashtra,SECR,"Bhendala, Maharashtra",India,20.2955,79.668805,True
SSKL,Suskal,Gujarat,,"State Highway 11, Gujarat",India,22.316377000000003,73.806077,True
SUP,Srungavarapukota,Andhra Pradesh,ECoR,"Srungavarapu kota, Andhra Pradesh",India,18.116239,83.132531,True
CGL,CHENGALPATTU,,,,India,12.692863999999998,79.981519,False
CNP,CNP,,,,India,,,False
GOT,GOT,Uttar Pradesh,NER,"MDR 65W, Uttar Pradesh",India,28.870965,78.82300099999999,True
TKHA,TAKHA,Uttar Pradesh,NCR,"Takha, Uttar Pradesh",India,27.135742999999998,78.76725900000001,True
DMP,Dharampur Himachal,Himachal Pradesh,NR,"Dharampur, Himachal Pradesh",India,30.900491,77.023914,True
TVL,TADWAL,Maharashtra,SWR,"Mundhewadi, Maharashtra",India,17.393190999999998,75.975729,True
UDZ,UDAIPUR CITY,Rajasthan,NWR,"Udaipur, Rajasthan",India,24.566862,73.699632,True
UMRA,UMRA,Rajasthan,NWR,"State Highway 32, Rajasthan",India,24.522588,73.771734,True
TT,TITTE,Tamil Nadu,SR,"Thanjavur, Tamil Nadu",India,10.844904,79.1834,True
TGB,Tangarbasuli,Jharkhand,SER,"Ranchi, Jharkhand",India,23.3740319962,85.0638054443,True
KGMR,KANGRA MANDIR,Himachal Pradesh,NR,"Kangra, Himachal Pradesh",India,32.09448999999999,76.276521,True
TOM,TONDAMANPATTI,Tamil Nadu,SR,"Tondaimanpatti, Tamil Nadu",India,10.786552,78.823761,True
KTSH,KOTMI SONAN HLT,,,,India,22.024158,82.360215,False
TRB,TIRUVERUMBUR,Tamil Nadu,SR,"Thiruverumbur, Tamil Nadu",India,10.787167,78.776419,True
PPI,PIPARIYA,Madhya Pradesh,WCR,"Piparia, Madhya Pradesh",India,22.753941,78.354538,True
MWA,MANDWA,Madhya Pradesh,CR,"East Nimar, Madhya Pradesh",India,21.517291,76.389861,True
NPNR,NEPANAGAR,Madhya Pradesh,CR,"East Nimar, Madhya Pradesh",India,21.463933,76.397032,True
UA,UPLETA,Gujarat,WR,"Dist. Rajkot, Gujarat",India,21.746916,70.282434,True
SAV,SAVDA,Maharashtra,CR,"Jalgaon, Maharashtra",India,21.111116,75.91065900000001,True
HSD,HOSDURGA ROAD,Karnataka,SWR,"Nilagiri Rd, Karnataka",India,13.8632737545,76.1332331232,True
TKU,Tanakallu,Andhra Pradesh,SCR,"Tanakallu, Andhra Pradesh",India,13.922427,78.201224,True
SKM,SINGARAYAKONDA,,,,India,15.253117999999999,80.027126,False
AAP,AMBIAPUR,,,,India,26.515363999999998,79.826878,False
TPT,TIRUPATTUR JN,,,,India,12.497951,78.561419,False
VLD,Vayalpad,Andhra Pradesh,SCR,"Vayalpadu, Andhra Pradesh",India,13.634506,78.624967,True
CAM,CHHOTA AMBANA,,,,India,23.762753179999997,86.57461305,False
PKL,PAPINAYAKNAHALI,Karnataka,SWR,"Bellary, Karnataka",India,15.236108999999999,76.490876,True
LTI,LATTERI,,,,India,12.966994,79.06525500000001,False
TPQ,Topokal,Chhattisgarh,ECoR,"Raikot, Chhattisgarh",India,19.007080000000002,81.878645,True
KVN,KAVANUR,,,,India,12.948577,78.96927299999999,False
CLE,CHINTALPALLI,Andhra Pradesh,SCR,"Narsampet Rd, Andhra Pradesh",India,17.914855999999997,79.701487,True
GYM,GUDIYATTAM,,,,India,12.937470999999999,78.916157,False
JJK,JHINJHAK,,,,India,26.554994,79.734225,False
VLT,VALATHOOR,,,,India,12.889517,78.839324,False
UHP,UDHAMPUR,Jammu and Kashmir,NR,"Railway road, Jammu and Kashmir",India,32.92664,75.154881,True
MPI,MELPATTI,,,,India,12.859507,78.797049,False
AB,AMBUR,,,,India,12.782934,78.721266,False
VGM,VINNAMANGALAM,,,,India,12.728899,78.67871600000001,False
VN,VANIYAMBADI,,,,India,12.678487,78.621651,False
TAZ,TARGAON,Maharashtra,CR,"Satara, Maharashtra",India,17.514242,74.155817,True
TLR,Tulsipur,Uttar Pradesh,NER,"Tulasipur, Uttar Pradesh",India,27.531769928899998,82.4114096783,True
SAN,SANDILA,,,,India,27.059455,80.517354,False
YY-DKJC,YY-DKJC,,,,India,,,False
TLE,Talgaria,Jharkhand,SER,"National Highway 32, Jharkhand",India,23.681625999999998,86.335511,True
RBD,RAHIMABAD,,,,India,26.9993432467,80.600638797,False
KFD,KARANJADI,Maharashtra,KR,"Raigad, Maharashtra",India,17.998115,73.404252,True
MEH,MELALATHUR,,,,India,12.917803000000001,78.875384,False
TII,Tingrai,Assam,NFR,"National Highway 38, Assam",India,27.464468,95.535143,True
UM,UMARDASHI,Gujarat,WR,"Chitrasani, Gujarat",India,24.1003209724,72.4205625555,True
VJ,VIRINCHIPURAM,,,,India,12.961297,79.024717,False
GIMB,GANDHIDHAM BG,,,,India,23.069086,70.14775399999999,False
MAS,CHENNAI CENTRAL,,,,India,13.0847613,80.27485630000001,False
PEW,PERAMBUR LOCOMOTIVE WORKS,,,,India,13.107826,80.225105,False
SPAM,SENJI PANAMBAKKAM,,,,India,13.093945,79.83276000000001,False
THBN,THANA BHAWAN,Uttar Pradesh,NR,"Thana Bhawan, Uttar Pradesh",India,29.592663211399998,77.4104337677,True
TEP,Tempa,Maharashtra,SECR,"Tempa, Maharashtra",India,20.678242,79.60522300000001,True
MUQ,MARUDUR,Tamil Nadu,SR,"Nagappattinam - Trichy - Karur- Coimbatore - Mettupalayam - Ooty - Gundlupet Road(Vandikara Street), Tamil Nadu",India,10.914737,78.45029299999999,True
VMD,Vadlamannadu,Andhra Pradesh,SCR,"Krishna, Andhra Pradesh",India,16.300176,81.098875,True
UNDI,UNDI,Andhra Pradesh,SCR,"West Godavari, Andhra Pradesh",India,16.580375476,81.46418718439999,True
EKH,EKSARI HALT,Bihar,ECR,"Eksari, Bihar",India,25.134973,85.889325,True
TLS,Bettahalsoor,Karnataka,SWR,"Bengaluru, Karnataka",India,13.166875999999998,77.60618600000001,True
TPY,Tadakalpudi,Andhra Pradesh,SCR,"Kothagudem To Bhadrachalam Rd, Andhra Pradesh",India,17.530163,80.532205,True
UDGR,Udgir,Maharashtra,SCR,"Dist. Latur, Maharashtra",India,18.3906018255,77.1099430353,True
KZT,KULITTHURAI,Tamil Nadu,SR,"Marthandam, Tamil Nadu",India,8.302348,77.218817,True
PTM,PADALAM,,,,India,12.590197,79.95084399999999,False
OV,OTIVAKKAM,,,,India,12.623128,79.97565300000001,False
TRX,TIRUMANI,,,,India,12.670639,79.988514,False
UKH,UKHALI,Maharashtra,SCR,"State Highway 169, Maharashtra",India,18.912675,76.60581400000001,True
VAA,Bhaga Junction,Jharkhand,SER,"Jamadoba, Jharkhand",India,23.723330999999998,86.405555,True
SAE,SIMARIA,,,,India,25.410723,86.013734,False
KZJT,KAZIPET TOWN,,,,India,17.983151,79.517705,False
KZJE,KAZIPET E CABIN,,,,India,17.975697,79.561183,False
VLR,VELLORE CANT,Tamil Nadu,SR,"Vellore-632001, Tamil Nadu",India,12.910718,79.127493,True
UGP,UGARPUR,Uttar Pradesh,NCR,"Ugarpur, Uttar Pradesh",India,27.351481,79.511652,True
VAN,Vadhvana,Gujarat,WR,"Vadodara, Gujarat",India,22.152185,73.487264,True
VDL,VITHISVARANKOL,Tamil Nadu,SR,"Pullirukkuvelur, Tamil Nadu",India,11.195825000000001,79.703785,True
AO,AONLA,Uttar Pradesh,NR,"Dist. Bareilly, Uttar Pradesh",India,28.296051,79.16915,True
DBR,DABHAURA,Uttar Pradesh,NCR,"Dabhaura, Uttar Pradesh",India,25.11793,81.30312500000001,True
NU,NARSINGHPUR,Madhya Pradesh,WCR,"Narsimhapur, Madhya Pradesh",India,22.943112,79.214385,True
GAR,GADARWARA,Madhya Pradesh,WCR,"Narsinghpur, Madhya Pradesh",India,22.899459,78.79173399999999,True
JUH,JUJHARPUR,,,,India,22.604976999999998,77.75641,False
KMNN,KHAMANON,,,,India,30.775754,76.48869499999999,False
AMLO,AMLO,,ECR,,India,23.768893,85.98023400000001,True
AMSA,AMMASANDRA,Karnataka,SWR,"Tumkur, Karnataka",India,13.264571,76.71148570000001,True
GRJA,GORINJA,Gujarat,WR,"Khambhalia-Dwarka (SH 6), Gujarat",India,22.1759911277,69.0411941809,True
GTW,GATORA,,,,India,22.053427000000003,82.22767,False
VEI,VELLIYANI,Tamil Nadu,SR,"Dindigul - Guziliamparai - Karur Rd, Tamil Nadu",India,10.841,78.114795,True
DLQ,DALELNAGAR,,,,India,27.118537,80.419624,False
VID,VILAVADE,Maharashtra,KR,"Ratnagiri, Maharashtra",India,16.785593,73.619321,True
KT,KUMTA,Karnataka,KR,"Kumta, Karnataka",India,14.436871,74.420652,True
PHD,PHAPHUND,,,,India,26.632118317699998,79.5542552124,False
KNS,KANCHAUSI,,,,India,26.59792371,79.6354260596,False
VTE,Venkatagiri Kote Halt,Karnataka,SWR,"National Highway 7, Karnataka",India,13.32831,77.73159,True
AGI,AMGURI,Assam,NFR,"Amguri, Assam",India,26.812601,94.524011,True
APB,ANUPPAMBATTU,,,,India,13.304293,80.23076900000001,False
PON,PONNERI,,,,India,13.332319,80.19879900000001,False
KVP,KAVARAIPPETTAI,,,,India,13.36347,80.146879,False
GPD,GUMMIDIPUNDI,,,,India,13.409631,80.123431,False
ELR,ELAVUR,,,,India,13.458350999999999,80.11617799999999,False
AKM,ARAMBAKKAM,,,,India,13.532686,80.074371,False
TADA,TADA,,,,India,13.587948,80.035435,False
AP,ASHOKAPURAM,Karnataka,SWR,"Mysore, Karnataka",India,12.273762000000001,76.635315,True
AKAT,AKKAMPET,,,,India,13.6491060718,80.0188634064,False
SPE,SULLURUPETA,,,,India,13.696463,80.018161,False
PEL,POLIREDDIPALEM,,,,India,13.7594908008,79.9800264775,False
ALY,ALLAHABAD CITY,Uttar Pradesh,NER,"Allahabad(0532-1072), Uttar Pradesh",India,25.442410000000002,81.829736,True
DVR,DORAVARI CHATRAM,,,,India,13.814297,79.951308,False
VRB,VISHRAMBAG,Maharashtra,CR,"Sangli, Maharashtra",India,16.850569999999998,74.602231,True
NYP,NAYADUPETA,,,,India,13.908321,79.900898,False
UWNR,Udwant Nagar Halt,Bihar,ECR,"State Highway 12, Bihar",India,25.496532000000002,84.61131300000001,True
PYA,PEDAPARIYA,,,,India,14.021481,79.875372,False
ODUR,ODUR,,,,India,14.072185000000001,79.855368,False
GDR,GUDUR JN,,,,India,14.148227,79.845121,False
MBL,MANUBOLU,,,,India,14.226551,79.87707,False
KMLP,KOMMARAPUDI,,,,India,14.257776999999999,79.893501,False
DIG,DUGGIRALA,,,,India,16.327559,80.62356999999999,False
URR,Umred,Maharashtra,SECR,"Umred, Maharashtra",India,20.850672,79.330741,True
TYM,Tirumayam,Tamil Nadu,SR,"Pudukkottai, Tamil Nadu",India,10.246016,78.759423,True
UCR,Unchahar Junction,Uttar Pradesh,NR,"Unchahar, Uttar Pradesh",India,25.902315,81.30014299999999,True
GBHA,GAROBIGHA HALT,,,,India,24.826792,85.46715300000001,False
AMX,Amlakhurd,Madhya Pradesh,SCR,"MSH 6, Madhya Pradesh",India,21.510235,76.65068500000001,True
TVNL,TIRVNLNLUR ROAD,,,,India,11.798583,79.380205,False
KDMD,KANDAMBAKKAM,,,,India,11.811502,79.386975,False
VM,VILLUPURAM JN,,,,India,11.942971,79.500101,False
MYP,MUNDILYAMPAKKAM,,,,India,11.995680489400002,79.5116865137,False
VVN,VIKRAVANDI,,,,India,12.037928,79.538038,False
PEI,PERANI,,,,India,12.104212,79.552577,False
NMO,NEDI MOLLYANUR,,,,India,12.128075,79.56707,False
MTL,MAILAM,,,,India,12.160501,79.60220000000001,False
TMV,TINDIVANAM,,,,India,12.229410999999999,79.65133499999999,False
PCLM,PANCHALAM,,,,India,12.275612,79.691931,False
OLA,OLAKUR,,,,India,12.306462999999999,79.72191900000001,False
KSGL,KARASANGAL,,,,India,12.333838,79.749958,False
TZD,TOZHUPPEDU,,,,India,12.367080999999999,79.783575,False
ACK,ACHARAPAKKAM,,,,India,12.406776,79.821722,False
MLMR,MELMARUVATTUR,,,,India,12.429554,79.83380100000001,False
VPH,Vachaspati Nagar,Bihar,ECR,"National Highway 57, Bihar",India,26.400204,86.325158,True
PQM,PAKKAM,,,,India,12.465125,79.850569,False
VTL,Vadtal Swaminarayan,Gujarat,WR,"Vadtal, Gujarat",India,22.591636,72.876748,True
MMK,MADURANTAKAM,,,,India,12.50442,79.89308700000001,False
GMN,GOREGAON,Maharashtra,WR,"Mumbai, Maharashtra",India,19.164447,72.849389,True
WDA,WADRENGDISA,Assam,NFR,"Diakkawn Rd, Assam",India,25.263973,93.177527,True
BAF,Bap,Rajasthan,,"Jodhpur, Rajasthan",India,27.2881821763,72.32740791990001,True
AHH,AHMADGARH,Punjab,NR,"Ahmedgarh, Punjab",India,30.683642000000003,75.829518,True
AGE,Angai,Rajasthan,NCR,"Angai, Rajasthan",India,26.606593,77.46692,True
AHI,ASHTI,Maharashtra,CR,"State Highway 161, Maharashtra",India,17.8447367757,75.4030697949,True
ALP,ALAPAKAM,Tamil Nadu,SR,"NH 45A, Tamil Nadu",India,11.6178033436,79.7272273724,True
BANL,BHATANGLI,Maharashtra,,"MSH3, Maharashtra",India,18.446006999999998,76.678145,True
AMW,AMAN VADI,Maharashtra,SCR,"Washim, Maharashtra",India,20.300507,77.065281,True
AYM,ADIYAKKAMANGALAM,Tamil Nadu,SR,"Thiruvarur, Tamil Nadu",India,10.756748,79.68058,True
ASV,ASARVA JN,Gujarat,WR,"Ahmedabad, Gujarat",India,23.043981000000002,72.612937,True
AMT,AMMAPET,Tamil Nadu,SR,"Ammapet, Tamil Nadu",India,10.779506,79.31573800000001,True
ATT,ATARI,Punjab,NR,"Atari, Punjab",India,31.594934000000002,74.607241,True
JJA,JAJAN PATTI,Rajasthan,WCR,"State Highway 33, Rajasthan",India,27.354893999999998,77.573854,True
ARS,ARASUR,Tamil Nadu,SR,"NH 45A, Tamil Nadu",India,11.270467,79.72470399999999,True
KNDP,KHANDIP,Rajasthan,WCR,"State Highway 1, Rajasthan",India,26.641030999999998,76.911821,True
YDM,Yedamangala,Karnataka,SWR,"Panja Kadaba Rd, Karnataka",India,12.714668,75.44308500000001,True
NNW,NARAYANPUR TATWAR,Rajasthan,WCR,"Sawai Madhopur, Rajasthan",India,26.344258999999997,76.635578,True
BA,BANDRA,Maharashtra,WR,"Mumbai, Maharashtra",India,19.05445443,72.84045439,True
AEJ,ARNEJ,Gujarat,WR,"Arnej, Gujarat",India,22.582088000000002,72.268322,True
NPKM,NANDIYAMPAKKAM,,,,India,13.268080999999999,80.2758,False
DDCE,DUNDI,Madhya Pradesh,WCR,"Dundi, Madhya Pradesh",India,23.557854000000003,80.21665700000001,True
GRO,GURRA,Madhya Pradesh,WCR,"Itarsi, Madhya Pradesh",India,22.632067,77.86729,True
KVZ,KAVALI,,,,India,14.915993,79.988271,False
TTU,TETTU,,,,India,15.042824,80.00582100000001,False
UPD,ULAVAPADU,,,,India,15.167112,80.01336400000001,False
KTZ,KHUTWANSA,Madhya Pradesh,WCR,"Hoshangabad, Madhya Pradesh",India,22.545189,77.602425,True
KKN,KHIRKIYA,Madhya Pradesh,WCR,"State Highway 15, Madhya Pradesh",India,22.166444000000002,76.85944699999999,True
BALI,Bhaili,Gujarat,WR,"Vadodara, Gujarat",India,22.266245011489417,73.1319768447429,True
ATQ,Arantangi,Tamil Nadu,SR,"Aranthangi, Tamil Nadu",India,10.164469056963739,78.99684813804924,True
AGAE,AGRADWIP,West Bengal,ER,"Agradwip, West Bengal",India,23.58096,88.22611699999999,True
DSNR,DASHNAGAR,,,,India,22.5986336217,88.3078029926,False
TPKR,TIKIAPARA,,,,India,22.599036,88.324322,False
PFMA,PFMA,,,,India,,,False
AMLP,Amalpur,Gujarat,WR,"Vadodara, Gujarat",India,22.161144,73.508313,True
AUS,Anupshahr,Rajasthan,NWR,"Anupshaher Rd, Rajasthan",India,28.947951113517377,75.21122979931533,True
ARVI,Arvi,Maharashtra,CR,"Dist. Wardha, Maharashtra",India,,,True
ARX,Areli,Uttar Pradesh,NER,"Areli, Uttar Pradesh",India,,,True
ASM,Asarma,Gujarat,WR,"SH 166, Gujarat",India,,,True
ATB,Alattambadi,Tamil Nadu,SR,"Mazavarayanallu Rd, Tamil Nadu",India,,,True
ATDA,Atladara,Gujarat,WR,"Gujarat, Gujarat",India,,,True
ATX,Alinagar Tola,Bihar,ECR,"Purnea, Bihar",India,,,True
ASLU,Aslu,Rajasthan,NWR,"National Highway 65, Rajasthan",India,28.368987999999998,75.07484199999999,True
AYI,Ayingudi,Tamil Nadu,SR,"Peravurani - Aranthangi Rd, Tamil Nadu",India,,,True
GHSR,GHASARA HALT,,,,India,26.72284,79.360808,False
ULD,ACHALDA,,,,India,26.701949,79.404392,False
AEL,Ateli,Haryana,NWR,"Dist. Mahendragarh, Haryana",India,28.100118,76.25310499999999,True
WTR,WATHAR,Maharashtra,CR,"Satara, Maharashtra",India,17.89054,74.135767,True
WLH,VALHA,Maharashtra,CR,"Indraprastha Rd, Maharashtra",India,18.1836347437,74.1605539337,True
BAAR,Bandar P.H.,West Bengal,,"Haldia, West Bengal",India,22.052122,88.086816,True
AE,Amreli,Gujarat,WR,"Amreli, Gujarat",India,21.607831,71.228012,True
MST,MASIT,,,,India,27.269928999999998,80.257914,False
BGH,BAGHAULI,,,,India,27.228081,80.296314,False
TPND,TALOJA PANCHAND,Maharashtra,CR,"Navi Mumbai, Maharashtra",India,19.078901,73.087316,True
ADVI,ADAVALI,Maharashtra,KR,"Ratnagiri, Maharashtra",India,16.921753,73.592514,True
AGL,AMARGOL,Karnataka,SWR,"Hubli, Karnataka",India,15.4117921224,75.09820837459999,True
AS,ARJANSAR,Rajasthan,NWR,"Bikaner, Rajasthan",India,28.933796,73.87196899999999,True
BAKT,Barhara Kothi,Bihar,ECR,"Purnia, Bihar",India,25.776942,87.09631900000001,True
CM,Campierganj,Uttar Pradesh,NER,"National Highway 29, Uttar Pradesh",India,27.05777,83.267384,True
DB,Dabhoi Junction,Gujarat,WR,"Dabhoi, Gujarat",India,22.137755,73.415466,True
ULU,ULUNDURPET,,,,India,11.702177,79.317787,False
AGZ,AMAGURA,Chhattisgarh,ECoR,"Markel, Chhattisgarh",India,19.068103,82.147342,True
AGB,AMBAGAON,Chhattisgarh,ECoR,"Ambagaon, Chhattisgarh",India,19.062527,82.239507,True
MYKR,MATYAKHERI HALT,,,,India,24.309449,74.951915,False
BBLK,B L DASPURI,Uttar Pradesh,NCR,"B L Daspuri, Uttar Pradesh",India,27.316999355900002,79.36351860779999,True
ARV,ARNI ROAD,Tamil Nadu,SR,"Kalambur, Tamil Nadu",India,12.630801,79.209033,True
BARI,Bari,Rajasthan,NCR,"Bari, Rajasthan",India,26.65005846,77.61817468,True
BAT,Batala Junction,Punjab,NR,"Batala, Punjab",India,31.8214816,75.1944316,True
BBV,BABHULGOAN,Maharashtra,CR,"State Highway 161, Maharashtra",India,17.778326000000003,75.383427,True
ASI,Arseni,Uttar Pradesh,NR,"MORADABAD, Uttar Pradesh",India,27.243104,80.39386,True
APE,ANDANAPPETTAI,Tamil Nadu,SR,"Pappakoil, Tamil Nadu",India,10.758823,79.84409600000001,True
BEHR,BEOHARI,Madhya Pradesh,WCR,"Beohari, Madhya Pradesh",India,24.0002687,81.3797154,True
ARNH,Arjunahalli,Karnataka,SWR,"Arjunahalli, Karnataka",India,12.512857,76.391729,True
BFG,Bagthar,Uttar Pradesh,NCR,"Bandh, Uttar Pradesh",India,26.79623183,77.52218902999999,True
BBAR,BARA,Madhya Pradesh,WCR,"Mahroi, Madhya Pradesh",India,24.001215,81.21186200000001,True
BDYP,Bidyadharpur,West Bengal,ER,"Bidyadharpur, West Bengal",India,22.425122,88.452872,True
AKL,Anakhol,Gujarat,WR,"State HIghway 133, Gujarat",India,,,True
ASAN,ASAN,Haryana,NR,"Panipat, Haryana",India,29.40129,76.882594,True
ATUL,ATUL,Gujarat,WR,"Valsad, Gujarat",India,20.544593354,72.9271335858,True
AONI,Amoni,Assam,NFR,"Amoni, Assam",India,26.448121,92.91960900000001,True
BASA,Banosa,Maharashtra,CR,"Daryapur, Maharashtra",India,,,True
BATS,Bhatsar,Gujarat,WR,"Brahmanwada, Gujarat",India,,,True
HRI,HARDOI,,,,India,27.399414,80.147877,False
BBE,BAGHI BARDIHA,Bihar,ECR,"Baghi Bardiha, Bihar",India,24.953077,85.623332,True
BFX,BAGHI GHAUSPUR,Bihar,ECR,"Baghi Ghauspur, Bihar",India,25.051952,85.684033,True
BCF,Bankapasi,West Bengal,ER,"Bankapasi, West Bengal",India,,,True
BDV,BADANAVALU,Karnataka,SWR,"Nanjungudu-Chamarajanagara Rd, Karnataka",India,12.075565500000002,76.74904447,True
BCHR,Bachar,Gujarat,WR,"Palej, Gujarat",India,,,True
BCM,Buranpudi,Bihar,ECR,"Supaul, Bihar",India,,,True
BDKE,Bhadsivni,Maharashtra,CR,"Bhadsivni, Maharashtra",India,,,True
PGU,PADUGUPADU,,,,India,14.496976,79.989954,False
KJJ,KODAVALURU,,,,India,14.564331,79.99490800000001,False
TMC,TALAMANCHI,,,,India,14.607124,79.998171,False
AXR,ALLURU ROAD,,,,India,14.710541,79.989036,False
BTTR,BITRAGUNTA,,,,India,14.768584800000001,79.98314599999999,False
SVPM,S VENKTESWRPALM,,,,India,14.806671,79.982262,False
KPO,KARANPURA,,,,India,27.1230467855,76.7783649164,False
BUDA,BHUDA,,,,India,27.1289860174,76.8145379749,False
MURD,MANDAWAR MAHUA RD,,,,India,27.1560976594,76.8508226947,False
ANDN,Anand Nagar,Uttar Pradesh,NER,"Pharenda, Uttar Pradesh",India,27.103714,83.270698,True
GOS,GHOSRANA,,,,India,27.179904,76.90338,False
DTF,DANTLA,,,,India,27.1971512117,76.9610701135,False
BDRN,Bhadran,Gujarat,WR,"Borsad, Gujarat",India,,,True
KL,KHERLI,,,,India,27.2002567722,77.0364244739,False
ARK,Arakku,Andhra Pradesh,ECoR,"Araku, Andhra Pradesh",India,18.333991,82.86256,True
TBL,TARCHERRA BRLRM,,,,India,27.205008000000003,77.104134,False
BF,Bagetar,Assam,NFR,"North Cachar Hills, Assam",India,,,True
NBI,NADBAI,,,,India,27.213674308399998,77.2080875122,False
PPEA,PAPRERA,,,,India,27.226004,77.308829,False
HK,HELAK,,,,India,27.234442,77.378757,False
BTE,BHARATPUR JN,,,,India,27.237106999999998,77.488613,False
ATR,Attar,Madhya Pradesh,WR,"East Nimar, Madhya Pradesh",India,21.998734000000002,76.204918,True
NHB,NOH BACHHAMDI,,,,India,27.223368999999998,77.546395,False
IK,IKRAN,,,,India,27.211065,77.608741,False
CIK,CHIKSANA,,,,India,27.199896,77.663925,False
ANY,Arumuganeri,Tamil Nadu,SR,"Arumuganeri, Tamil Nadu",India,8.579144,78.091842,True
BAKA,Banka,Bihar,,"Banka, Bihar",India,24.8659010332,86.91169348999999,True
AH,ACHHNERA JN,,,,India,27.1817602284,77.7578389026,False
TDL,TUNDLA JN,,,,India,27.207747,78.233285,False
BAW,CHIK BANAVAR,Karnataka,SWR,"Bengaluru, Karnataka",India,13.073539,77.50634099999999,True
PVN,PAVUNUR,,,,India,11.600544,79.31580600000001,False
BFN,Bugana,Haryana,NR,"National Highway 65, Haryana",India,29.258822195,75.8278150574,True
ANF,Anandapuram,Karnataka,SWR,"Anandapuram, Karnataka",India,14.073324,75.209164,True
BBN,Barbil,Odisha,SER,"Kiriburu, Odisha",India,22.104577,85.36905800000001,True
HNG,HIRANGAON,,,,India,27.175703000000002,78.31461900000001,False
FZD,FIROZABAD,,,,India,27.147415,78.386691,False
MNR,MAKKHANPUR,,,,India,27.119485,78.4715,False
SKB,SHIKOHABAD JN,,,,India,27.085686,78.57495499999999,False
KAA,KAURARA,,,,India,27.029,78.664813,False
BDN,BHADAN,,,,India,26.9793918,78.73749459999999,False
BBL,BALRAI,,,,India,26.9205023929,78.8237102228,False
JGR,JASWANTNAGAR,,,,India,26.872978000000003,78.893731,False
SB,SARAI BHOPAT,,,,India,26.837847,78.94470899999999,False
ETW,ETAWAH,,,,India,26.785970000000002,79.021502,False
EKL,EKDIL,,,,India,26.76628,79.116455,False
BNT,BHARTHANA,,,,India,26.7502248,79.2163612,False
DBM,DABOLIM,Goa,SWR,"Mormugao, Goa",India,15.389334,73.849937,True
AUWA,AUWA,Rajasthan,NWR,"Somesar, Rajasthan",India,25.665207000000002,73.564613,True
JP,JAIPUR,,,,India,26.920203,75.786923,False
BEB,Beldanga,West Bengal,ER,"Beldanga, West Bengal",India,23.9320594,88.2429681,True
BHLI,BOHALI,Maharashtra,CR,"State Highway 161, Maharashtra",India,17.5887732682,75.27417043950001,True
BASN,BHAINSWAN,Haryana,NR,"Gohana, Haryana",India,29.094392,76.680769,True
BHNA,Bhayna,West Bengal,ER,"Mamjoan Rd, West Bengal",India,23.31226134,88.64165885999999,True
BHME,BHANDARIDAH,,ECR,,India,23.7566729304,86.05509864230001,True
BCU,BHUCHCHU,Punjab,NR,"Bhucho Mandi, Punjab",India,30.209881999999997,75.0951862,True
BHL,BHILWARA,Rajasthan,NWR,"Bhilwara, Rajasthan",India,25.3435508,74.63077340000001,True
KVA,KAVAS,Rajasthan,NWR,"NH-112 Barmer-Jodhpur Hwy, Rajasthan",India,25.867466,71.538716,True
BDW,BANDANWARA,Rajasthan,NWR,"Bandanwara, Rajasthan",India,26.1253008,74.6913786,True
BJV,Bijauria,Uttar Pradesh,NER,"Bareilly, Uttar Pradesh",India,28.574785,79.65527399999999,True
BHJ,Barhaj Bazar,Uttar Pradesh,NER,"Barhaj, Uttar Pradesh",India,26.283912,83.731497,True
DRD,DAHANU ROAD,Maharashtra,WR,"Dahanu, Maharashtra",India,19.991217,72.74336799999999,True
BJRA,BHAJERA,,,,India,27.100774588100002,76.6568744922,False
BDXT,BASAI DHANKOT,Haryana,NR,"Gurgaon, Haryana",India,28.464735,76.983187,True
BCHN,Bochasan Junction,Gujarat,WR,"Anand, Gujarat",India,22.402073,72.847673,True
BHT,Bhattu,Haryana,NWR,"Bhattu Kalan, Haryana",India,29.387323,75.34013,True
SHR,SIHORA ROAD,Madhya Pradesh,WCR,"Jabalpur, Madhya Pradesh",India,23.467136,80.110265,True
SGBJ,SURGAON BANJARI,Madhya Pradesh,WCR,"Khandwa, Madhya Pradesh",India,21.946109,76.544215,True
BADR,Bhader,Gujarat,WR,"Amreli, Gujarat",India,21.36507,70.928979,True
TLA,TITVALA,,,,India,19.296504000000002,73.202714,False
BJUD,BAJUD,Gujarat,WR,"State Highway 31, Gujarat",India,21.736131,71.82792500000001,True
KON,KUDALNAGAR,,,,India,9.944876,78.108666,False
BDSW,Budhsinghwala,Rajasthan,NWR,"Hanumangarh, Rajasthan",India,29.831708406844584,74.22266067937016,True
BER,BEAWAR,Rajasthan,NWR,"Beawar, Rajasthan",India,26.1089078,74.3149711,True
BGDA,Bogada,Odisha,,"Bogada, Orissa",India,20.2787142311,86.5881717944,True
AWG,Awa Garh,Uttar Pradesh,NCR,"Awagarh, Uttar Pradesh",India,27.464247,78.47340000000001,True
SBK,SHAHBAZ KULI,Uttar Pradesh,NER,"Shahbaz Quli, Uttar Pradesh",India,25.632101000000002,83.67465299999999,True
ENR,ENNORE,,,,India,13.218195717099999,80.32212448269999,False
NLS,NELLORE SOUTH,,,,India,14.444474999999999,79.983464,False
AVL,AMRITVEL,Gujarat,WR,"Amrutwel Rd, Gujarat",India,21.077372,71.679671,True
NLR,NELLORE,,,,India,14.460592,79.989383,False
BGR,Bhagdara,Maharashtra,CR,"Bhagdara, Maharashtra",India,,,True
BGA,BAGALIA,West Bengal,SER,"Purulia, West Bengal",India,23.44693617,86.51904643,True
BERO,BERO,West Bengal,SER,"Purulia, West Bengal",India,23.548271,86.72660900000001,True
BHHT,Barhara,Bihar,,"Barhara, Bihar",India,,,True
DVBH,MAKUDAN VIRAPANDI BLOCK HUT,,,,India,11.580796,78.037941,False
AVT,Avati,Karnataka,SWR,"Avati, Karnataka",India,13.299092,77.72667899999999,True
BHOJ,Bhoj Padra,Gujarat,WR,"Vadodara Jambusar, Gujarat",India,,,True
BIV,Bamhani Banjur,Madhya Pradesh,SECR,"Bamhani, Madhya Pradesh",India,22.438916000000003,80.324566,True
BGB,Budge Budge,West Bengal,ER,"Kolkata, West Bengal",India,22.49310248,88.19469228000001,True
BHRD,Baghara Road,,SER,,India,,,True
DDBC,DDBC,,,,India,,,False
UMNR,UMESHNAGAR,Bihar,ECR,"National Highway 31, Bihar",India,25.461085,86.431195,True
BHWR,Bhitiharwa Ashram,Bihar,ECR,"Pashchim Champaran, Bihar",India,,,True
BDBP,BASUDEBPUR,Bihar,ER,"Basudebpur, Bihar",India,24.6355270351,87.98253549799999,True
MOL,MULI ROAD,Gujarat,WR,"Surendranagar, Gujarat",India,22.676562,71.43486,True
AZA,AZARA,Assam,NFR,"Guwahati, Assam",India,26.099339999999998,91.613927,True
BAHI,Balenahalli,Karnataka,SWR,"State Highway 48, Karnataka",India,14.250321000000001,76.56637599999999,True
BDHP,BHUDPUR,Uttar Pradesh,NR,"State Highway 57, Uttar Pradesh",India,29.218093878,77.29116829590001,True
SHW,SAMHON,,,,India,26.734186,79.320694,False
PATA,PATA,,,,India,26.6666191003,79.4794183441,False
PJY,PARA JANI HALT,,,,India,26.596933,79.634896,False
RURA,RURA,,,,India,26.485377,79.908216,False
BPU,BHAUPUR,,,,India,26.46811536,80.12429014,False
CNB,KANPUR CENTRAL,,,,India,26.454240000000002,80.350966,False
CHK,CHAKERI,,,,India,26.381159999999998,80.40654599999999,False
SSL,SIRSAUL,,,,India,26.297301,80.462852,False
RAMA,RAMVA,,,,India,25.8911534211,80.8532993597,False
BKF,Bhikhna Thori,Bihar,ECR,"WestChamparan, Bihar",India,27.333596,84.61057,True
BGJT,Bagha Jatin,West Bengal,ER,"Kolkata, West Bengal",India,22.482615000000003,88.387421,True
BGPL,Baghuapal,Odisha,ECoR,"Orissa, Orissa",India,21.042219,86.013166,True
BEHS,Bihar Sharif,Bihar,ECR,"06112-222306, Bihar",India,25.206116,85.5390747,True
BHRB,Bhairabi,Mizoram,,"Kolasib, Mizoram",India,24.19545969,92.54106045,True
BDWL,BIRADHWAL,Rajasthan,NWR,"National Highway 15, Rajasthan",India,29.1741168151,73.896516228,True
BANE,BASNI,Rajasthan,NWR,"Jodhpur, Rajasthan",India,26.222963,73.010639,True
BHZ,BIHARA,Assam,NFR,"K Rd, Assam",India,24.9628178,92.689054,True
BHI,BAHERI,Uttar Pradesh,NER,"SH 37, Uttar Pradesh",India,28.777391,79.5003221,True
BHB,BADLA GHAT,Bihar,ECR,"Bihar, Bihar",India,25.553762900000002,86.5871439,True
BJNR,BIJAINAGAR,Rajasthan,NWR,"Bijainagar, Rajasthan",India,25.931003,74.65305889999999,True
BGHI,BAGAHAI ROAD,Madhya Pradesh,WCR,"Baghai Road, Madhya Pradesh",India,24.555903,81.018663,True
BDDR,BADODAR,Gujarat,WR,"National Highway 8D, Gujarat",India,21.361072999999998,70.295846,True
BIJ,Birnagar,West Bengal,ER,"Birnagar, West Bengal",India,23.2358754,88.55125199999999,True
BJO,BIJNOR,Uttar Pradesh,NR,"Bijnor, Uttar Pradesh",India,29.3856298,78.14680469999999,True
BHLA,BEHULA,West Bengal,ER,"Behula, West Bengal",India,23.181967399999998,88.4287921,True
BLQR,BILASPUR ROAD,Uttar Pradesh,NER,"Rampur, Uttar Pradesh",India,28.865600999999998,79.254263,True
BHLE,Barahat,Bihar,ER,"State Highway 19, Bihar",India,24.9206004744,87.0100837976,True
BGAE,BALAGARH,West Bengal,ER,"Balagarh, West Bengal",India,23.1215453,88.4525522,True
BJRI,BIJURI,Madhya Pradesh,SECR,"Shahdol, Madhya Pradesh",India,23.250338600000003,82.1189461,True
BHTA,BHATIYA,Gujarat,WR,"National Highway 8E, Gujarat",India,22.0881542,69.2803623,True
BKRO,BOKARO THERMAL,,ECR,,India,23.7851503,85.87557819999999,True
CHCR,CHACHER,,,,India,21.241422,79.354918,False
DNL,DHANOLI,,,,India,21.3221098696,80.42759080629999,False
LLP,Lalitgram,Bihar,ECR,"Lalitgram, Bihar",India,26.35666473117378,87.01226592063904,True
NI,NAYDONGRI,,,,India,20.3484309504,74.8366330817,False
HJN,HOWRAH JN. CABIN,,,,India,22.583533,88.342811,False
PKE,PIMPAR KHED,,,,India,20.307455334,74.7559997266,False
PJN,PANJHAN,,,,India,20.275504,74.606561,False
HSL,HISVAHAL,,,,India,20.283239000000002,74.57099,False
PNV,PANEVADI,,,,India,20.26527,74.494903,False
MMR,MANMAD JN,,,,India,20.249887,74.438305,False
TGR3,BLOCK AND CATCH SIDING CABINE NO.3,,,,India,19.674468,73.485951,False
BDGP,BADANAGUPPE,Karnataka,SWR,"SH 57, Karnataka",India,11.990316,76.861228,True
KYN,KALYAN JN,,,,India,19.234716000000002,73.12974,False
PMR,PITAMBARPUR,,,,India,28.200105,79.538072,False
BIQ,BANSI PAHARPUR,Rajasthan,NCR,"Rupbas, Rajasthan",India,26.93277,77.457241,True
CTTP,CHITRAPUR HALT,Karnataka,KR,"Uttara Kannada, Karnataka",India,14.036147999999999,74.536566,True
BMDI,Brahmanwada,Gujarat,WR,"State Highway 7, Gujarat",India,,,True
BFD,BORHAT,Assam,NFR,"Nahar Rd, Assam",India,27.164263,95.277512,True
BGM,BELGAUM,Karnataka,SWR,"Belgaum, Karnataka",India,15.8492433,74.5095639,True
BGU,BAIRGANIA,Bihar,ECR,"Barahwa Pool Rd, Bihar",India,26.738281999999998,85.27333399999999,True
BGRM,Biggabas Ramsara,Rajasthan,NWR,"National Highway 11, Rajasthan",India,28.04769242,74.20154742999999,True
BEML,BEML Nagar,Karnataka,SWR,"KGF, Karnataka",India,12.9786413,78.24197815000001,True
BKT,BAKSHI KA TALAB,Uttar Pradesh,NER,"Bakshi Ka Talab, Uttar Pradesh",India,26.983452,80.922331,True
BFPA,Bhopatpur,Uttar Pradesh,NER,"Bhopatpur, Uttar Pradesh",India,28.375464097400002,79.8051375,True
BJP,BIJAPUR,Karnataka,SWR,"Bijapur, Karnataka",India,16.8310603,75.7400012,True
BILA,Bheslana,Rajasthan,NWR,"Jobner to Nawa Rd, Rajasthan",India,27.065209000000003,75.304187,True
VJA,VEJANDLA,Andhra Pradesh,SCR,"Guntur, Andhra Pradesh",India,16.237226,80.519729,True
SJL,SANGAM JAGARLAMUDI,Andhra Pradesh,SCR,"High School Rd, Andhra Pradesh",India,16.246589,80.570521,True
BDE,Bodeli,Gujarat,WR,"Vadodara, Gujarat",India,22.2701906,73.71657979999999,True
GCAB,GCAB,,,,India,21.204607999999997,81.431558,False
BIA,BHILAI,,,,India,21.202598300000002,81.4217238,False
BPHB,BHILAI POWER HOUSE,,,,India,21.208119,81.375901,False
BQR,BHILAI NAGAR,,,,India,21.2013382,81.33434510000001,False
BADK,BARKA,Uttar Pradesh,NR,"State Highway 57, Uttar Pradesh",India,29.0725646906,77.2733021582,True
BDKT,Badakhandita,Odisha,ECoR,"State Highway 12, Orissa",India,20.365448699999998,86.08383554000001,True
BELA,Bela,Bihar,ECR,"Gaya, Bihar",India,24.97843,84.981353,True
VDE,VEDAYAPALEM,,,,India,14.404478,79.957106,False
TRL,TIRUVALLUR,,,,India,13.115764,79.913105,False
BIDR,Bidar,Karnataka,SCR,"Bidar, Karnataka",India,17.9116836,77.5137793,True
WCN,WIMCO NAGAR,,,,India,13.180491,80.305807,False
KAVM,KATHIVAKKAM,,,,India,13.204343999999999,80.31674199999999,False
VKT,VENKATACHALAM,,,,India,14.327256,79.92732000000001,False
BHM,Bahram,Punjab,NR,"Behram, Punjab",India,31.197575,75.894193,True
BGPA,Bageshapura,Karnataka,SWR,"Bageshapura, Karnataka",India,13.143803441600001,76.2293551874,True
BHRJ,Becharji,Gujarat,WR,"State Highway 7, Gujarat",India,23.516602,72.02941299999999,True
SDM,SURAREDDIPALEM,,,,India,15.407571,80.045682,False
PRH,POWERPET,,,,India,16.713189,81.106602,False
VGT,UNGUTURU,,,,India,16.824498,81.42356000000001,False
BMGM,BRAHMANAGUDEM,,,,India,16.930258209999998,81.67527695,False
KYM,KADIYAN,,,,India,16.914337999999997,81.832674,False
BBPM,BALABHADRAPURAM,,,,India,16.96580143,82.00037565999999,False
NASP,NARASINGAPALLI,,,,India,17.606751,82.891038,False
GPT,GOPALAPATNAM,,,,India,17.748818,83.214877,False
VKD,BAKHRABAD,,,,India,22.118541,87.36345,False
NYA,NARAYANGARH,,,,India,22.174233,87.380456,False
BPE,BENAPUR,,,,India,22.271352309999997,87.37624084000001,False
HIJ,HIJILLI,,,,India,22.319921,87.32016899999999,False
BKL,BONA KALU,Andhra Pradesh,SCR,"Bonakalu, Andhra Pradesh",India,17.031591000000002,80.261499,True
BLO,BHULON,Rajasthan,WCR,"Kota, Rajasthan",India,24.635909,76.968812,True
BMHR,BAMANHERI,Uttar Pradesh,NR,"Muzaffarnagar, Uttar Pradesh",India,29.514761999999997,77.70639,True
BME,BARMER,Rajasthan,NWR,"Barmer, Rajasthan",India,25.744521900000002,71.397067,True
BLC,BOLDA,Maharashtra,SCR,"Parbhani, Maharashtra",India,19.5520321,77.2735908,True
BKWA,BAKAYANWALA,Rajasthan,NR,"Diwan Khera, Rajasthan",India,30.143292,73.98581800000001,True
BLDI,BHILDI,Gujarat,WR,"Bhildi, Gujarat",India,24.194251,72.008187,True
BJ,BAHJOI,Uttar Pradesh,NR,"Bahjoi, Uttar Pradesh",India,28.401499599999998,78.6315064,True
ADIJ,AHMEDABAD JN,,,,India,23.025715,72.60171600000001,False
BMSR,Bhimasar,Gujarat,WR,"Kutch, Gujarat",India,23.533660939738297,70.88691945187747,True
BLWR,BILESHWAR,Gujarat,WR,"Rajkot, Gujarat",India,22.382129,70.830427,True
BKDE,BUDHAKHERA,Haryana,NR,"SH 14, Haryana",India,29.378719,76.557193,True
HCAB,BMY H CABIN,,,,India,21.220990999999998,81.46489100000001,False
KOK,KORUKKUPET JN,,,,India,13.120489801700002,80.27837727340001,False
BHY,BHAYAVADAR,Gujarat,WR,"Sahid Kharachia, Gujarat",India,21.8478371804,70.23614485659999,True
BL,VALSAD,Gujarat,WR,"Valsad, Gujarat",India,20.6085595,72.9335291,True
TNP,TONDIARPETTAI,,,,India,13.1262400028,80.28092114379999,False
BNSP,BANSAPAHAR,Uttar Pradesh,WCR,"Uttar Pradesh, Uttar Pradesh",India,25.055505,81.050022,True
ULB,ULUBARIA,,,,India,22.472428,88.093209,False
BLP,Balrampur,Uttar Pradesh,NER,"Balrampur, Uttar Pradesh",India,27.4158206073,82.16066989870001,True
VOC,V.O.C. NAGAR,,,,India,13.140301627300001,80.28745678409999,False
CTRE,CHITTERI,,,,India,13.068171999999999,79.597909,False
TUG,THALANGAI,,,,India,13.003678,79.42612799999999,False
APH,ANUPGARH,Rajasthan,NWR,"Sri Ganganagar, Rajasthan",India,29.1968977,73.2045643,True
WJR,WALAJAH ROAD JN,,,,India,12.970676,79.360511,False
BJMR,BAIJNATH MANDIR,Himachal Pradesh,NR,"Baijnath, Himachal Pradesh",India,32.052625660000004,76.65152893999999,True
MCN,MUKUNDARAYAPURM,,,,India,12.977678,79.289067,False
TVT,TIRUVOTTIYUR,,,,India,13.160025,80.296454,False
BOTR,Bhavdhari,Haryana,NWR,"Bhiwani, Haryana",India,,,True
BOX,Bhojasar,Rajasthan,NWR,"State Highway 8, Rajasthan",India,,,True
BMR,BIKRAMPUR,Madhya Pradesh,WCR,"Balaghat, Madhya Pradesh",India,23.082226,79.586316,True
BPAH,Benipur Halt,Bihar,ECR,"Darbhanga, Bihar",India,,,True
BKH,BANKHEDI,Madhya Pradesh,WCR,"Bankheri, Madhya Pradesh",India,22.7748819,78.5379969,True
AKRA,Akra,West Bengal,ER,"Kolkata, West Bengal",India,22.514668,88.249021,True
BPF,BANAPURA,Madhya Pradesh,WCR,"Seoni Malwa, Madhya Pradesh",India,22.4703575471,77.4807316095,True
BLKR,BALLEKERE HALT,Karnataka,SWR,"National Highway 206, Karnataka",India,13.502322000000001,76.023514,True
SUCH,SUCHINDRAM,Tamil Nadu,SR,"Suchindram, Tamil Nadu",India,8.149479,77.466792,True
BJWS,Bojawas,Haryana,NWR,"State Highway 24, Haryana",India,28.312786,76.25286799999999,True
BLGA,Belagula,Karnataka,SWR,"Belagula, Karnataka",India,12.385698676899999,76.5887032642,True
BLLI,BALLI,Goa,KR,"Bali, Goa",India,15.151725800000001,74.0209756,True
BJMD,Bara Jamda,Jharkhand,SER,"Kiriburu, Jharkhand",India,22.1665327,85.41239200000001,True
BMP,Bramhapuri,Maharashtra,SECR,"Brahmapuri, Maharashtra",India,20.603943,79.867537,True
BIC,Bichia,Uttar Pradesh,NER,"Bichia, Uttar Pradesh",India,28.1830705,81.2720808,True
BILK,Bilkha,Gujarat,WR,"Bilkha, Gujarat",India,21.443078399999997,70.6004021,True
BMPR,Badampahar,Odisha,SER,"National Highway 6, Orissa",India,22.2640234,86.18081819999999,True
BMGR,Bamangram,West Bengal,NFR,"Hemtabad, West Bengal",India,25.622139865799998,88.1912832245,True
BPN,Banpur,West Bengal,ER,"Banpur-Majhdia Rd, West Bengal",India,23.45186861,88.76185515,True
BMLL,Bamla,Haryana,NWR,"State Highway 16A, Haryana",India,28.832463999999998,76.244079,True
BMW,Bamhni,Maharashtra,SECR,"Nagpur, Maharashtra",India,20.922361,79.364152,True
KOTR,KORATTUR,,,,India,13.113345,80.184062,False
PCW,PERAMBUR CARRIAGE WORKS,,,,India,13.107240000000001,80.23865900000001,False
VLK,VILLIVAKKAM,,,,India,13.110062,80.209621,False
BNHL,Bellenahalli,Karnataka,SWR,"Chitradurga, Karnataka",India,14.243859,76.554391,True
PVM,PATTARAVKKAM,,,,India,13.114872,80.166656,False
ABU,AMBATTUR,,,,India,13.114305980800001,80.1525249074,False
ANNR,ANNANUR,,,,India,13.116018,80.126743,False
KMSI,Kumsi,,,,India,14.051954,75.402042,False
AVD,AVADI,,,,India,13.118247,80.10051800000001,False
HC,HINDU COLLEGE,,,,India,13.118538,80.074903,False
PAB,PATTABIRAM,,,,India,13.11926,80.06542400000001,False
NEC,NEMILICHERRY HALT,,,,India,13.121643,80.045378,False
SVR,SEVVAPET ROAD,,,,India,13.124996999999999,79.96668799999999,False
PTLR,PUTLUR HALT,,,,India,13.122922,79.93709999999999,False
EGT,EGATTUR HALT,,,,India,13.106198,79.88406,False
BJE,Bhojudih Junction,Jharkhand,SER,"Jairampur More to Baliapur, Jharkhand",India,23.642174999999998,86.4469993,True
MAF,MANUR,,,,India,13.096025,79.801508,False
MSU,MOSUR,,,,India,13.0857348949,79.7188409808,False
MLPM,MELPAKKAM,,,,India,13.080671,79.659245,False
MRLM,MARUDALAM,,,,India,12.99726,79.399298,False
BPZ,BAZPUR,Uttarakhand,NER,"Bazpur, Uttarakhand",India,29.1578998,79.1463827,True
BRY,BAREILLY,Uttar Pradesh,NER,"Bareilly, Uttar Pradesh",India,28.3372843,79.4109744,True
BQZ,BALLALPUR,West Bengal,ER,"Farakka, West Bengal",India,24.747459000000003,87.91224299999999,True
BNN,BARNALA,Punjab,NR,"Barnala, Punjab",India,30.370396799999998,75.5492466,True
BNJL,BINJHOL HALT,Haryana,NR,"Panipat, Haryana",India,29.344605,76.92378099999999,True
KAV,KALAMNA,,,,India,21.168195,79.140955,False
BNH,BHIMNATH,Gujarat,WR,"Bhimnath, Gujarat",India,22.245963,71.92503,True
BNVD,BHANVAD,Gujarat,WR,"Bhanvad, Gujarat",India,21.9330444,69.79885780000001,True
BRGM,Baraigram Junction,Assam,NFR,"National Highway 44, Assam",India,24.684059,92.344106,True
BSPR,BISHRAMPUR,Chhattisgarh,SECR,"District Sarguja, Chhattisgarh",India,23.179178,82.98289000000001,True
BRH,BAIKUNTHPUR RD,Chhattisgarh,SECR,"NH 78, Chhattisgarh",India,23.317286,82.5298836,True
SAL,SALWA,,,,India,21.236542,79.292976,False
BTKL,Bhatkal,Karnataka,KR,"Bhatkal, Karnataka",India,13.987012001486875,74.56730199046433,True
TAR,THARSA,,,,India,21.256602,79.41467,False
TMR,TUMSAR ROAD,,,,India,21.342437,79.75141900000001,False
GJ,GANGAJHARI,,,,India,21.443153,80.058885,False
BNSR,BHAGWANSAR,Rajasthan,NWR,"Bhagwan Sar, Rajasthan",India,29.343806,73.859791,True
PJB,PANIAJOB,,,,India,21.183732000000003,80.693768,False
THL,TIRUVALAM,,,,India,12.974779,79.245745,False
BQH,Bhanohad Punjab,Punjab,NR,"Bhanohad, Punjab",India,30.85173825,75.70970576,True
SVUR,SEVUR,,,,India,12.971785,79.189821,False
KPD,KATPADI JN,,,,India,12.972734,79.13534100000001,False
BPRA,BARIPURA,Uttar Pradesh,NCR,"National Highway 86, Uttar Pradesh",India,25.340728000000002,79.943488,True
PCKM,PACHACHAKUPAM,,,,India,12.822656,78.757365,False
BRPM,Baripur Mandala,Gujarat,WR,"Mandala, Gujarat",India,,,True
BRTL,Bharthali,Gujarat,WR,"National Highway 8, Gujarat",India,,,True
DGG,DONGARGARH,,,,India,21.185492,80.759857,False
BPO,Baripada,Odisha,SER,"Baripada, Orissa",India,21.9227408,86.73709000000001,True
BO,Borsad,Gujarat,WR,"Borsad, Gujarat",India,22.401548000000002,72.909158,True
JTR,JATKANHAR,,,,India,21.1798,80.821965,False
BS,Banisar,Rajasthan,NWR,"Benisar, Rajasthan",India,28.067563416,73.8954879211,True
ATH,ANTAH,Rajasthan,WCR,"Antah, Rajasthan",India,25.1611771,76.3072684,True
BON,BHONRA,Rajasthan,WCR,"Kota, Rajasthan",India,25.171061136400002,76.1976736633,True
BOV,Bhatgaon,Chhattisgarh,SECR,"Bhatgaon, Chhattisgarh",India,21.171626,81.71272400000001,True
MUA,MUSRA,,,,India,21.152966,80.879372,False
BNCE,BANGALORE EAST,Karnataka,SWR,"Bengaluru, Karnataka",India,13.001479999999999,77.6184701,True
KNDV,KNDV,,,,India,,,False
BRP,Baruipur Junction,West Bengal,ER,"Baruipur, West Bengal",India,22.366657999999997,88.431647,True
AAH,ITEHAR,Madhya Pradesh,NCR,"State Highway 19, Madhya Pradesh",India,26.562635,78.683783,True
RYT,RAYAT PURA,Madhya Pradesh,NCR,"National Highway 92, Madhya Pradesh",India,26.456937,78.38188099999999,True
BBY,BHADROLI,Madhya Pradesh,NCR,"Gwalior, Madhya Pradesh",India,26.30595,78.181356,True
BAKL,BAKAL,,,,India,21.123637,80.940946,False
BTKB,Bathna Krittibas Halt,West Bengal,ER,"Bathna Krittibas, West Bengal",India,23.236313600000003,88.48266943,True
GD,GONDA JN,,,,India,27.154613,81.97815200000001,False
AKZ,Akashi,Jharkhand,SER,"Ranchi, Jharkhand",India,23.385124400800002,84.8877858557,True
BR,BANDH BARETA,Rajasthan,NCR,"Dumariya, Rajasthan",India,26.910367,77.364108,True
DAN,DHANETA,,,,India,28.512293999999997,79.264748,False
CKYD,CHAKRA ROAD,Uttar Pradesh,NER,"Chakara Road Halt, Uttar Pradesh",India,26.001213,83.672178,True
MUP,MURHIPAR,,,,India,21.183141,81.14815399999999,False
BOKE,BHOKE,Maharashtra,KR,"Maharashtra, Maharashtra",India,17.0490546,73.3810615,True
RSM,RASMARA,,,,India,21.204118,81.2164,False
PHQ,PARDHANDE,,,,India,20.7292951895,75.3769414349,False
PC,PACHORA JN,,,,India,20.668385,75.34831,False
BSKH,Basukinath,Jharkhand,ER,"Basukinath, Jharkhand",India,24.388941000000003,87.045099,True
BSKN,Bhesana Manknaj,Gujarat,WR,"State Highway 41, Gujarat",India,23.4987569498,72.3312086395,True
GAA,GALAN,,,,India,20.6095998065,75.27700034419999,False
NGD,NAGARDEVLA,,,,India,20.6030016547,75.1981061108,False
AV,ASVALI,,,,India,19.817370999999998,73.751085,False
PI,PADLI,,,,India,19.783928,73.66573299999999,False
GO,GHOTI,,,,India,19.722911,73.63594400000001,False
IGP,IGATPURI,,,,India,19.694053,73.56237899999999,False
SHAD,SHAHAD,,,,India,19.244702,73.158611,False
ASE,ASAUDAH,Haryana,NR,"Delhi-Rohtak Corridor, Haryana",India,28.73653776,76.85877285,True
ABO,ASTHAL BOHAR,Haryana,NR,"Rohtak, Haryana",India,28.857765,76.629155,True
KZH,KILA ZAFARGARH,Haryana,NR,"NH 71, Haryana",India,29.0805810005,76.4289531995,True
BNQL,BHANKALA HALT,Uttar Pradesh,NR,"State Highway 57, Uttar Pradesh",India,29.845590837699998,77.4743493237,True
BQA,BANKURA,West Bengal,SER,"Bankura, West Bengal",India,23.224387099999998,87.07468750000001,True
BRLI,Barauli,Uttar Pradesh,NCR,"National Highway 11B, Uttar Pradesh",India,26.552056,77.424988,True
BPRH,Balpur Halt,Chhattisgarh,SECR,"Umreli, Chhattisgarh",India,22.115136,82.694138,True
BNKI,Banmankhi Junction,Bihar,ECR,"Purnia, Bihar",India,25.885092,87.193664,True
AIP,ATTIPPATTU,,,,India,13.2611631708,80.2889459058,False
MJR,MINJUR,,,,India,13.281979,80.26019199999999,False
BRJ,Brace Bridge,West Bengal,ER,"Kolkata, West Bengal",India,22.517861,88.301496,True
BZGT,Bazurghat,Assam,NFR,"Bazurghat, Assam",India,24.607593,92.38341799999999,True
ALGP,Algapur,Assam,,"Hailakandi, Assam",India,24.754753,92.59591800000001,True
TAN,TARANA ROAD,,,,India,23.264582,76.06701699999999,False
DWO,DOIWALA,Uttarakhand,NR,"Dehradun, Uttarakhand",India,30.175451000000002,78.12218,True
BRSQ,BRAR SQUARE,Delhi,NR,"Delhi Cantonment, Delhi NCT",India,28.613526,77.14079000000001,True
KAT,KHATAULI,Uttar Pradesh,NR,"Khatauli, Uttar Pradesh",India,29.273712,77.736988,True
BUB,Bissau,Rajasthan,NWR,"Bissau, Rajasthan",India,28.2401014,75.0612084,True
PQY,PABLI KHAS,Uttar Pradesh,NR,"Meerut, Uttar Pradesh",India,29.05601,77.698335,True
GUH,GULDHAR,Uttar Pradesh,NR,"Ghaziabad, Uttar Pradesh",India,28.703751999999998,77.455792,True
BRRD,BORDI ROAD,Gujarat,WR,"Bordi, Gujarat",India,20.122424,72.766138,True
BRU,BHAIROGANJ,Bihar,ECR,"Bhairoganj, Bihar",India,27.151418149999998,84.24239742,True
BTH,BETTIAH,Bihar,ECR,"Bettiah, Bihar",India,26.8058847,84.5229561,True
MKU,MALKAPUR,,,,India,20.891974,76.202946,False
BSDL,BHARSENDI,Madhya Pradesh,WCR,"Sidhi, Madhya Pradesh",India,24.036488,82.06039,True
BSC,Bulandshahr,Uttar Pradesh,NR,"Bulandshahr, Uttar Pradesh",India,28.3919187,77.8482415,True
BTPG,Betheria Ghola,West Bengal,ER,"Betheria Ghola, West Bengal",India,22.350122,88.573321,True
BTPD,Bethampurdi,Andhra Pradesh,SCR,"Kothagudem To Bhadrachalam Rd, Andhra Pradesh",India,17.543986,80.573657,True
BTG,BASHARATGANJ,Uttar Pradesh,NR,"Bareilly, Uttar Pradesh",India,28.288009,79.2851956,True
BTIC,BHATINDA CANTT,Punjab,NR,"State Highway 17, Punjab",India,30.19088,74.954044,True
ALL,ALAL,Punjab,NR,"Mullowal, Punjab",India,30.377724999999998,75.72074952000001,True
WADO,WADODA,,,,India,20.8885446711,76.279846955,False
KJL,KHUMGAON BURTI,,,,India,20.866943,76.401107,False
NN,NANDURA,,,,India,20.838889,76.46015799999999,False
BTD,BOTAD JN,Gujarat,WR,"Botad, Gujarat",India,22.182870599999998,71.6655966,True
BU,BASWA,Haryana,NWR,"Alwar, Haryana",India,27.149686000000003,76.575644,True
AK,AKOLA JN,,,,India,20.723084,77.005497,False
DKS,DAREKASA,,,,India,21.271299000000003,80.580751,False
BUGL,Buglanwali,Rajasthan,NWR,"Hanumangarh, Rajasthan",India,29.79175066957987,74.23897337168455,True
BSX,BASAR,Andhra Pradesh,SCR,"Basara, Andhra Pradesh",India,18.86512,77.938506,True
BWZ,Baddowal,Punjab,NR,"Baddowa, Punjab",India,30.862116999999998,75.742678,True
BSQ,BARSI TAKLI,Maharashtra,SCR,"Dist. Akola, Maharashtra",India,20.576054000000003,77.060902,True
PARH,PARAKHEDA,Madhya Pradesh,WCR,"Shivpuri, Madhya Pradesh",India,25.705583,77.642772,True
BLNR,BIRLANAGAR,,,,India,26.237555,78.1953108,False
BUQ,Bargi,Madhya Pradesh,SECR,"Bargi Nagar - Ghansore Rd, Madhya Pradesh",India,22.995932999999997,79.875125,True
SIKD,SIKRODA KWANRI,,,,India,26.569564,77.96285300000001,False
BSJ,Bhupalsagar,Rajasthan,NWR,"Rajsamand, Rajasthan",India,24.8477620899,74.2116131934,True
BRPK,Bisharpara Kodaliya,West Bengal,ER,"Kolkata, West Bengal",India,22.676284,88.434731,True
TY,TULUKAPATI,Tamil Nadu,SR,"National Highway 7, Tamil Nadu",India,9.467438999999999,77.936903,True
BYSA,Basulyasutahata,West Bengal,SER,"Haldia, West Bengal",India,22.12030128,88.13056325,True
BRG,BARGARH,Uttar Pradesh,NCR,"Kaushambi, Uttar Pradesh",India,25.164270416300003,81.4500584753,True
KSRA,KASARA,,,,India,19.647159,73.472003,False
OMB,OOMBERMALI,,,,India,19.628026000000002,73.422651,False
MH,Marahra,,CR,,India,25.100178,85.446664,True
KE,KHARDI,,,,India,19.579952,73.393442,False
THS,THANSIT,,,,India,19.549981,73.35181299999999,False
BSGR,Bhagsar,Punjab,NR,"Ramgarh Chungha, Punjab",India,30.452385,74.40197699999999,True
ATG,ATGAON,,,,India,19.5031813038,73.3276912396,False
ASO,ASANGAON,,,,India,19.439277999999998,73.307859,False
VSD,VASIND,,,,India,19.406422,73.26768899999999,False
KDV,KHADAVLI,,,,India,19.35621892,73.21871043,False
ABY,AMBIVLI,,,,India,19.267587,73.17171,False
DIVA,DIVA,,,,India,19.188394,73.041905,False
SNRD,MUMBAI SANDHURST ROAD,Maharashtra,CR,"Mumbai, Maharashtra",India,18.962311,72.839733,True
BXB,Banga,Punjab,NR,"Nawan Shahar, Punjab",India,31.177139,75.999562,True
TNA,THANE,,,,India,19.185757000000002,72.97541700000001,False
BVW,Bahminiwala,Punjab,NR,"State Highway 20, Punjab",India,30.548939999999998,74.19313199999999,True
MLND,MULUND,,,,India,19.172355,72.956933,False
KUF,KAURHA,,,,India,27.462683,80.102675,False
KAR,KARNA,,,,India,27.32161,80.19623499999999,False
NHU,NAHUR,,,,India,19.154646,72.946683,False
BTQ,Betnoti,Odisha,SER,"Betnoti, Orissa",India,21.741339999999997,86.8435187,True
BSN,BANASANDRA,Karnataka,SWR,"SH19, Karnataka",India,13.265332,76.659317,True
MOI,MORI BERA,Rajasthan,NWR,"Nana, Rajasthan",India,25.035574999999998,73.136306,True
BRLY,BIROLIYA,Rajasthan,NWR,"Biroliya Rd, Rajasthan",India,25.170546,73.192517,True
RT,ROHAT,Rajasthan,NWR,"SH 64, Rajasthan",India,25.921475609399998,73.0953188199,True
BSRX,BAGEVADI RD,Karnataka,SWR,"Bagevadi, Karnataka",India,16.47986853,75.82814753,True
AIPP,ATTIPPATTU PUDU NAGAR,,,,India,13.249326,80.299606,False
BZG,Bilga,Punjab,NR,"Bilga, Punjab",India,31.058267,75.66684099999999,True
LMC,LAKHAMANCHI,Gujarat,WR,"State Highway 113, Gujarat",India,22.5718124104,71.14841382110001,True
BDME,Baidyanathdham Deoghar,Jharkhand,ER,"Deoghar, Jharkhand",India,24.4892623,86.6920701,True
BTW,BARSI TOWN,Maharashtra,CR,"Barshi, Maharashtra",India,18.240993,75.718169,True
BWW,Barwaha,Madhya Pradesh,WR,"Barwah, Madhya Pradesh",India,22.255445899999998,76.0302621,True
JWLS,JAWAN WALA SHEHAR,Himachal Pradesh,NR,"Jawan Wala Shehar, Himachal Pradesh",India,32.14165,76.003772,True
KIM,KIM,,,,India,21.399697,72.926702,False
CDLD,Chandlodiya,Gujarat,WR,"Ahmadabad, Gujarat",India,,,True
CDMA,Chandeshwarsthan,Bihar,ECR,"Chandeshwarsthan, Bihar",India,,,True
SER,SAMAYANALLUR,,,,India,9.981546,78.035087,False
CDD,Chandod,Gujarat,WR,"State Highway 160, Gujarat",India,21.99195697308774,73.45218163914979,True
DPH,DADHAPARA,,,,India,22.028156,82.123182,False
JRMG,JAIRAMNAGAR,,,,India,22.034344,82.29651100000001,False
UGN,UGAON,,,,India,20.122591999999997,74.136829,False
BXT,Bamanhat,West Bengal,NFR,"Kurigram Nageshwari Rd, West Bengal",India,26.076284459879247,89.62797752581537,True
BXK,BANDARKHAL,Assam,NFR,"Diakkawn Rd, Assam",India,25.069785,92.80071699999999,True
BWX,BAHMAN DIWANA,Punjab,NR,"Behman Diwana, Punjab",India,30.225526,74.849153,True
BYHA,BARYA RAM,Uttar Pradesh,NR,"THAKUR Rd, Uttar Pradesh",India,25.566931,82.22659200000001,True
CRK,CHARKHERA,Madhya Pradesh,WCR,"Harda, Madhya Pradesh",India,22.367273,77.171177,True
BUTA,BHADUTALA,West Bengal,SER,"Lalgarh-Medinipur Road, West Bengal",India,22.485657,87.3208,True
CDGR,CHANDRAKONA RD,West Bengal,SER,"Chandrakona Rd, West Bengal",India,22.739076,87.340588,True
BZO,BARSOLA,Haryana,NR,"District Jind, Haryana",India,29.394379,76.231711,True
DG,DINDIGUL JN,,,,India,10.35381,77.985472,False
VO,VELLODU,,,,India,10.317775999999999,77.951415,False
ABI,AMBATURAI,,,,India,10.272226,77.924468,False
KQN,KODAIKANAL ROAD,,,,India,10.179613000000002,77.909593,False
VDP,VADIPPATTI,,,,India,10.086114,77.945674,False
CDQ,CHADOTAR,Gujarat,WR,"National Highway 14, Gujarat",India,24.18394723,72.37251094,True
BWL,BAWAL,Haryana,NWR,"Bawal, Haryana",India,28.070281,76.572402,True
BVRT,BHIMAVARAM TOWN,Andhra Pradesh,SCR,"Bhimavaram, Andhra Pradesh",India,16.547348,81.516853,True
BQN,BAGRI NAGAR,Rajasthan,NWR,"Marwar, Rajasthan",India,25.895725000000002,73.787801,True
KYR,KARUPPATTI,,,,India,10.044464999999999,77.94839300000001,False
SDN,SHOLAVANDAN,,,,India,10.02227,77.96508200000001,False
CIO,Chikhli Road,Gujarat,WR,"SH 179, Gujarat",India,,,True
BUG,BAGAHA,Bihar,ECR,"Bagaha, Bihar",India,27.130045000000003,84.066991,True
CAI,CHANPATIA,Bihar,ECR,"Sikta-Mainatad Rd, Bihar",India,26.94163,84.53063900000001,True
CAA,CHAKIA,Bihar,ECR,"Chakia, Bihar",India,26.417182,85.04636,True
CKNA,Chikna,,ECR,,India,,,True
BXM,BELRAYAN,Uttar Pradesh,NER,"Tikapur, Uttar Pradesh",India,28.379381,80.915268,True
BVQ,BHILAVDI,Maharashtra,CR,"Sangli, Maharashtra",India,17.008048,74.51678100000001,True
ANR,ANARA,West Bengal,SER,"Purulia, West Bengal",India,23.481082,86.559763,True
BWPL,Balwant Pura Chelasi,Rajasthan,NWR,"Jhunjhunu, Rajasthan",India,27.9104715,75.44328689999999,True
CATD,Chataud,,SECR,,India,21.015051,81.73716,True
CID,Chiraidongri,Madhya Pradesh,SECR,"Chiraidongri, Madhya Pradesh",India,22.411417999999998,80.287402,True
KGFR,KATHGHAR RIGHT BANK,,,,India,28.832108335,78.8082265295,False
KGFE,KATHGHAR EAST,,,,India,28.832685,78.8095,False
BHGJ,Bihariganj,Bihar,ECR,"Kishanganj, Bihar",India,25.732598999999997,86.992655,True
HTGR,HATHIGADH,Gujarat,WR,"SH 115, Gujarat",India,21.620099999999997,71.444628,True
CHBN,Chandkhira Bagn,Assam,NFR,"National Highway 44, Assam",India,24.515852,92.287381,True
YY-MMRX,YY-MMRX,,,,India,,,False
MKY,MEKKUDI,Tamil Nadu,SR,"Nagappattinam - Trichy - Karur- Coimbatore - Mettupalayam - Ooty - Gundlupet Road(Vandikara Street), Tamil Nadu",India,10.87109,78.628737,True
MIL,MILAK,,,,India,28.612475,79.16411699999999,False
NRS,NAGARIA SADAT,,,,India,28.550179,79.205555,False
BXC,Barwala,Haryana,NR,"Barwala, Haryana",India,29.367534,75.88703100000001,True
BLM,BALAMU JN,,,,India,27.167362999999998,80.352497,False
UTA,UMAR TALI,,,,India,27.086986,80.473465,False
CBG,Charbhuja Road,Rajasthan,NWR,"Amet, Rajasthan",India,25.352227999999997,73.946241,True
HNA,HONNAVAR,Karnataka,KR,"Honavar, Karnataka",India,14.316931,74.433196,True
SEN,SENAPURA,Karnataka,KR,"Udupi, Karnataka",India,13.717680182199999,74.6840119482,True
CGX,Chargola,Assam,NFR,"National Highway 44, Assam",India,24.845883999999998,92.416794,True
TMP,TAMARAIPADI,,,,India,10.4023417558,78.0445917407,False
VDM,VADAMADURA,,,,India,10.4363355768,78.1021599634,False
AYR,AYYALUR,,,,India,10.483391,78.157049,False
KFC,KALPATTICHATRAM,,,,India,10.518065672899999,78.2343675623,False
VPJ,VALYAMPATTI,,,,India,10.544055019,78.3098143988,False
CII,CHETTIYAPATTI,,,,India,10.575644554,78.3662318384,False
BYR,BHAYANDAR,Maharashtra,WR,"Thane, Maharashtra",India,19.311766,72.85303900000001,True
BHU,BHANDU MOTIDAU,Gujarat,WR,"Mahesana, Gujarat",India,23.709061000000002,72.38933899999999,True
CG,Canning,West Bengal,ER,"Canning, West Bengal",India,22.313264,88.667458,True
CGLA,Changotola,,,,India,22.2299461588,80.11878948120001,False
CHKB,CHAKKI BANK,Punjab,NR,"Pathankot, Punjab",India,32.259653,75.636651,True
JAR,Junair Halt,,,,India,25.273607371900003,85.2506963452,False
CH,CHANDAUSI JN,Uttar Pradesh,NR,"Chandausi, Uttar Pradesh",India,28.458626000000002,78.780268,True
BSLX,BSLX,,,,India,,,False
DGI,DUNGRI,Gujarat,WR,"NH 8, Gujarat",India,20.687336000000002,72.949119,True
BIS,BISWA BRIDGE,,,,India,20.885157149999998,76.33919345,False
YAD,YEULKHED,,,,India,20.724559000000003,77.07497000000001,False
KKT,Kath Kuiyan,,,,India,26.8568018382,84.0478709076,False
BGN,BORGAON,,,,India,20.7290593,77.1796502,False
DDY,DUDWINDI,Punjab,NR,"Kapurthala, Punjab",India,31.237553,75.258143,True
KTP,KATEPURNA,,,,India,20.723777,77.25938099999999,False
SUM,SUMMIT,,,,India,20.2117506011,74.3431299774,False
LS,LASALGAON,,,,India,20.154847999999998,74.22597599999999,False
DDN,DEHRADUN,Uttarakhand,NR,"Dehradun, Uttarakhand",India,30.3140377,78.0336011,True
MZR,MURTAJAPUR,,,,India,20.736468000000002,77.35482499999999,False
CDSL,CHANDRESAL,Rajasthan,WCR,"Kota, Rajasthan",India,25.212948,75.943986,True
CDG,CHANDIGARH,Chandigarh,NR,"Darua, Chandigarh",India,30.7019773,76.82208,True
MANA,MANA,,,,India,20.761491,77.469063,False
MNDA,MANDURA,,,,India,20.78015,77.52258400000001,False
CPJ,KAPTANGANJ JN,Uttar Pradesh,NER,"Captainganj, Uttar Pradesh",India,26.926388,83.69990700000001,True
AWS,ASWANI HALT,Bihar,ECR,"Bagaha, Bihar",India,27.15958,84.051843,True
KUM,KURAM,,,,India,20.808396000000002,77.58733000000001,False
TKI,TAKLI,,,,India,20.833253,77.65695,False
KKJ,KAKORI,,,,India,26.885454000000003,80.79835,False
LNWT,LUCKNOW WEST (ALH),,,,India,26.829443,80.909614,False
DES,DESARI,Bihar,ECR,"Vaishali, Bihar",India,25.6683593565,85.4087656586,True
NR,NIPHAD,,,,India,20.096584,74.079481,False
BD,BADNERA JN,,,,India,20.8567925,77.73231969999999,False
BKJ,BARKUR,Karnataka,KR,"Udupi, Karnataka",India,13.477458799999999,74.75968040000001,True
BFR,BEKAL FORT,Kerala,SR,"Pallikere, Kerala",India,12.385524,75.04278599999999,True
DMK,Dilmili,Chhattisgarh,ECoR,"National Highway 16, Chhattisgarh",India,18.987443,81.737851,True
DGHR,Deoghar,Jharkhand,ER,"Deoghar, Jharkhand",India,24.51178242,86.69712126,True
ALUR,Alur Halt,Karnataka,SWR,"Hassan - Alur Rd, Karnataka",India,12.98251226,75.99049337,True
TMT,TIMTALA,,,,India,20.812496,77.79476000000001,False
MLR,MALKHED,,,,India,20.821793,77.862831,False
CND,CHANDUR,,,,India,20.8045192,77.9821558,False
DIP,DIPORE,,,,India,20.79317,78.040981,False
DMN,DHAMANGAON,,,,India,20.784674000000003,78.138054,False
TLN,TALNI,,,,India,20.754248,78.230026,False
PLO,PULGAON JN,,,,India,20.726734,78.318111,False
KAOT,KAOTHA,,,,India,20.737041,78.376203,False
DAE,DAHEGAON,,,,India,20.729315,78.463093,False
WR,WARDHA JN,,,,India,20.732777,78.594157,False
SEGM,SEVAGRAM,,,,India,20.739076,78.619225,False
VADR,WARUD,,,,India,20.7471655405,78.65067138549999,False
TGP,TULJAPUR,,,,India,20.800701,78.808237,False
BOK,BORKHEDI,,,,India,20.860176040000002,78.97444766000001,False
BTBR,BUTI BORI,,,,India,20.91847276,79.01362896,False
CBX,CHAND BHAN,Punjab,NR,"Jaitu, Punjab",India,30.445148,74.88002100000001,True
GMG,GUMGAON,,,,India,20.993595999999997,79.030314,False
DEV,DEVARAYI,Karnataka,SWR,"State Highway 34, Karnataka",India,15.44947863,74.57136412999999,True
KRI,KHAPTI,,,,India,21.049338,79.048839,False
AJNI,AJNI,,,,India,21.1268588122,79.0825197485,False
KP,KAMPTEE,,,,India,21.21172,79.197947,False
CGA,CHENGEL,,,,India,22.486845,88.13891000000001,False
DGBZ,Dongri Buzurg,Maharashtra,SECR,"State Highway 251, Maharashtra",India,21.573844,79.676645,True
BVA,BAURIA JN,,,,India,22.5035911202,88.1635216052,False
NALR,NALPUR,,,,India,22.529208,88.185699,False
DEEG,Deeg,Rajasthan,NCR,"Bharatpur, Rajasthan",India,27.48655053,77.32451142,True
ABB,ABADA,,,,India,22.547877,88.19939199999999,False
SEL,SANKRALL,,,,India,22.5613094942,88.2090743463,False
ADL,ANDUL,,,,India,22.575169,88.239643,False
SRC,SANTRAGACHI JN,,,,India,22.58393,88.284011,False
RMJ,RAMRAJATALA,,,,India,22.587778,88.295438,False
DGNR,Durganagar,West Bengal,ER,"Kolkata, West Bengal",India,22.650758,88.419,True
MPA,MANAPARAI,,,,India,10.6075620105,78.4177652356,False
BHGN,BHILGAON,Assam,NFR,"National Highway 39, Assam",India,26.354394000000003,93.926117,True
SMDM,SAMUDRAM,,,,India,10.652687,78.493545,False
KLS,KOLATUR,,,,India,10.700678,78.547696,False
CHB,CHABUA,Assam,NFR,"Chabua, Assam",India,27.481420709000002,95.1720581342,True
DEO,DEOKALI,Uttar Pradesh,NER,"State Highway 90, Uttar Pradesh",India,27.977317000000003,80.705156,True
CHNR,CHHAN ARORIAN,Jammu and Kashmir,NR,"Chhan Arorian, Jammu and Kashmir",India,32.46131096,75.35904533,True
BDHY,BUDHI,Jammu and Kashmir,NR,"Kathua, Jammu and Kashmir",India,32.440429,75.432931,True
CKKN,CHAK KALAN,Punjab,NR,"National Highway 1A, Punjab",India,32.083103,75.623498,True
BNGL,BHANGALA,Punjab,NR,"National Highway 1A, Punjab",India,32.0195148161,75.61231335209999,True
CDH,Chakdaha,West Bengal,ER,"Chakdaha, West Bengal",India,23.078406,88.529672,True
CGH,CHOLANG,Punjab,NR,"Adda Cholang, Punjab",India,31.617259999999998,75.639894,True
DIC,DAHISAR,Maharashtra,WR,"Mumbai, Maharashtra",India,19.250166,72.859587,True
CHN,Chhina,Punjab,NR,"Ghuman Kalan Rd, Punjab",India,31.902255,75.271993,True
MLYA,Maliya,West Bengal,ER,"Maliya, West Bengal",India,22.831668,88.136281,True
DMU,Dhamua,West Bengal,ER,"Sherpur Dhamua Rd, West Bengal",India,22.290179,88.392178,True
DON,DERAWAN HALT,Jharkhand,SER,"Derawan, Jharkhand",India,23.230256999999998,76.104438,True
BSP,BILASPUR JN,,,,India,22.057473,82.167585,False
DMJ,Dharmaj,Gujarat,WR,"State Highway 6, Gujarat",India,,,True
DLB,DAULATABAD,Maharashtra,SCR,"Maharashtra., Maharashtra",India,19.916367,75.210494,True
DHT,DHAMARA GHAT,Bihar,ECR,"Bihar, Bihar",India,25.590821,86.599522,True
DLGN,DHALGAON,Maharashtra,CR,"Jath Rd, Maharashtra",India,17.120967200000003,74.9887134,True
DKY,DHOKI,Maharashtra,CR,"Dhoki Town, Maharashtra",India,18.353216,76.10298900000001,True
DLSR,DALHOGI ROAD,,,,India,32.289064,75.75084299999999,False
DRBR,Deoraha Baba Road,,NER,,India,26.283979000000002,83.87109099999999,True
DLR,DULLAHAPUR,Uttar Pradesh,NER,"SH 67, Uttar Pradesh",India,25.799898,83.423264,True
DCAB,DCAB,,,,India,21.226612,81.477969,False
DKE,DIHAKHO,Assam,NFR,"Diakkawn Rd, Assam",India,25.427907,93.126587,True
CABN,BHILAI CABIN,,,,India,21.236052,81.499084,False
DNEA,DANEA,,ECR,,India,23.799131,85.658334,True
DPLN,Diplana,Rajasthan,NWR,"State Highway 36, Rajasthan",India,29.182572629698868,74.88112287595868,True
KMI,KUMHARI,,,,India,21.243782,81.516054,False
DOW,Davol,,WR,,India,22.39911,72.953112,True
DHR,DHARNAODA,Rajasthan,WCR,"Dharnawada, Rajasthan",India,24.592205,77.09925299999999,True
SZB,SARONA CABIN,,,,India,21.2532719083,81.5736163281,False
DHPR,DAPPAR,Punjab,NR,"National Highway 22, Punjab",India,30.5176409515,76.8075098584,True
R,RAIPUR JN,,,,India,21.256462000000003,81.629328,False
WRC,W R S COLONY PH,,,,India,21.277967999999998,81.639183,False
URK,URKURA,,,,India,21.289034,81.644569,False
DUMR,Dumra,Bihar,ECR,"NH 77, Bihar",India,26.576993,85.533639,True
DISA,DISA,Gujarat,WR,"Disa, Gujarat",India,24.237125199999998,72.1796003,True
CKV,CHERUKUVADA,Andhra Pradesh,SCR,"Cherukawada, Andhra Pradesh",India,16.58967159,81.42156278,True
LKO,LUCKNOW,,,,India,26.830675,80.925291,False
DLI,OLD DELHI,Delhi,NR,"Shyama Prasad Mukherji Marg, Delhi NCT",India,28.661815999999998,77.228356,True
DOLK,Dholikua,Gujarat,WR,"Gujarat, Gujarat",India,,,True
MDH,MANDHAR,,,,India,21.33807,81.704606,False
SLH,SILIARI,,,,India,21.426336000000003,81.755534,False
BKTH,BAIKUNTH,,,,India,21.4976724,81.7800294,False
CHV,CHARVATTUR,Kerala,SR,"Kasaragod district, Kerala",India,12.213321,75.15435,True
CDRA,CHANDERA,Kerala,SR,"Kasaragod, Kerala",India,12.179818,75.168292,True
BYL,BELHA,,,,India,21.961973,82.077189,False
PUG,PUNGGUDI,,,,India,10.748083000000001,78.620151,False
TPJ,TIRUCHIRAPPALLI,,,,India,10.794067,78.685355,False
CHBT,CHAKARBHATHA,,,,India,22.003082,82.112168,False
DTRD,Diyatara Road,Rajasthan,,"Diyatra, Rajasthan",India,27.733596247399998,72.8399187915,True
IB,IB,,,,India,21.815777,83.94878100000001,False
DSNB,Darsana Border,,,"Chuadanga, Bangladesh",Bangladesh,,,True
KGP,KHARAGPUR JN,,,,India,22.341431999999998,87.32845599999999,False
FLR,PHULESWAR,,,,India,22.4778756365,88.11604889590001,False
DHH,Dinhata,West Bengal,NFR,"Dinhata, West Bengal",India,26.0707762,89.5868746,True
DKDP,Dakshin Durgapur,West Bengal,ER,"Dakshin Durgapur, West Bengal",India,22.308871,88.399338,True
DJRZ,To Darjeeling,West Bengal,NFR,"Darjeeling, West Bengal",India,26.8521353,88.3332302,True
DJG,DULIAJAN,Assam,NFR,"Duliajan, Assam",India,27.367712,95.30695200000001,True
DKM,DIKOM,Assam,NFR,"A T Rd, Assam",India,27.4642265659,95.0806742816,True
DHNA,Dhachna,Bihar,NFR,"National Highway 34, Bihar",India,25.6464732123,87.9869386938,True
JTIN,Jethian,,,,India,24.929548151899997,85.3141277319,False
DURP,Durgapuri,Madhya Pradesh,NCR,"Khojeepura, Madhya Pradesh",India,,,True
DMR,Dharmanagar,Tripura,NFR,"Dharmanagar, Tripura",India,24.366946,92.16824700000001,True
DPDP,Dhapdhapi,West Bengal,ER,"Dhapdhapi, West Bengal",India,22.315994,88.459855,True
ENB,Ellenabad,Rajasthan,NWR,"State Highway 23, Rajasthan",India,29.44410399265112,74.6579341054894,True
DLCR,Dullabcherra,Assam,NFR,"Anipur Nivia Rd, Assam",India,24.505297000000002,92.477671,True
DVH,Devi Halt,Madhya Pradesh,SECR,"Devi, Madhya Pradesh",India,21.706411,78.86207,True
DGX,Dagaon,Assam,NFR,"Mathaouri Rd, Assam",India,26.444446,92.61368900000001,True
DKWA,Dokwa,Rajasthan,NWR,"National Highway 65, Rajasthan",India,28.579787000000003,75.32336400000001,True
DUH,Dudda,Karnataka,SWR,"Dudda, Karnataka",India,13.08842214,76.2042468,True
DHI,Dhule,Maharashtra,CR,"Dhule, Maharashtra",India,20.887752,74.768847,True
DHU,Dhubulia,West Bengal,ER,"Nadia, West Bengal",India,23.483546,88.441145,True
DOGL,Donigal,Karnataka,SWR,"Mangalore - Bangalore Hwy, Karnataka",India,12.9040478098,75.73412167570001,True
DSM,DARASURAM,Tamil Nadu,SR,"Kumbakonam, Tamil Nadu",India,10.944384000000001,79.35638399999999,True
DWX,DEWAS,Madhya Pradesh,WR,"Dewas, Madhya Pradesh",India,22.977556,76.051191,True
DOR,DUNDARA,Rajasthan,NWR,"Dhundhara, Rajasthan",India,25.895799,72.796892,True
DMH,Dauram Madhepura,Bihar,ECR,"Madhepura, Bihar",India,25.908513,86.782638,True
DPK,Dholipal,Rajasthan,NWR,"Dholipal, Rajasthan",India,29.76082671390587,74.25159995444119,True
AHO,ADARSHNAGAR,Rajasthan,NWR,"Ajmer, Rajasthan",India,26.411579930800002,74.653432493,True
DNN,Dina Nagar,Punjab,NR,"Dinanagar, Punjab",India,32.134789,75.467351,True
DPC,Darliput,Odisha,ECoR,"Darliput, Orissa",India,18.365186,82.74651899999999,True
DWK,DWARKA,Gujarat,WR,"Dwarka, Gujarat",India,22.251023,68.980434,True
RJN,RAJ NANDGAON,,,,India,21.101186000000002,81.039019,False
DWM,Darwha Moti Bagh Junction,Maharashtra,CR,"Darwha, Maharashtra",India,,,True
DOZ,DAURAI,Rajasthan,NWR,"Madar, Rajasthan",India,26.395604000000002,74.619546,True
PMS,PARMALKASA,,,,India,21.140859000000003,81.09869,False
DOC,Daun Kalan,Punjab,NR,"National Highway 64, Punjab",India,30.3792190643,76.4585689563,True
MXA,MARAUDA,Chhattisgarh,SECR,"Bhilai, Chhattisgarh",India,21.15958,81.35973,True
ER08,Kalinagar,West Bengal,ER,"State Highway 6, West Bengal",India,,,True
BQF,BARAHMUAFI,Uttar Pradesh,WCR,"Uttar Pradesh, Uttar Pradesh",India,25.039892,81.009932,True
DOE,DEORI,Madhya Pradesh,WCR,"Jabalpur, Madhya Pradesh",India,23.298434999999998,80.009808,True
DRHI,DAGARHKERI,Madhya Pradesh,WCR,"State Highway 15, Madhya Pradesh",India,22.0812732116,76.8264017633,True
DGN,DONGARGAON,Madhya Pradesh,CR,"Borgaon, Madhya Pradesh",India,21.641314,76.36406699999999,True
KBSN,KASBE-SUKENE,,,,India,20.072296,74.02714900000001,False
KW,KHERVADI,,,,India,20.046948,73.973978,False
ODHA,ODHA,,,,India,20.01601,73.910456,False
NK,NASIK ROAD,,,,India,19.947627,73.841897,False
LT,LAHAVIT,,,,India,19.852905,73.815119,False
KJMG,KANJUR MARG,,,,India,19.128181,72.928041,False
GC,GHATKOPAR,,,,India,19.085984999999997,72.908591,False
LTT,LOKMANYA TILAK TERM,,,,India,19.070320000000002,72.89173899999999,False
DRB,Debari,Rajasthan,NWR,"Debari, Rajasthan",India,24.606987,73.805352,True
FAP,FAKHARPUR HALT,Uttar Pradesh,NR,"Fakharpur, Uttar Pradesh",India,28.846965,77.293521,True
DSA,DELHI SHAHDARA,Delhi,NR,"Circular Rd, Delhi NCT",India,28.673098,77.293154,True
GZT,GHAZIPUR GHAT,Uttar Pradesh,NER,"Ghazipur, Uttar Pradesh",India,25.600279999999998,83.60480199999999,True
PGN,PERUGAMANI,Tamil Nadu,SR,"Nagappattinam - Trichy - Karur- Coimbatore - Mettupalayam - Ooty - Gundlupet Road(Vandikara Street), Tamil Nadu",India,10.889271,78.54751,True
DMV,DIMAPUR,Nagaland,NFR,"Dimapur, Nagaland",India,25.905701999999998,93.72781599999999,True
DWF,DUDH SAGAR WATER FALLS,Karnataka,SWR,"National Highway 4A, Karnataka",India,15.31333714,74.31403358,True
FSG,PHURSUNGI,Maharashtra,CR,"Phursungi, Maharashtra",India,18.455828999999998,74.026016,True
FLU,Phulia,West Bengal,ER,"Fulia, West Bengal",India,23.229896999999998,88.49634,True
DPS,Dangoaposi,Jharkhand,SER,"Nurda, Jharkhand",India,22.167964,85.59273,True
DZKT,Durga Chak Town,West Bengal,SER,"Haldia, West Bengal",India,22.066831,88.136032,True
EPR,Mumbai Elphinstone Road,Maharashtra,WR,"Mumbai, Maharashtra",India,19.00694,72.835426,True
ELL,Eraligu,Assam,NFR,"Eraligu, Assam",India,24.665398,92.33263099999999,True
DLN,DILDARNAGAR JN,,,,India,25.419424,83.668324,False
DNWH,Daniyawan Bazar Halt,Bihar,,"Daniawan, Bihar",India,25.4345036206,85.2908951074,True
AHM,AHIMANPUR,Uttar Pradesh,NER,"St Ravidas Nagar, Uttar Pradesh",India,25.252404,82.511544,True
FA,FALNA,Rajasthan,NWR,"Falna, Rajasthan",India,25.235808,73.23495299999999,True
DODH,Dodh,Punjab,NR,"State Highway 20, Punjab",India,30.841607,74.52193700000001,True
DRGJ,DARAGANJ,Uttar Pradesh,NER,"Allahabad, Uttar Pradesh",India,25.44265,81.87998999999999,True
DQN,Dhanera,Gujarat,NWR,"Dhanera, Gujarat",India,24.506528,72.032364,True
DUMK,Dumka,Jharkhand,ER,"Dumka, Jharkhand",India,24.289527,87.254975,True
SRGM,SRIRANGAM,,,,India,10.857918,78.696348,False
GOC,PONMALAI GOLDEN ROCK,,,,India,10.791837,78.709755,False
DZK,Durgachak,West Bengal,SER,"Haldia, West Bengal",India,22.082011,88.15527399999999,True
TPTN,TIRUCHIRAPALI TOWN,,,,India,10.829084,78.702834,False
UKV,UTTAMARKOVIL,,,,India,10.877948,78.702346,False
BXS,PICHCHANDARKOVL,,,,India,10.881112,78.720236,False
VLDE,VALADI,,,,India,10.872869000000001,78.757917,False
MAND,MANDURAI,,,,India,10.873068,78.78619599999999,False
LLI,LALGUDI,,,,India,10.875733,78.813672,False
KTTR,KATTUR,,,,India,10.895833999999999,78.855173,False
PMB,PULLAMBADI,,,,India,10.940214,78.91757299999999,False
KKPM,KALLAKKUDI PLGH,,,,India,10.966118999999999,78.948759,False
KLGM,KALLAGAM,,,,India,11.0256145326,79.00542629819999,False
SLTH,SILLAKKUDI,,,,India,11.095633418,79.0368619916,False
ALU,ARIYALUR,,,,India,11.150035,79.06831799999999,False
OTK,OTTAKOVIL,,,,India,11.222726000000002,79.109674,False
VER,VELLUR HALT,,,,India,11.242453000000001,79.13844999999999,False
SNDI,SENDURAI,,,,India,11.256462,79.168778,False
MTUR,MATHUR,,,,India,11.318107,79.20580299999999,False
ICG,ICHCHANGADU,,,,India,11.371003803499999,79.2197551199,False
PNDM,PENNADAM,,,,India,11.397962999999999,79.219978,False
TLNR,TALANALLUR,,,,India,11.436374,79.24125000000001,False
VRT,VRIDDHACHALM TN,,,,India,11.482273000000001,79.279462,False
DPD,DOSAPADU,Andhra Pradesh,SCR,"Krishna, Andhra Pradesh",India,16.468807,80.938771,True
GAMI,Gogameri,Rajasthan,NWR,"MDR 18, Rajasthan",India,29.160244032368652,75.03507563844323,True
GANI,GHARNI,Maharashtra,,"MSH3, Maharashtra",India,18.476969999999998,76.758368,True
DVN,DEVTHANA,Maharashtra,SCR,"Nanded, Maharashtra",India,19.274562,77.689981,True
DXH,DUHAI,Uttar Pradesh,NR,"Uttar Pradesh, Uttar Pradesh",India,28.730283,77.480363,True
DWLE,Dhauni,Bihar,ER,"Dhauni, Bihar",India,25.010329682000002,86.9930409827,True
DUI,DHURI JN,Punjab,NR,"Dhuri, Punjab",India,30.372740999999998,75.86660300000001,True
FPS,Fatehpur Shekhawati,Rajasthan,NWR,"Fatehpur, Rajasthan",India,28.000728000000002,74.971043,True
DWJ,DWARKAGANJ,Uttar Pradesh,NR,"Sultanpur, Uttar Pradesh",India,26.316418,82.109076,True
DI,DOMBIVILI,,,,India,19.218218,73.0869,False
VK,VIKHROLI,,,,India,19.11196,72.928312,False
VVH,VIDYAVIHAR,,,,India,19.079258,72.897181,False
VGN,VANGAON,Maharashtra,WR,"Thane, Maharashtra",India,19.882845,72.76318500000001,True
GALG,GoldingGanj,Bihar,,"GoldingGanj, Bihar",India,,,True
EKR,Ekangarsarai,Bihar,ECR,"Ekangar Sarai, Bihar",India,25.2224815,85.2322638,True
GGN,GURGAON,Haryana,NR,"Gurgaon, Haryana",India,28.489165,77.010739,True
DTW,DATEWAS,Punjab,NR,"Bareta, Punjab",India,29.893255,75.616682,True
NAI,Nangi,West Bengal,ER,"Kolkata, West Bengal",India,22.500255999999997,88.223984,True
FN,Farukhnagar,Haryana,NR,"Gurgaon, Haryana",India,28.467066,76.828486,True
GDL,GONDAL,Gujarat,WR,"Gondal, Gujarat",India,21.972471,70.79558800000001,True
GAH,Gawnaha,Bihar,ECR,"Pashchim Champaran, Bihar",India,27.269838999999997,84.52017599999999,True
GAL,GHATLA,Rajasthan,NWR,"State Highway 14, Rajasthan",India,27.731813000000002,76.628452,True
AI,ADIPUR,Gujarat,WR,"Dist. Kachchh, Gujarat",India,23.077052700000003,70.0786586,True
CHG,MUMBAI CHINCHPOKLI,Maharashtra,CR,"Mumbai, Maharashtra",India,18.986789,72.832659,True
DWZ,Dantewara,Chhattisgarh,ECoR,"Dantewada, Chhattisgarh",India,18.907733,81.35453600000001,True
DXR,DIGSAR,Gujarat,WR,"State Highway 17, Gujarat",India,22.712403000000002,71.499375,True
FTD,Fatehabad Chowk Junction,Madhya Pradesh,WR,"Indore, Madhya Pradesh",India,23.009106,75.673338,True
DZB,Dahina Zainabad,Haryana,NWR,"Tumna Rd, Haryana",India,28.291078574500002,76.39169434200001,True
TMLP,TIRUMALPUR,Tamil Nadu,SR,"Tirumalpur, Tamil Nadu",India,12.956333,79.67348799999999,True
CJE,KANCHIPURAM EAST,Tamil Nadu,SR,"Kanchipuram, Tamil Nadu",India,12.841137186300001,79.7120436792,True
DUJ,DUBRAJPUR,West Bengal,ER,"Dubrajpur, West Bengal",India,23.803358,87.378973,True
DGU,DIGARU,Assam,NFR,"Digaru, Assam",India,26.173306,91.977861,True
BRHU,BARAHU,Assam,NFR,"National Highway 37, Assam",India,26.1204333815,92.1395124182,True
DML,DHARAMTUL,Assam,NFR,"Dharamtul, Assam",India,26.189127,92.36716,True
BHGP,Bhagirathpur,Uttar Pradesh,NER,"National Highway 29, Uttar Pradesh",India,27.326628,83.38771,True
DHRY,DHALPUKHURI,Assam,NFR,"Hojai Rd, Assam",India,25.981050999999997,92.880626,True
BRLF,BAR LANGFER S,Assam,NFR,"Lumding, Assam",India,25.755626,93.225136,True
SLX,SELENG HAT,Assam,NFR,"National Highway 61, Assam",India,26.783438032899998,94.4827626898,True
DBRG,DIBRUGARH,Assam,NFR,"Dibrugarh, Assam",India,27.463606565899997,94.93525791020001,True
DIL,DILAWARNAGAR,,,,India,26.9601891,80.6674744,False
NDJ,NANDGANJ,Uttar Pradesh,NER,"National Highway 29, Uttar Pradesh",India,25.54457,83.396867,True
DYU,DIYURI,Uttar Pradesh,NER,"Diyuri, Uttar Pradesh",India,28.603253,79.87601000000001,True
JAT,JAMMU TAWI,Jammu and Kashmir,NR,"Jammu Cantt, Jammu and Kashmir",India,32.706975,74.880117,True
KNDI,KANDRORI,Himachal Pradesh,NR,"District Kangra Pin- 176402, Himachal Pradesh",India,32.184403,75.668807,True
DYP,Daryapur,Uttar Pradesh,NR,"National Highway 24B, Uttar Pradesh",India,26.182799,81.248588,True
BMK,BIRANG KHERA,Punjab,NWR,"MDR 105, Punjab",India,29.9125697133,74.63586428650001,True
DHRR,DHIRERA,Rajasthan,NWR,"Bikaner, Rajasthan",India,28.363519,73.616355,True
CBN,CHIT BARAGAON,Uttar Pradesh,NER,"Chitbaragaon, Uttar Pradesh",India,25.744108999999998,84.00154,True
CPR,CHHAPRA,,,,India,25.788320000000002,84.725004,False
DRI,DUMRI JUARA,,,,India,25.748425,84.869395,False
SEE,SONPUR JN,,,,India,25.696849,85.16685100000001,False
FRDH,Faridaha Halt,Uttar Pradesh,NER,"Aunrihar, Uttar Pradesh",India,25.557959,83.12602199999999,True
KLL,KALOL JN,Gujarat,WR,"Kalol, Gujarat",India,23.244576000000002,72.50363,True
DNW,DANGARWA,Gujarat,WR,"Jagudan, Gujarat",India,23.401485,72.44125299999999,True
CHP,CHHAPI,Gujarat,WR,"Banaskantha, Gujarat",India,24.034518000000002,72.40022099999999,True
SOH,SIROHI ROAD,Rajasthan,NWR,"Pindwara, Rajasthan",India,24.791042,73.039834,True
TN,TUTICORIN,Tamil Nadu,SR,"Thoothukudi, Tamil Nadu",India,8.806109000000001,78.15535899999999,True
GBA,GARHBETA,West Bengal,SER,"Medinipur, West Bengal",India,22.844562,87.320972,True
ELM,ELIMALA,Kerala,SR,"Kannur District, Kerala",India,12.0686868024,75.2308476031,True
GARA,Garha,Bihar,ECR,"NH 77, Bihar",India,26.426289,85.52096599999999,True
GJN,Gajner,Rajasthan,NWR,"National Highway 15, Rajasthan",India,27.9358522,73.0615538,True
GIA,Garia,West Bengal,ER,"Kolkata, West Bengal",India,22.465958999999998,88.404673,True
ERL,ERANIEL,Tamil Nadu,SR,"Kanyakumari, Tamil Nadu",India,8.212549,77.308161,True
VRI,VRIDHACHALAM JN,,,,India,11.534965,79.316073,False
MPLY,MEPPULIYUR,,,,India,11.676385,79.30663799999999,False
PRKL,PARIKKAL,,,,India,11.778527,79.370923,False
KGZ,KARUNGUZHI,,,,India,12.531918999999998,79.91149,False
PNDP,PANDILLAPALLI,Andhra Pradesh,SCR,"Pandillapalli Railway Station, Andhra Pradesh",India,17.171933,80.17023400000001,True
GLV,GULVANCHI,Maharashtra,CR,"Jath Rd, Maharashtra",India,17.172707,75.05678,True
GHH,GARHI HARSARU,Haryana,NR,"Gurgaon, Haryana",India,28.43755,76.929697,True
GOP,GOP JAM,Gujarat,WR,"State Highway 27, Gujarat",India,22.0539696502,69.90809078,True
GDZ,Gundardehi,Chhattisgarh,SECR,"Gundardehi, Chhattisgarh",India,20.948836,81.302351,True
GDB,GIDDARBAHA,Punjab,NR,"Giddarbaha, Punjab",India,30.201319,74.663342,True
GJW,Gajuwala,Punjab,NR,"State Highway 2, Punjab",India,29.585509000000002,75.871735,True
GMIA,GUMIA,,ECR,,India,23.802650999999997,85.82892199999999,True
GDHA,GODHA,Uttar Pradesh,NR,"Godha, Uttar Pradesh",India,28.005897,78.141225,True
GHUM,Ghoom,West Bengal,NFR,"Darjeeling, West Bengal",India,27.008643,88.254223,True
GNPT,Ganpatpura,Gujarat,WR,"Gujarat, Gujarat",India,,,True
LRJ,LAKSAR JN,,,,India,29.754037999999998,78.019628,False
GSDH,GARSANDA HALT,Jharkhand,ECR,"Garsanda, Jharkhand",India,25.142617,86.011307,True
GELA,Ghadela Halt,Madhya Pradesh,SECR,"State Highway 19, Madhya Pradesh",India,21.714043999999998,78.888017,True
GHQ,GARHWA,Jharkhand,ECR,"Garhwa, Jharkhand",India,24.1751953,83.8132154,True
GDV,GUDIVADA JN,Andhra Pradesh,SCR,"Krishna District, Andhra Pradesh",India,16.429888,80.987594,True
GNDI,GONDWALI,Madhya Pradesh,WCR,"Bargawa, Madhya Pradesh",India,24.217437999999998,82.519981,True
KEI,KASHI,,,,India,25.326563999999998,83.031939,False
BBRM,BABA BHAGWAN RAM HALT,,,,India,25.315887671800002,83.0384061804,False
VYN,VYASNAGAR,,,,India,25.29701,83.071351,False
GNK,Garhnokha,Bihar,ECR,"State Highway 12, Bihar",India,25.09724423,84.12283778,True
BHBV,BLOCK HUT B,,,,India,25.274869,83.102203,False
BSB,VARANASI JN,,,,India,25.327281,82.986468,False
DKI,DHARMKUNDI,Madhya Pradesh,WCR,"Hoshangabad, Madhya Pradesh",India,22.5120383739,77.5510144354,True
NGL,NANGAL,Uttar Pradesh,NR,"Saharanpur, Uttar Pradesh",India,29.832554,77.62227,True
MOZ,MUZAFFARNAGAR,Uttar Pradesh,NR,"MuzaffarNagar, Uttar Pradesh",India,29.468689,77.707807,True
DRLA,DAURALA,Uttar Pradesh,NR,"Meerut, Uttar Pradesh",India,29.114015000000002,77.70616000000001,True
MDNR,MODINAGAR,Uttar Pradesh,NR,"Ghaziabad, Uttar Pradesh",India,28.827907,77.571716,True
BRI,BHIRINGI,Madhya Pradesh,WCR,"Harda, Madhya Pradesh",India,22.227752,76.941024,True
GEDE,Gede,West Bengal,ER,"R 748, West Bengal",India,23.491197,88.786737,True
THK,THAKRULI,,,,India,19.225768000000002,73.09767799999999,False
GHE,GHEVRA,Delhi,NR,"Ghevra, Delhi NCT",India,28.691982000000003,76.99853599999999,True
GHA,GOLEHWALA,Punjab,NR,"Golehwala, Punjab",India,30.789872,74.70440599999999,True
GAW,Gainjahwa,Uttar Pradesh,NER,"MDR 10E, Uttar Pradesh",India,27.4546557588,82.24506478820001,True
GNZ,Gahndran Halt,Punjab,NR,"Malsian Rd, Punjab",India,31.117935,75.424279,True
MGSO,MGSO,,,,India,,,False
GH,GHUGHULI,Uttar Pradesh,NER,"Ghughli Bazar, Uttar Pradesh",India,27.0539516142,83.7137745453,True
DLWS,DLWS,,,,India,,,False
SJGH,SARAI JAGDISH,Uttar Pradesh,NER,"National Highway 2, Uttar Pradesh",India,25.30009,82.365134,True
KARD,KAMAN ROAD,Maharashtra,CR,"Section 2, Maharashtra",India,19.33655,72.919123,True
GOV,Govindpuri,Uttar Pradesh,NCR,"Kanpur, Uttar Pradesh",India,,,True
AML,AMALSAD,Gujarat,WR,"Amalsad, Gujarat",India,20.811373000000003,72.956092,True
GPLG,Gopalpurgram,West Bengal,ER,"Contai Nandakumar Rd, West Bengal",India,,,True
GQD,Gourdaha Halt,West Bengal,ER,"Gourdaha, West Bengal",India,,,True
GTQ,Gumtali Halt,Punjab,NR,"Gumtali, Punjab",India,31.065852,75.636453,True
GLD,Ghelda,Gujarat,WR,"State Highway 133, Gujarat",India,23.3616934176,72.20310172849999,True
LRJC,LAKSAR NORTH CABIN,,,,India,29.767009,78.00175999999999,False
GCT,GHAZIPUR CITY,Uttar Pradesh,NER,"Ghazipur, Uttar Pradesh",India,25.583144,83.568045,True
GIS,Garhi Sandra,Rajasthan,NCR,"Dholpur, Rajasthan",India,26.668256,77.76513,True
GUV,GURUVAYUR,Kerala,SR,"Guruvayoor 0487-2556820, Kerala",India,10.596896,76.045457,True
EOCM,EOCM,,,,India,25.315812,83.196038,False
KCA,KUCHMAN,,,,India,25.318877999999998,83.21503,False
SLD,SAKALDIHA,,,,India,25.331472,83.289193,False
TLAM,TULSI ASHRAM,,,,India,25.3422743391,83.35123571720001,False
DHA,DHEENA,,,,India,25.354392,83.423069,False
DTVL,DATIVLI,Maharashtra,CR,"Kalyan Shilphata Rd, Maharashtra",India,19.187012,73.059049,True
KLMG,KALAMBOLI GOODS,Maharashtra,CR,"Navi Mumbai, Maharashtra",India,19.035116,73.11494900000001,True
BHCL,BAHORA CHANDIL,,,,India,25.364918,83.489726,False
ZNA,ZAMANIA,,,,India,25.373856,83.54365,False
DRV,DARAULI,,,,India,25.393753,83.60180199999999,False
USK,USIA KHAS,,,,India,25.434324,83.706967,False
PEN,PEN,Maharashtra,CR,"Pen, Maharashtra",India,18.735604455900003,73.0867978516,True
GKA,Gokhula,Bihar,ECR,"Dhaminaha, Bihar",India,27.069813,84.53976300000001,True
CMC,CHEMANCHERI,Kerala,SR,"Dist. Kozhikode, Kerala",India,11.405279,75.720039,True
ETR,ELATTUR,Kerala,SR,"Kozhikode district, Kerala",India,11.346337,75.741119,True
GPBN,Gandhi Park Halt,,,,India,18.652065999999998,77.893393,False
CLT,KOZHIKODE,Kerala,SR,"Calicut, Kerala",India,11.246234,75.780407,True
FK,FEROK,Kerala,SR,"Feroke, Kerala",India,11.174972200000001,75.8302845,True
PGI,PARPANANGADI,Kerala,SR,"Parappanangadi, Kerala",India,11.045910000000001,75.861006,True
BPZA,BHARATHAPUZHA H,,,,India,10.758913999999999,76.290829,False
VTK,VALLATHOL NAGAR,,,,India,10.731563,76.280933,False
BWH,BHADAURA,,,,India,25.4504253,83.738354,False
GIO,Goriyan,Rajasthan,NWR,"National Highway 11, Rajasthan",India,27.547928,75.26559,True
GLA,GARLA,Andhra Pradesh,SCR,"Garla, Andhra Pradesh",India,17.487076,80.139236,True
GOD,GIDARPINDI,Punjab,NR,"Jalandhar, Punjab",India,31.152633,75.12451399999999,True
GVH,Govind Garh,Rajasthan,NCR,"Govindgarh, Rajasthan",India,27.499556,76.98805800000001,True
GRB,GARHDHRUBESWAR,West Bengal,SER,"Purulia, West Bengal",India,23.509341,86.617006,True
GNW,Gangiwara,Madhya Pradesh,CR,"Chhindwara, Madhya Pradesh",India,22.097988,78.846139,True
PHLG,PHLG,,,,India,,,False
GRI,GURIYA,Rajasthan,NWR,"Pali, Rajasthan",India,25.998261,73.955291,True
HBE,Habibpur,West Bengal,ER,"National Highway 34, West Bengal",India,23.211966999999998,88.538423,True
GWV,GOWDAVALLI,Andhra Pradesh,SCR,"Rangareddy, Andhra Pradesh",India,17.609541,78.46819099999999,True
GLGT,Golaghat,Assam,NFR,"Golaghat, Assam",India,26.508626,93.9611898,True
MDRR,MADHAVNAGAR ROA,Madhya Pradesh,WCR,"Madhavnagar, Madhya Pradesh",India,23.7866102083,80.3948243298,True
GMD,GURAMKHEDI,Madhya Pradesh,WCR,"Sohagpur, Madhya Pradesh",India,22.682206476,78.0778207251,True
HGA,Hogla,West Bengal,ER,"Hogla H, West Bengal",India,22.255044,88.452384,True
BGTA,BAGRA TAWA,Madhya Pradesh,WCR,"Bagra Tawa, Madhya Pradesh",India,22.6307113,77.9937073,True
AIA,AJARAKA,Rajasthan,NWR,"Ajaraka, Rajasthan",India,27.959391,76.56420899999999,True
GNJ,GUNJI,Karnataka,SWR,"Belagavi, Karnataka",India,15.5431155625,74.47936741759999,True
H,Venkatagiri Kote Halt,Karnataka,SWR,"Venkatagiri Kote, Karnataka",India,,,True
GPB,GHATPRABHA,Karnataka,SWR,"Ghatprabha, Karnataka",India,16.240718896,74.7598229541,True
GTRA,GOTRA HALT,Uttar Pradesh,NR,"Gotra, Uttar Pradesh",India,28.807889,77.30096,True
GLTA,GAHLOTA,Rajasthan,NWR,"Kishangarh, Rajasthan",India,26.6723715203,74.967556543,True
GNA,GONEANA,Punjab,NR,"Goniana, Punjab",India,30.318715,74.90948,True
GJS,Gajsinghpur,Rajasthan,NWR,"State Highway 3, Rajasthan",India,29.658053,73.436739,True
GJUT,GANGSAR JAITU,Punjab,NR,"Jaitu, Punjab",India,30.445082000000003,74.87951100000001,True
GUS,GHUMASAN,Gujarat,WR,"State Highway 41, Gujarat",India,23.378698999999997,72.449853,True
GSD,Ghosunda,Rajasthan,NWR,"Chittaurgarh, Rajasthan",India,24.871222,74.53452700000001,True
HBP,HARPAR BOCHAHA,Bihar,ECR,"Pagra Rd, Bihar",India,25.6034373373,85.75716073,True
MRLA,MARIYAL GANGAVA,,,,India,,,False
GLE,Gajulaguden,Andhra Pradesh,SCR,"Gajulaguden, Andhra Pradesh",India,17.609727,80.657904,True
GOPG,Gopalganj,Bihar,NER,"Harkhua, Bihar",India,26.454202,84.43554700000001,True
GOK,GOKARNA ROAD,Karnataka,KR,"Uttara Kannada, Karnataka",India,14.582791,74.36719699999999,True
CS,KANNUR SOUTH,Kerala,SR,"Kannur, Kerala",India,11.866899,75.400253,True
GNL,Gongle,Maharashtra,SECR,"Gondia, Maharashtra",India,21.222011000000002,80.147349,True
ETK,ETAKKOT,Kerala,SR,"NH 17, Kerala",India,11.806194999999999,75.44379699999999,True
GQN,Garhani,Bihar,ECR,"Garhani, Bihar",India,25.4118931462,84.5696156628,True
GNC,Gandhinagar Capital,Gujarat,WR,"Gandhinagar, Gujarat",India,23.233379,72.62916200000001,True
HJO,Harangajao,Assam,NFR,"North Cachar Hills, Assam",India,,,True
GUA,Gua,Jharkhand,SER,"Kiriburu, Jharkhand",India,22.218519,85.381896,True
HKH,Haranya Kheri,Madhya Pradesh,WR,"National Highway 3, Madhya Pradesh",India,22.583661,75.776745,True
GVL,Gudlavalleru,Andhra Pradesh,SCR,"Gudlavalleru, Andhra Pradesh",India,16.348371,81.046037,True
GWYR,Greenways Road,Tamil Nadu,SR,"Chennai, Tamil Nadu",India,13.0202759,80.25171539,True
GSP,Gurdaspur,Punjab,NR,"Gurdaspur, Punjab",India,32.044111,75.420769,True
HKD,Hailakandi,Assam,,"Hailakandi, Assam",India,24.680276000000003,92.56789,True
GNPR,Gunupur,Odisha,ECoR,"Gunupur, Orissa",India,19.069058897799998,83.8099599005,True
GULR,GULER,Himachal Pradesh,NR,"State Highway 22, Himachal Pradesh",India,32.004278,76.151266,True
GSW,GURSAR SHNEWALA,Punjab,NWR,"Bagwali, Punjab",India,30.138926513900003,74.8861198969,True
HRD,Harsud,Madhya Pradesh,WCR,"Harsud, Madhya Pradesh",India,,,True
HAPA,HAPA,Gujarat,WR,"Jamnagar, Gujarat",India,22.468974,70.11814,True
GZN,NEW GHAZIABAD,Uttar Pradesh,NR,"Ghaziabad, Uttar Pradesh",India,28.674404,77.43800800000001,True
HSWS,Hansiawas,Rajasthan,NWR,"Hansiawas, Rajasthan",India,,,True
HPT,HOSPET JN,Karnataka,SWR,"Hospet, Karnataka",India,15.286807,76.38578,True
HLZ,Haldia,West Bengal,SER,"Sutahata, West Bengal",India,22.045284,88.06589,True
HEM,HIMAYATNAGAR,Maharashtra,SCR,"Nanded, Maharashtra",India,19.416708999999997,77.868855,True
HTD,HATUNDI,Rajasthan,NWR,"Ajmer, Rajasthan",India,26.354279161199997,74.6445661014,True
HLAR,HOLE ALUR,Karnataka,SWR,"Badami Rd, Karnataka",India,15.81959,75.64646099999999,True
HPP,HARPALPUR,Madhya Pradesh,NCR,"Dist - Chhatarpur, Madhya Pradesh",India,25.290501,79.33546100000001,True
GSL,GODAPIASAL,West Bengal,SER,"Godapiasal, West Bengal",India,22.530677,87.320806,True
HLDR,HALDAUR,Uttar Pradesh,NR,"State Highway 76, Uttar Pradesh",India,29.290081553100002,78.275060462,True
GVD,GHOLVAD,Maharashtra,WR,"Gholvad, Maharashtra",India,20.08688,72.73799100000001,True
HSA,HASIMARA,West Bengal,NFR,"Hasimara, West Bengal",India,26.72689,89.347661,True
GTT,GOMTA,Gujarat,WR,"Gomta, Gujarat",India,21.873814999999997,70.72970199999999,True
GTF,GUMTHAL,Uttar Pradesh,NR,"Raja Ka Sahaspur, Uttar Pradesh",India,28.484002,78.757645,True
HSI,HARSAULI,Rajasthan,NWR,"Harsoli, Rajasthan",India,27.864848000000002,76.615189,True
HRSR,Harish Nagar Halt,West Bengal,ER,"BSF Rd, West Bengal",India,23.469777,88.77798899999999,True
GSO,GHASO,Haryana,NR,"District Jind, Haryana",India,29.531288,76.14336899999999,True
HNK,HANAKERE,Karnataka,SWR,"Mandya, Karnataka",India,12.565639000000001,76.979837,True
AII,AJMER JN,Rajasthan,NWR,"Ajmer, Rajasthan",India,26.456612,74.63746400000001,True
HIL,Hilsa,Bihar,ECR,"Hilsa, Bihar",India,25.317354,85.277079,True
GXG,Geong,Haryana,NR,"Haryana, Haryana",India,29.8223584375,76.466397041,True
HBN,Haibargaon,Assam,NFR,"Nagaon, Assam",India,26.355638,92.672506,True
HLW,Hirnawali,Rajasthan,NWR,"Hirnawali, Rajasthan",India,29.710120646310926,74.27241649478674,True
HRT,Harnaut,Bihar,ECR,"Harnaut, Bihar",India,25.371762836200002,85.5407224109,True
HBF,Hadobhangi Halt,Odisha,ECoR,"Paralakhemundi, Orissa",India,18.8219370968,83.94176085389999,True
HRF,Hathras Kila,Uttar Pradesh,NCR,"Hathras(05722-242803), Uttar Pradesh",India,27.594876304064115,78.05801798589528,True
GRPA,Garhpura,Bihar,ECR,"Begusarai, Bihar",India,25.65472,86.209037,True
HSR,Hisar,Haryana,NWR,"Hisar, Haryana",India,29.152341,75.724305,True
GTM,Ghatampur,Uttar Pradesh,NCR,"Ghatampur, Uttar Pradesh",India,26.151304,80.174712,True
GRMA,Ghormara,Jharkhand,ER,"Deoghar, Jharkhand",India,24.442298,86.86392,True
PCV,Palakkodu,Tamil Nadu,SWR,"Dharmapuri, Tamil Nadu",India,12.297417999999999,78.072073,True
HAH,Hosa Agrahara,Karnataka,SWR,"Hosa Agrahara, Karnataka",India,12.570459617700001,76.3618194318,True
HPI,Harapatti,Bihar,,"State Highway 65, Bihar",India,25.881401999999998,87.092628,True
IDR,INDI ROAD,Karnataka,SWR,"Bijapur, Karnataka",India,17.211288999999997,75.919616,True
HLDD,HALDI ROAD,Uttarakhand,NER,"NH 87, Uttarakhand",India,29.039597,79.45967900000001,True
IZN,IZZATNAGAR,Uttar Pradesh,NER,"Bareilly, Uttar Pradesh",India,28.388265999999998,79.421171,True
HSQ,HUSAINPUR,Punjab,NR,"Kapurthala, Punjab",India,31.301125,75.320851,True
HNM,HINAUTARAMBAN,Madhya Pradesh,WCR,"Satna, Madhya Pradesh",India,24.575192,80.94306200000001,True
HLX,HILARA,Assam,NFR,"Cachar, Assam",India,24.951767,92.62051100000001,True
INDR,Indira Nagar,Tamil Nadu,SR,"Chennai, Tamil Nadu",India,,,True
HYB,HYDERABAD DECCAN,Andhra Pradesh,SCR,"Hyderabad, Andhra Pradesh",India,17.393362999999997,78.467377,True
JCU,JAICHOLI,Rajasthan,WCR,"SH 1, Rajasthan",India,27.131193,77.397778,True
HTK,HATKANAGALE,Maharashtra,CR,"Hatkanangale, Maharashtra",India,16.748424,74.42206700000001,True
HMT,HIMMATNAGAR,Gujarat,WR,"Himatnagar, Gujarat",India,23.591655,72.960358,True
JAM,JAMNAGAR,Gujarat,WR,"Jamnagar, Gujarat",India,22.493992,70.053879,True
HGJ,HARDUAGANJ,Uttar Pradesh,NCR,"Aligarh, Uttar Pradesh",India,27.9904756211,78.1280258472,True
HMI,HIMMATANA,Punjab,NR,"SH 11, Punjab",India,30.458736,75.867119,True
HRNG,HARPUR NAG HALT,Bihar,ECR,"National Highway 28, Bihar",India,26.386419,85.07713600000001,True
HW,HARIDWAR JN,Uttarakhand,NR,"Haridwar, Uttarakhand",India,29.947787,78.15489899999999,True
INDM,Indore Junction MG,Madhya Pradesh,WR,"Indore, Madhya Pradesh",India,22.717139,75.868072,True
IHP,INCHHAPURI,Haryana,NR,"Gurgaon, Haryana",India,28.319499,76.7189807,True
HWX,HABAIPUR,Assam,NFR,"Station Rd, Assam",India,25.871926,92.98586300000001,True
HMRR,HAMARAPUR,Maharashtra,CR,"Raigad, Maharashtra",India,18.81964,73.086161,True
HIND,HIND,Uttar Pradesh,NR,"State Highway 57, Uttar Pradesh",India,29.530388830099998,77.3634743811,True
HTNL,HITNAL,Karnataka,SWR,"National Highway 63, Karnataka",India,15.335637,76.291469,True
HJL,HEJJALA,Karnataka,SWR,"Bengaluru, Karnataka",India,12.8482854964,77.4184168683,True
JGNR,Jogendranagar,Tripura,NFR,"Agartala, Tripura",India,23.812162,91.310464,True
HVR,HAVERI,Karnataka,SWR,"Haveri, Karnataka",India,14.7943,75.410686,True
JDL,JAGDEVWALA,Rajasthan,NWR,"Bikaner, Rajasthan",India,28.3108582783,73.455749812,True
HEI,HEGGERE HALT,Karnataka,SWR,"Heggere, Karnataka",India,13.341342,77.048296,True
HHL,HIREHALI,Karnataka,SWR,"NH 4, Karnataka",India,13.2815759392,77.1887639459,True
JDP,Jadabpur,West Bengal,ER,"Kolkata, West Bengal",India,22.495442,88.37469700000001,True
JHD,Jehanabad,Bihar,ECR,"Jahanabad, Bihar",India,25.224705,84.989964,True
HRM,Hadmadiya,Gujarat,WR,"Junagadh, Gujarat",India,20.934947,70.841154,True
HDM,Hirdamali,Maharashtra,SECR,"Gondia, Maharashtra",India,21.342807,80.197137,True
JJPR,Jhanjharpur Bazar Halt,Bihar,,"Jhanjharpur, Bihar",India,,,True
JARI,Jari,Gujarat,NWR,"Dhanera, Gujarat",India,24.587316,72.061232,True
HTW,Hathua,Bihar,NER,"Hathua, Bihar",India,26.3689018769,84.3402527405,True
HLV,Haliyuru,Karnataka,SWR,"State Highway 48, Karnataka",India,14.222474,76.336804,True
BETI,Bhetasi,,WR,,India,22.421623999999998,73.03223700000001,True
KMNR,Kamalnagar,Karnataka,SCR,"Kamal Nagar, Karnataka",India,18.240644,77.178835,True
JKL,Jalal Khali,West Bengal,,"State Highway 11, West Bengal",India,23.347507999999998,88.513628,True
HPLE,Hatpuraini,Bihar,ER,"Bhagalpur, Bihar",India,25.1558255368,86.9850695752,True
JGN,Jagraon,Punjab,NR,"Jagraon, Punjab",India,30.801197,75.47275900000001,True
HPA,Hampapura,Karnataka,SWR,"Hampapura, Karnataka",India,12.479685,76.39466399999999,True
IAM,Mai Halt,,,,India,25.156632436000002,84.9878194543,False
JHDC,Jehanabad Court,Bihar,ECR,"National Highway 83, Bihar",India,25.2011434752,84.98415622680001,True
JOR,Jalor,Rajasthan,NWR,"Jalor, Rajasthan",India,25.35418,72.63429,True
JBP,JABALPUR,Madhya Pradesh,WCR,"Jabalpur, Madhya Pradesh",India,23.164636,79.950919,True
IRN,Irgaon,Jharkhand,SER,"Lohardaga, Jharkhand",India,23.421550999999997,84.78325099999999,True
JHK,JETHUKE,Punjab,NR,"Jettuke, Punjab",India,30.288215,75.318381,True
JNA,JULANA,Haryana,NR,"Julana, Haryana",India,29.120124,76.396508,True
IDJ,IDALHOND,Karnataka,SWR,"Garlgunj - Idalhond Rd, Karnataka",India,15.7079285213,74.51814539669999,True
IDL,INDALVAI,Andhra Pradesh,SCR,"Indalvai, Andhra Pradesh",India,18.548665,78.244351,True
JJR,JEJURI,Maharashtra,CR,"Pune, Maharashtra",India,18.286557,74.171451,True
JRBM,JIRIBAM,Assam,NFR,"Rd, Assam",India,24.79884918,93.12437581,True
JRNA,Jirania,Tripura,NFR,"Jirania Railway Station, Tripura",India,23.827373,91.43198600000001,True
JCY,JIND CITY,Haryana,NR,"Jind, Haryana",India,29.309693,76.317477,True
JDNX,JOGINDER NAGAR,Himachal Pradesh,NR,"Joginder Nagar, Himachal Pradesh",India,31.988433,76.788887,True
IGL,IRINGAL,Kerala,SR,"Kochi - Panavel Rd, Kerala",India,11.548117000000001,75.608869,True
AILM,AILAM,Uttar Pradesh,NR,"State Highway 57, Uttar Pradesh",India,29.2719947091,77.2915349414,True
JONR,Jeonara Ph,Madhya Pradesh,SECR,"Nainpur, Madhya Pradesh",India,22.467657,80.073534,True
JAK,Jakanur,Karnataka,SWR,"Badami Rd, Karnataka",India,15.845019,75.650291,True
IBL,INDRABIL,West Bengal,SER,"Purulia District, West Bengal",India,23.445293999999997,86.78164699999999,True
JOS,JOGESHWARI,Maharashtra,WR,"Mumbai, Maharashtra",India,19.136550999999997,72.84906600000001,True
JDN,JAGUDAN,Gujarat,WR,"Mehsana, Gujarat",India,23.521841,72.40164899999999,True
PBS,Purab Sarai,Bihar,ER,"Munger, Bihar",India,,,True
JGG,JANGIGANJ,Uttar Pradesh,NER,"Allahabad, Uttar Pradesh",India,25.3053173094,82.35067155089999,True
JMNR,Jamner,Maharashtra,CR,"Jamner, Maharashtra",India,20.80642760713478,75.77482301741838,True
JTG,Jatinga,Assam,NFR,"Jatinga, Assam",India,25.132585153047003,93.00795843824744,True
JMB,Jambusar Junction,Gujarat,WR,"Bharuch Jambusar, Gujarat",India,,,True
JMBC,Jambusar City,Gujarat,WR,"Jambusar, Gujarat",India,,,True
JTP,Jetpur,Gujarat,WR,"Jetpur, Gujarat",India,21.735312999999998,70.615184,True
JMRA,Jamira,Assam,,"Bairabi Rd, Assam",India,24.307199,92.527405,True
JONA,Jonha,Jharkhand,SER,"State Highway 2, Jharkhand",India,,,True
JPAH,Jagdishpur Halt,Bihar,ECR,"Darbhanga, Bihar",India,,,True
JBB,Jambur,Gujarat,WR,"Jambur, Gujarat",India,21.032797000000002,70.593046,True
ITKY,Itky,Jharkhand,SER,"Ranchi, Jharkhand",India,23.3522113974,85.1270959845,True
JJN,Jhunjhunun,Rajasthan,NWR,"Jhunjhunu, Rajasthan",India,28.106884063857194,75.39017865434289,True
JBU,Jabugam,Gujarat,WR,"Vadodara, Gujarat",India,22.28593,73.76050000000001,True
JTTN,Jorhat Town,Assam,NFR,"Jorhat, Assam",India,26.750692,94.217106,True
JBW,Jhabelwali,Punjab,NR,"State Highway 16, Punjab",India,30.510447,74.602033,True
JSA,Jasai,Rajasthan,,"State Highway 40, Rajasthan",India,25.716785,71.24586000000001,True
IDAR,Idar,Gujarat,WR,"Sabarkantha, Gujarat",India,23.835435,73.01088,True
JLLO,Jhilo,Rajasthan,NWR,"State Highway 13, Rajasthan",India,27.850784,75.890113,True
HZR,Hafizpur,Uttar Pradesh,NR,"Hafizpur, Uttar Pradesh",India,28.671653,77.785833,True
JK,Jakolari,Punjab,NR,"National Highway 15, Punjab",India,32.218706,75.545676,True
JPO,Jora Alapur,Madhya Pradesh,NCR,"Joura, Madhya Pradesh",India,26.344599,77.802358,True
JPV,Jamtara Paraswara,Madhya Pradesh,SECR,"Howbadh Jabalpur, Madhya Pradesh",India,23.091963999999997,79.960351,True
JRJ,JARGAON,Uttar Pradesh,NR,"Chandausi, Uttar Pradesh",India,28.560472,78.768653,True
JTRD,JATH ROAD,Maharashtra,CR,"State Highway 71, Maharashtra",India,17.2166,75.110555,True
KCB,KUSLAMB,Maharashtra,CR,"State Highway 77, Maharashtra",India,18.274834000000002,75.777193,True
KCNR,KACHNARA ROAD,Madhya Pradesh,WR,"State Highway 31, Madhya Pradesh",India,23.829547,75.101751,True
JWO,JAWAD ROAD,Rajasthan,WR,"National Highway 79, Rajasthan",India,24.557577000000002,74.764389,True
JYM,JAI SAMAND ROAD,Rajasthan,NWR,"Dengari, Rajasthan",India,24.22064,73.86827000000001,True
KEG,KARENGI,Uttar Pradesh,NR,"Karengi, Uttar Pradesh",India,28.346844,79.041353,True
JSM,JAISALMER,Rajasthan,NWR,"Jaisalmer, Rajasthan",India,26.91655,70.92823899999999,True
JID,JAGI ROAD,Assam,NFR,"Jagiroad, Assam",India,26.126113999999998,92.197461,True
JKN,JAKHANIAN,Uttar Pradesh,NER,"State Highway 67, Uttar Pradesh",India,25.740942,83.369563,True
KEQ,KACHHPURA,Madhya Pradesh,WCR,"Jabalpur, Madhya Pradesh",India,23.168783,79.903128,True
JRS,JORAVASAN,Gujarat,WR,"Joravasan, Gujarat",India,20.729778,72.96576,True
JLR,JETALSAR JN,Gujarat,WR,"Rajkot, Gujarat",India,21.729374,70.57391,True
JHT,JUNEHTA,Madhya Pradesh,WCR,"State Highway 22, Madhya Pradesh",India,22.78247,78.596143,True
KB,KHAIRATABAD,Uttar Pradesh,NER,"Sitapur National Highway 24, Uttar Pradesh",India,27.521338,80.740844,True
JIR,JIRA ROAD,Gujarat,WR,"SH 236, Gujarat",India,21.450312,71.345267,True
JJT,JAI JAI WANTI,Haryana,NR,"Jind, Haryana",India,29.16948,76.36926500000001,True
JKP,JHAREKAPUR,Uttar Pradesh,NER,"Sitapur, Uttar Pradesh",India,27.680642,80.728934,True
JSB,Yamuna South Bank,Uttar Pradesh,NCR,"Uttar Pradesh, Uttar Pradesh",India,25.902334,80.226651,True
JPH,JHANTIPAHARI,West Bengal,,"Bankura District, West Bengal",India,23.353362999999998,86.904491,True
JNKR,Janakinagar,Bihar,ECR,"Chapra, Bihar",India,25.881604,87.116949,True
KAGR,KAGANGARH,Punjab,NR,"MDR 102, Punjab",India,29.839460000000003,75.739115,True
KFP,Kukra Khapa,Madhya Pradesh,SECR,"State Highway 19, Madhya Pradesh",India,21.825569,78.897525,True
KALD,Kalanad,Kerala,SR,"Kizur Rd, Kerala",India,,,True
KALN,Kalana,Rajasthan,NWR,"MDR 18, Rajasthan",India,,,True
KAPM,Kottapalem,Andhra Pradesh,ECoR,"Vishakhapatnam, Andhra Pradesh",India,,,True
KBGN,Khubagaon,Maharashtra,CR,"Khubagaon, Maharashtra",India,,,True
JYP,JEYPORE,Odisha,,"Jeypore, Orissa",India,18.896375,82.55467900000001,True
JKHI,Jakhod Khera,Haryana,NWR,"Jakhodlkhera, Haryana",India,29.209394,75.57373,True
KCO,Kachhia Bridge,Uttar Pradesh,NER,"State Highway 33, Uttar Pradesh",India,27.944171,78.863805,True
KAVI,Kavi,Gujarat,WR,"Bharuch, Gujarat",India,22.47229104660886,88.39808402583003,True
JNK,Jhinkpani,Jharkhand,SER,"Jorapokhar, Jharkhand",India,22.4200106276,85.77066197879999,True
KAI,KAIRLA,Rajasthan,NWR,"Pali, Rajasthan",India,25.8474354519,73.1955095032,True
JPM,JIYAPURAM,Tamil Nadu,,"NH 67, Tamil Nadu",India,10.873546000000001,78.606343,True
KCY,Kaichar,West Bengal,ER,"Kaichar, West Bengal",India,,,True
KDRA,Kadampura,Bihar,ECR,"Kadampura, Bihar",India,,,True
JRG,Jugpura,Odisha,,"Mayurbhanj, Orissa",India,21.668795,86.912796,True
JOH,Juharpura,Rajasthan,NWR,"State Highway 69, Rajasthan",India,28.199319000000003,74.84733,True
JOK,Jodhka,Haryana,,"Sirsa, Haryana",India,29.493381999999997,75.218369,True
JTDM,Jatdumri Halt,,,,India,25.474492932500002,85.0950627991,False
VI,Villianur,Puducherry,SR,"NH 45A, Puducherry",India,11.919269000000002,79.757506,True
JKS,Jaksi,Gujarat,WR,"State HIghway 138, Gujarat",India,23.222302523099998,72.1076480029,True
KBGH,Karea Kadambagachhi,West Bengal,ER,"State Highway 2, West Bengal",India,22.705299,88.534887,True
JRL,Jharili,Haryana,NWR,"Jhajjar, Haryana",India,28.50653,76.374648,True
JHWR,Jhawar,Punjab,NR,"National Highway 15, Punjab",India,32.002349,75.377777,True
KAJ,Kaliyaganj,West Bengal,NFR,"RaiGanj, West Bengal",India,25.6393,88.330404,True
KBE,KUREBHAR,Uttar Pradesh,NR,"MDR 66E, Uttar Pradesh",India,26.409469,82.111598,True
KGM,KATHGODAM,Uttarakhand,NER,"Kathgodam, Uttarakhand",India,29.266583,79.54633,True
KDGI,KUDGI,Karnataka,SWR,"NH 13, Karnataka",India,16.530215,75.811482,True
KHHJ,Khatkar Kalan,Punjab,NR,"Nawan Shahar, Punjab",India,31.166967,76.02555000000001,True
KDLG,KUNDALGARH,Rajasthan,NWR,"Dungarpur, Rajasthan",India,24.02828,73.81051,True
KCF,KALCHINI,West Bengal,NFR,"NH 31C, West Bengal",India,26.687507,89.447487,True
JVA,JAVALE,Maharashtra,CR,"State Highway 71, Maharashtra",India,17.298963,75.157805,True
JUA,JARAUNA,Uttar Pradesh,NR,"Alamganj, Uttar Pradesh",India,25.557129999999997,82.399136,True
JSP,JAYASINGPUR,Maharashtra,CR,"Jaysingpur, Maharashtra",India,16.791339,74.551613,True
KBI,KAMBRGANVI,Karnataka,SWR,"State Highway 34, Karnataka",India,15.459597,74.875061,True
KDMR,KODIYAR MANDIR,Gujarat,WR,"SH 21, Gujarat",India,21.739200999999998,72.00460199999999,True
KIQ,Khai Phemeki,Punjab,NR,"State Highway 20, Punjab",India,30.901616999999998,74.55121799999999,True
JWP,JWALAPUR,Uttarakhand,NR,"Jwalapur, Uttarakhand",India,29.928457,78.120775,True
KBR,KABRAI,Uttar Pradesh,NCR,"National Highway 76, Uttar Pradesh",India,25.385191218099997,80.0382402954,True
KCR,KHONKER,Madhya Pradesh,WCR,"Shivpuri, Madhya Pradesh",India,25.316453,77.578988,True
KGW,KARIGANURU,Karnataka,SWR,"Bellary, Karnataka",India,15.251727,76.43343,True
KBL,KOPPAL,Karnataka,SWR,"Koppal, Karnataka",India,15.353868,76.14395900000001,True
KGI,KENGERI,Karnataka,SWR,"Bengaluru, Karnataka",India,12.918047,77.48431,True
KBU,KASU BEGU,Punjab,NR,"Kasu Begu, Punjab",India,30.856795,74.671641,True
KGX,KANGINHAL,Karnataka,SWR,"Gadag, Karnataka",India,15.447816999999999,75.719041,True
KHAR,KHAR,Maharashtra,WR,"Mumbai, Maharashtra",India,19.069166,72.840078,True
KILE,KANDIVLI,Maharashtra,WR,"Mumbai, Maharashtra",India,19.204551,72.852098,True
JTY,JETHI,Gujarat,NWR,"BANASKANTHA, Gujarat",India,24.291967,72.507154,True
JSD,Jaisingder,Rajasthan,,"Barmer, Rajasthan",India,25.755537,70.35885900000001,True
KIE,Khiria Khurd,Uttar Pradesh,NER,"Shahbaznagar, Uttar Pradesh",India,,,True
KKGT,Kalkalighat,Assam,NFR,"National Highway 44, Assam",India,24.5804202061,92.2952717633,True
BOMN,Bommagundanakere,Karnataka,SWR,"Bellary-Hiriyur Rd, Karnataka",India,14.591669999999999,76.68023,True
KAY,Karaimadai,Tamil Nadu,SR,"Karamadai, Tamil Nadu",India,11.238610999999999,76.957617,True
KKK,Khakharia,Gujarat,WR,"State Highway 110, Gujarat",India,21.653052,70.932064,True
KALI,Kaili,Uttar Pradesh,NR,"State Highway 18, Uttar Pradesh",India,28.785394,77.75277,True
KKAE,Kaikala,West Bengal,ER,"State Highway 2, West Bengal",India,22.83998676,88.09337895,True
JTH,Jhoktahal Singh,Punjab,NR,"Jhoktahal Sing, Punjab",India,30.80909,74.495544,True
JRX,Juriagaon,Assam,NFR,"Mathaouri Rd, Assam",India,26.441079000000002,92.644475,True
KGKD,Kang Khurd,Punjab,NR,"Kang Khurd, Punjab",India,31.126338,75.213236,True
KARH,Kakraha Rest House,Uttar Pradesh,NER,"State Highway 26, Uttar Pradesh",India,27.998447,81.420529,True
KLCR,Katlicherra,Assam,,"Bairabi Rd, Assam",India,24.453018,92.547042,True
KHGR,Kashinagar Halt,West Bengal,ER,"Kashinagar, West Bengal",India,21.90539421,88.20132346,True
KCHV,Kachchanvilai,Tamil Nadu,SR,"Thoothukudi, Tamil Nadu",India,8.579343999999999,78.022519,True
KDBM,Khed Brahma,Gujarat,WR,"Khedbrahma, Gujarat",India,24.029405999999998,73.041259,True
JTS,Jatusana,Haryana,NWR,"Nanagal Pathani Rd, Haryana",India,28.331448,76.52110400000001,True
KHNM,Kunda Harnamganj,Uttar Pradesh,NR,"Kunda, Uttar Pradesh",India,25.714175,81.509547,True
KI,KONDAPALLI,Andhra Pradesh,SCR,"Kondapalli, Andhra Pradesh",India,16.623242,80.54669299999999,True
KII,KILLE,Tamil Nadu,SR,"NH 45A, Tamil Nadu",India,11.43755,79.722552,True
KLPG,KAMALPURGRAM,Chhattisgarh,SECR,"National Highway 78, Chhattisgarh",India,23.166227,83.080298,True
KFA,KOPARIA,Bihar,ECR,"Bihar, Bihar",India,25.661041,86.59816,True
KHDI,KHANDERI,Gujarat,WR,"Rajkot, Gujarat",India,22.361075999999997,70.716676,True
KHC,KHORANA,Gujarat,WR,"State Highway 113, Gujarat",India,22.39349,70.82999099999999,True
KDU,KADAMBUR,Tamil Nadu,SR,"Kadambur, Tamil Nadu",India,9.002019,77.86363300000001,True
KDN,KUDATINI,Karnataka,SWR,"Bellary, Karnataka",India,15.215160000000001,76.76356899999999,True
KKB,KARAK BEL,Madhya Pradesh,WCR,"Karak Bel, Madhya Pradesh",India,22.992315,79.34125900000001,True
KJG,KARAJGI,Karnataka,SWR,"haveri, Karnataka",India,14.851426,75.407636,True
KEB,KARAMBELI,Gujarat,WR,"National Highway 8, Gujarat",India,20.316435,72.90153400000001,True
KEZ,Kelzar,Maharashtra,SECR,"Chandrapur, Maharashtra",India,19.98294,79.56394,True
KEP,Kelanpur,Gujarat,WR,"SH 11, Gujarat",India,22.233139,73.277017,True
KDHL,Kundhela,Gujarat,WR,"Vadodara, Gujarat",India,22.227958,73.28142,True
KESR,Kesri Singhpur,Rajasthan,NWR,"Kesrisinghpur, Rajasthan",India,29.950588999999997,73.61854,True
KLMC,KALAMBOLI,Maharashtra,CR,"Navi Mumbai., Maharashtra",India,19.035625,73.11480900000001,True
KGQ,KASARAGOD,Kerala,SR,"Kasaragod, Kerala",India,12.491175,74.987652,True
KLRD,KALI ROAD,Gujarat,WR,"Ahmedabad, Gujarat",India,23.097473,72.57787300000001,True
KNGT,KARNAWAS,Haryana,NWR,"Karnawas, Haryana",India,28.130539000000002,76.590073,True
PSL,PARISAL,Rajasthan,NWR,"Khairthal, Rajasthan",India,27.669476,76.61526599999999,True
AJE,ANJAR,Gujarat,WR,"Anjar, Gujarat",India,23.1194723,70.0366109,True
KHA,Khaigaon,Madhya Pradesh,WCR,"East Nimar, Madhya Pradesh",India,22.011786,76.48125700000001,True
KHLL,KETOHALLI,Karnataka,SWR,"Bengaluru, Karnataka",India,12.758925999999999,77.335544,True
KLNA,KOLHANA HALT,Bihar,,"Kothana, Bihar",India,24.810754,85.188728,True
KJP,Khojeepura,Madhya Pradesh,NCR,"Khojeepura, Madhya Pradesh",India,25.918097,76.851134,True
KMB,Kalv Amba,Gujarat,WR,"Gujarat, Gujarat",India,,,True
KLKR,Kalikapur,West Bengal,ER,"Kalikapur Staion Rd, West Bengal",India,22.412606,88.47502999999999,True
KNDR,Kandari,Gujarat,WR,"Gujarat, Gujarat",India,,,True
KNGM,Kangam,Gujarat,WR,"Gujarat, Gujarat",India,,,True
KLW,Kalwan Halt,West Bengal,ER,"Kalwan, West Bengal",India,22.076525,88.256019,True
KDRI,Kendri,Chhattisgarh,SECR,"Kendri, Chhattisgarh",India,21.131542,81.729967,True
KKNA,Khunkhuna,Rajasthan,NWR,"State Highway 60, Rajasthan",India,27.277760999999998,74.49286000000001,True
KNBR,Kanaibazar,Assam,NFR,"National Highway 44, Assam",India,24.638740000000002,92.326722,True
KHRA,Khachera,Rajasthan,NWR,"State Highway 37, Rajasthan",India,27.530759924999998,75.6489122412,True
KLOD,Kelod,Maharashtra,SECR,"Kelod, Maharashtra",India,21.470222,78.891017,True
KHTU,Khatu,Rajasthan,NWR,"Khatu Khurd, Rajasthan",India,27.116118,74.331631,True
KFV,Kundara East,Kerala,SR,"Kollam-Tirumangalam Rd, Kerala",India,8.969608,76.691337,True
KLZ,Keolari,Madhya Pradesh,SECR,"State Highway 11A, Madhya Pradesh",India,22.374838,79.90885,True
KLE,Kaithal,Haryana,NR,"Haryana, Haryana",India,29.792735,76.397796,True
KKNH,Karukhirharnagar Halt,,ECR,,India,25.891166,86.61649100000001,True
SLHP,SULAH HIMACHAL PRADESH,Himachal Pradesh,NR,"Sulah, Himachal Pradesh",India,32.070953,76.475805,True
KKZ,Kottarakara,Kerala,SR,"Kottarakkara, Kerala",India,9.000279,76.765986,True
KIY,Kalayat,Haryana,NR,"Haryana, Haryana",India,29.679483800099998,76.2281810498,True
KIJ,Kuldiha,Odisha,SER,"Mayurbhanj, Orissa",India,22.3331028,86.27664089999999,True
KMRD,KALAMB ROAD,Maharashtra,CR,"Tadwale, Maharashtra",India,18.371892000000003,76.04934,True
KMC,KAMAREDDI,Andhra Pradesh,SCR,"Kamareddi, Andhra Pradesh",India,18.32586,78.335858,True
KLB,KIRAOLI,Uttar Pradesh,NCR,"Kiraoli, Uttar Pradesh",India,27.133898,77.78581199999999,True
KNVT,KINWAT,Maharashtra,SCR,"Kinwat, Maharashtra",India,19.618502,78.20243500000001,True
KJLU,KHARI JHALU,Uttar Pradesh,NR,"Jhalu, Uttar Pradesh",India,29.331864,78.21890400000001,True
KHV,KARAINTHI,Haryana,NR,"NH 71, Haryana",India,29.0138203113,76.4817815491,True
KIU,KINANA,Haryana,NR,"Brarkhera, Haryana",India,29.227482,76.336659,True
KLWN,KALWAN,Haryana,NR,"MDR 111, Haryana",India,29.701333,75.952638,True
KKP,KOT KAPURA,Punjab,NR,"Kotkapura, Punjab",India,30.578495999999998,74.818173,True
KLT,KULITALAI,Tamil Nadu,SR,"Kulithalai, Tamil Nadu",India,10.932727,78.42089299999999,True
KKET,KAMRUP KHETRI,Assam,NFR,"Khetri, Assam",India,26.1271784614,92.08187667179999,True
KM,KALEEM,Goa,SWR,"Kalay Railway Station, Goa",India,15.293341,74.18884299999999,True
KNP,KHANAPUR,Karnataka,SWR,"Khanapur, Karnataka",India,15.6379344079,74.49975681459999,True
PRSR,Paharsar,Rajasthan,NWR,"Paharsar, Rajasthan",India,28.764429948734062,75.41038356721401,True
KMLI,KAMLI,Gujarat,WR,"Chhapi, Gujarat",India,23.863182,72.375949,True
SHIV,SHINDAWANE,Maharashtra,CR,"Walti Goan, Maharashtra",India,18.434555000000003,74.163601,True
KKW,KANKAVALI,Maharashtra,KR,"Kankavli, Maharashtra",India,16.2587773,73.71987089999999,True
KMQ,KUMBLA,Kerala,SR,"Kumbla, Kerala",India,12.590263,74.943503,True
KNPL,Kandanur Puduvayal,Tamil Nadu,SR,"State Highway 28, Tamil Nadu",India,,,True
KORA,Kora,Gujarat,WR,"Gujarat, Gujarat",India,,,True
KORL,Kural,Gujarat,WR,"Vadodara Jambusar, Gujarat",India,,,True
KLQ,Kilikollur,Kerala,SR,"Kollam, Kerala",India,8.9182952655,76.6327939999,True
KQV,Kinkhed,Maharashtra,CR,"State Highway 201, Maharashtra",India,,,True
KR,Kevdi,Gujarat,WR,"SH 166, Gujarat",India,,,True
KNDL,Khandel,Rajasthan,NWR,"MDR 59, Rajasthan",India,26.9529472159,75.2798777728,True
KHRK,Kharak,Haryana,NWR,"kharak Village, Haryana",India,28.83755,76.308694,True
KPKD,Khapri Kheda,Maharashtra,SECR,"State Highway 243, Maharashtra",India,21.279557,79.11366699999999,True
KOTI,Koti,Himachal Pradesh,NR,"National Highway 22, Himachal Pradesh",India,30.852821,76.994519,True
KKTA,Kollikhutaha,Bihar,ER,"State Highway 19, Bihar",India,25.18966,86.987831,True
KKRL,Kakrala,Punjab,NR,"Nabha, Punjab",India,30.367614999999997,76.074534,True
KJY,Khurja City,Uttar Pradesh,NR,"Sikri, Uttar Pradesh",India,28.252454,77.84116100000001,True
KQI,KALACHAND,Assam,NFR,"Diakkawn Rd, Assam",India,25.339050999999998,93.13311999999999,True
KPV,KASHIPUR,Uttarakhand,NER,"Kashipur, Uttarakhand",India,29.204978,78.96071,True
KNKT,KANAKOT,Gujarat,WR,"State Highway 113, Gujarat",India,22.488122,70.876238,True
KODI,KODI,Maharashtra,SCR,"Ranjani, Maharashtra",India,19.710119,76.00525300000001,True
KNO,KUNDGOL,Karnataka,SWR,"Kundgol, Karnataka",India,15.258352,75.250168,True
KTHU,KATHUA,Jammu and Kashmir,NR,"Kathua, Jammu and Kashmir",India,32.397897,75.551922,True
KTF,KOT FATTEH,Punjab,NR,"Bathinda, Punjab",India,30.120715999999998,75.087931,True
KRH,KHAIRTHAL,Rajasthan,NWR,"Khairthal, Rajasthan",India,27.797324415,76.64170412169999,True
KODR,Kodinar,Gujarat,WR,"Kodinar, Gujarat",India,20.797371000000002,70.695807,True
KQS,Kailaras,Madhya Pradesh,NCR,"Kailaras, Madhya Pradesh",India,26.3046614487,77.62065939360001,True
KRJN,Karanjali Halt,West Bengal,ER,"Tengrabichi, West Bengal",India,,,True
KRJT,Karanja Town,Maharashtra,CR,"Karanja, Maharashtra",India,,,True
KUG,KUSUGALI,Karnataka,SWR,"National Highway 63, Karnataka",India,15.392095,75.233643,True
KSG,KISHANGARH,Rajasthan,NWR,"Kishangarh, Rajasthan",India,26.588968,74.855553,True
KRJR,KARJARA,Bihar,ECR,"State Highway 8, Bihar",India,24.808297,85.151844,True
KRTR,KAROTA PATRI HALT,,,,India,25.152408658800002,86.0377370813,False
KOL,KOLAD,Maharashtra,KR,"Kolad, Maharashtra",India,18.392294,73.223871,True
KRMI,KARMALI,Goa,KR,"Karmali North, Goa",India,15.490212900000001,73.9246644,True
KRMG,Kumaramangalam,Tamil Nadu,SR,"Avur Rd, Tamil Nadu",India,10.696433,78.724107,True
KSAI,Kosadi Halt,Gujarat,WR,"Mosali, Gujarat",India,,,True
KSBG,Khusta Buzurg,Maharashtra,CR,"Amravati, Maharashtra",India,,,True
KPQ,KANNAPURAM,Kerala,SR,"Kannur District, Kerala",India,11.984076,75.31381,True
KRHR,Kharar,Punjab,NR,"Kharar, Punjab",India,30.726293624427043,76.6360420268029,True
KRJA,Karanja,Maharashtra,CR,"Karanja, Maharashtra",India,20.491825750710376,77.48152183368802,True
KRON,Karona Halt,,,,India,25.263396537800002,85.00541057619999,False
KTGM,Kayasthagram,Assam,NFR,"National Highway 44, Assam",India,24.721172,92.353216,True
KNGR,Kashinagar Halt,Odisha,ECoR,"State Highway 34, Orissa",India,18.8568644473,83.87569620789999,True
KRBO,Karaboh,Madhya Pradesh,SECR,"SH 26, Madhya Pradesh",India,22.054579999999998,79.26235799999999,True
KPA,Kanchrapara,West Bengal,ER,"Kanchrapara, West Bengal",India,22.946024,88.451231,True
KTNI,Kapustalni,Maharashtra,CR,"Amravati, Maharashtra",India,,,True
KTNR,Kirtyanand Nagar,Bihar,ECR,"Purnea, Bihar",India,,,True
KRXM,Krishnamohan Halt,West Bengal,ER,"Krishnamohan, West Bengal",India,22.330258,88.449759,True
KRX,Kurud,,SECR,,India,20.833165,81.696451,True
KRDH,Koradih,Maharashtra,SECR,"Nagpur, Maharashtra",India,21.249152,79.10140100000001,True
KTPM,Kotturpuram,Tamil Nadu,SR,"Chennai, Tamil Nadu",India,13.013835,80.24820899999999,True
KRP,Krishnapur,West Bengal,ER,"Lalgola, West Bengal",India,24.406330999999998,88.25613200000001,True
KUTL,Kuwanthal,Rajasthan,NWR,"Pali, Rajasthan",India,25.498041,73.918994,True
KRKN,Karkend,West Bengal,SER,"Karkend, West Bengal",India,23.765615,86.369799,True
KTBR,Kasturba Nagar,Tamil Nadu,SR,"Chennai, Tamil Nadu",India,13.005609,80.248086,True
KNAD,Kanad,Gujarat,WR,"Bhavnagar, Gujarat",India,21.649251036200003,71.9263402661,True
KRC,Kiroda,Rajasthan,NWR,"Degana, Rajasthan",India,26.991165000000002,74.311248,True
KRO,KURAWAN,Madhya Pradesh,WCR,"Harda, Madhya Pradesh",India,22.191568,76.888706,True
KSAE,KOSAI,Maharashtra,SCR,"Kinwat, Maharashtra",India,19.6395023854,78.334546145,True
KTLA,KATKOLA JN,Gujarat,WR,"Katkola Junction, Gujarat",India,21.8521799207,69.8841357111,True
KRGA,KURANGA,Gujarat,WR,"Jamnagar, Gujarat",India,22.061244,69.171715,True
KRCD,KHARWA CHANDA,Rajasthan,NWR,"Kharwa Chanda, Rajasthan",India,24.417762999999997,73.794095,True
VR,VIRAR,Maharashtra,WR,"Thane, Maharashtra",India,19.454407,72.811737,True
KTI,KANTI,Bihar,ECR,"Kanti, Bihar",India,26.198944,85.285092,True
KSU,KUSHTAUR,West Bengal,SER,"Purulia, West Bengal",India,23.430415999999997,86.498336,True
KTGD,KOTH GANGAD,Gujarat,WR,"Koth, Gujarat",India,22.6282749467,72.3016887134,True
KTO,KATORA,Chhattisgarh,SECR,"Patna, Chhattisgarh",India,23.3115927105,82.7112187811,True
KV,Kayavarohan,Gujarat,WR,"Kayavarohan, Gujarat",India,,,True
KVO,Kevdi Road,Gujarat,WR,"Gujarat, Gujarat",India,,,True
KSD,KESHOD,Gujarat,WR,"Keshod, Gujarat",India,21.297662,70.252274,True
KSA,KHASA,Punjab,NR,"Khasa, Punjab",India,31.610411,74.714584,True
KQY,KHARIKATIA,Assam,NFR,"Dhodar Ali, Assam",India,26.615923,94.248092,True
KS,KHETA SARAI,Uttar Pradesh,NR,"Nawab Yousuf Rd, Uttar Pradesh",India,25.965774583199998,82.6886636169,True
KTR,KOTHAR,Rajasthan,NWR,"Pali, Rajasthan",India,24.980982,73.123647,True
KWDP,Kakdwip,West Bengal,ER,"National Highway 117, West Bengal",India,21.8796,88.19387900000001,True
NMT,NAMTIALI,Assam,NFR,"National Highway 61, Assam",India,26.851588,94.619336,True
KRKP,KYARKOP,Karnataka,SWR,"Dharwad, Karnataka",India,15.442249,74.96794799999999,True
KUD,KUDACHI,Karnataka,SWR,"Kudchi, Karnataka",India,16.62608,74.85868699999999,True
KRG,KOREGAON,Maharashtra,CR,"Koregaon, Maharashtra",India,17.690976,74.147622,True
KQK,KOTIKULAM,Kerala,SR,"Bekal, Kerala",India,12.423507,75.024008,True
KTKR,Kumtha Khurd,Maharashtra,SCR,"State Highway 217, Maharashtra",India,18.4218389359,77.0092961456,True
KTU,KUTTIPPURAM,Kerala,SR,"Kuttippuram, Kerala",India,10.845723999999999,76.03339700000001,True
KRNI,KRISHNAI,Assam,NFR,"NH 37, Assam",India,26.070884,90.68256799999999,True
KUHI,Kuhi,Maharashtra,SECR,"Nagpur, Maharashtra",India,21.007558,79.35072000000001,True
KXD,Kokalda,Maharashtra,CR,"Amravati, Maharashtra",India,,,True
KZPB,Kazipara Barasat,West Bengal,ER,"Station Rd, West Bengal",India,,,True
KTAL,Kathalal,Gujarat,WR,"Kathalal, Gujarat",India,22.899659,72.986389,True
KUTR,Kulathur,Tamil Nadu,SR,"Keeranur, Tamil Nadu",India,10.57217515,78.79207688,True
LAT,Lathi,Gujarat,WR,"Lathi, Gujarat",India,21.73935,71.386531,True
KWF,Katwa,West Bengal,ER,"Katwa, West Bengal",India,23.639805,88.123575,True
KYH,Khairah,Bihar,NER,"Saran, Bihar",India,25.861013,84.760114,True
KYP,Kalyanpur,West Bengal,ER,"Baruipur, West Bengal",India,22.343456,88.414597,True
KTNA,Kathana,Gujarat,WR,"Bhadran, Gujarat",India,22.235720999999998,72.752631,True
KRUR,Keeranur,Tamil Nadu,SR,"Keeranur, Tamil Nadu",India,10.576654999999999,78.787292,True
KTWS,Kathuwas,Haryana,NWR,"State Highway 26, Haryana",India,28.1331067668,76.3437941406,True
KRY,Kadiri,Andhra Pradesh,SCR,"Kadiri, Andhra Pradesh",India,14.114788,78.165591,True
KUMB,KUMARBAGH,Bihar,ECR,"Kumarbagh, Bihar",India,26.874522000000002,84.51158,True
LAK,LAKHO,Bihar,ECR,"Lakho, Bihar",India,25.416359999999997,86.205004,True
KVK,KAVATHE MAHANKL,Maharashtra,CR,"Jath Rd, Maharashtra",India,17.007517,74.94491099999999,True
KXO,KUDIKADU,Tamil Nadu,SR,"Poondi, Tamil Nadu",India,10.775636,79.241642,True
LKPR,Lakshmikantpur,West Bengal,ER,"Lakshmikantapur, West Bengal",India,22.110055,88.321958,True
LAL,LUSHALA,Gujarat,WR,"State Highway 99, Gujarat",India,21.3918244015,70.32629040219999,True
KWJ,KHOJEWALA,Punjab,NR,"Kapurthala, Punjab",India,31.359247,75.47495599999999,True
KXH,KAPURTHALA,Punjab,NR,"Kapurthala, Punjab",India,31.366846,75.38272400000001,True
LING,Ling,Maharashtra,CR,"Ling, Maharashtra",India,25.290391816004586,87.3615834955126,True
KZS,KUAKHERA HALT,Uttar Pradesh,NR,"Chandausi, Uttar Pradesh",India,28.546470999999997,78.76651700000001,True
KVE,KAVALANDE,Karnataka,SWR,"SH 57, Karnataka",India,12.033304,76.799272,True
KWM,KAMPUR,Assam,NFR,"Kampur, Assam",India,26.1606011328,92.6577872687,True
KZW,KATAR SINGHWALA,Punjab,NR,"State Highway 17, Punjab",India,30.154130000000002,75.01084399999999,True
KZTW,KULITTURAI WEST,Tamil Nadu,SR,"Kanyakumari, Tamil Nadu",India,8.323734,77.209792,True
LNH,Lachhmangarh Sikar,Rajasthan,NWR,"Laxmangarh, Rajasthan",India,27.832586,75.034114,True
KUTI,Khumtai,Assam,NFR,"Khumtai, Assam",India,26.626403999999997,93.86427300000001,True
LDE,Lokdhikhera,Madhya Pradesh,SECR,"Sausar, Madhya Pradesh",India,21.582533,78.855877,True
LDD,Ladkhed,Maharashtra,CR,"SH 212, Maharashtra",India,,,True
KZC,Kulukkalur,Kerala,SR,"Kulukkallur, Kerala",India,10.868287,76.23944300000001,True
LDM,Ledarmer,Rajasthan,NWR,"Jalor, Rajasthan",India,25.055439,72.34701899999999,True
LFG,Lower Haflong,Assam,NFR,"Haflong, Assam",India,,,True
LGN,Lehgaon,Maharashtra,CR,"Amravati, Maharashtra",India,,,True
LKKA,Lal Kuan,Uttarakhand,NER,"Lalkuan, Uttarakhand",India,,,True
LMB,Limbara,Gujarat,WR,"SH 166, Gujarat",India,,,True
KYI,Kalyani,West Bengal,ER,"Kalyani, West Bengal",India,22.969219,88.467499,True
KUDN,Kudni,Punjab,NR,"MDR 101, Punjab",India,29.777708816700002,75.8447011951,True
KXT,Ketti,Tamil Nadu,SR,"Granduff Rd, Tamil Nadu",India,11.381409,76.736915,True
LIR,Lachmipur,,NER,,India,27.25415,83.379037,True
LIG,Linga,Madhya Pradesh,SECR,"Linga, Madhya Pradesh",India,21.963575000000002,78.936403,True
LDK,Ladhuka,Punjab,NR,"State Highway 20, Punjab",India,30.49849,74.119614,True
KYBR,Khairatiya Bandh Road,Uttar Pradesh,NER,"Khairatiya, Uttar Pradesh",India,28.272292,81.081765,True
LEDO,Ledo,Assam,NFR,"Ledo, Assam",India,27.288435,95.725374,True
LBO,Latabor,Chhattisgarh,SECR,"Latabore, Chhattisgarh",India,20.789828,81.26577,True
KYY,Kariha,Punjab,NR,"Kariha, Punjab",India,31.146278,76.068043,True
KYS,Kusumkasa,Chhattisgarh,SECR,"Kusumkasa, Chhattisgarh",India,20.637273,81.087812,True
KTYR,Kottaiyur,Tamil Nadu,SR,"Kottaiyur, Tamil Nadu",India,10.112077,78.786317,True
LGL,Lalgola,West Bengal,ER,"Lalgola, West Bengal",India,24.421152,88.257513,True
KVH,Khambhel,Gujarat,WR,"State Highway 7, Gujarat",India,23.610866,72.042973,True
LKN,LAKHMINIA,Bihar,ECR,"Bihar, Bihar",India,25.426072,86.309269,True
LNP,LANGARPETH,Maharashtra,CR,"Jath Rd, Maharashtra",India,17.084723,74.96712500000001,True
LMNR,LAKSHMIBAI NAGAR,Madhya Pradesh,WR,"Indore, Madhya Pradesh",India,22.742296,75.858526,True
LHBK,LOTHAL BHURKI,Gujarat,WR,"State Highway 1, Gujarat",India,22.55299,72.222393,True
LPNR,LAJPAT NAGAR,Delhi,NR,"Lajpat Nagar, Delhi NCT",India,28.57927,77.244136,True
MCPK,Chepauk,Tamil Nadu,SR,"Chennai, Tamil Nadu",India,13.061372,80.28015,True
LSR,LASUR,Maharashtra,SCR,"Aurangabad, Maharashtra",India,19.926081,75.01148900000001,True
LNA,LAMANA,Rajasthan,NWR,"Beawar, Rajasthan",India,26.244934,74.46563,True
LOG,LOHGARA,Uttar Pradesh,NCR,"Lohgara, Uttar Pradesh",India,25.250449999999997,81.73019000000001,True
DTRA,DANTRA,,,,India,26.772568999999997,75.149207,False
LBTL,Lebutala,West Bengal,ER,"Lebutala, West Bengal",India,22.666791,88.640107,True
LTD,LATHIDAD,Gujarat,WR,"Tajpar Rd, Gujarat",India,22.090056,71.702802,True
LLU,LALRU,Punjab,NR,"Lalru, Punjab",India,30.479756,76.7941,True
LPJ,LALPUR JAM,Gujarat,WR,"Lalpur, Gujarat",India,22.194537580600002,69.9524202618,True
LPU,Lakhpuri,Maharashtra,CR,"Lakhpuri, Maharashtra",India,,,True
LSN,Lasina,Maharashtra,CR,"Lasina, Maharashtra",India,,,True
LTA,Lamta,Madhya Pradesh,SECR,"Lamta, Madhya Pradesh",India,22.1390377316,80.1244293225,True
LHA,LEHRA GAGA,Punjab,NR,"Sangrur, Punjab",India,29.937832,75.810079,True
RRME,RANCHI ROAD,,ECR,,India,23.665992000000003,85.51160300000001,True
LKSH,LAKSHMINARAYANAPURAM,Andhra Pradesh,SCR,"L Narayanapuram, Andhra Pradesh",India,16.600703,81.592567,True
MARD,Mavur Road,Tamil Nadu,SR,"State Highway 23, Tamil Nadu",India,,,True
MAX,Mangudi,Tamil Nadu,SR,"State Highway 23, Tamil Nadu",India,,,True
LWR,ALNAVAR JN,Karnataka,SWR,"Alnavar, Karnataka",India,15.424244,74.738116,True
MBH,Mobha Road,Gujarat,WR,"Vadodara Jambusar, Gujarat",India,,,True
LKZ,LAKADIYA,Gujarat,WR,"Lakadia, Gujarat",India,23.339664,70.58674500000001,True
LTR,LAKHTAR,Gujarat,WR,"Lakhtar, Gujarat",India,22.873403,71.77672700000001,True
LPR,LILAPUR ROAD,Gujarat,WR,"State Highway 17, Gujarat",India,22.954447,71.862567,True
LMO,LILIYA MOTA,Gujarat,WR,"Liliya Mota, Gujarat",India,21.540317,71.372863,True
LMN,Lachhmanpur,Uttar Pradesh,NR,"Unchahar, Uttar Pradesh",India,26.050472,81.25726300000001,True
LPN,LAOPANI,Assam,NFR,"National Highway 37, Assam",India,26.2003076494,92.59598917299999,True
LKA,LANKA,Assam,NFR,"Lanka, Assam",India,25.914426,92.958001,True
MCPT,Chintadripet,Tamil Nadu,SR,"Chennai, Tamil Nadu",India,13.07406,80.274188,True
LKG,LAMSAKHANG,Assam,NFR,"Lamsakhan Rd, Assam",India,25.796536,93.046846,True
LCT,LANGCHOLIET,Assam,NFR,"TV Centre Road, Assam",India,25.759322935,93.3046356757,True
LPTA,LONGPATIA,Assam,NFR,"Nabhokotia Rd, Assam",India,27.0797307213,95.0953363135,True
LHL,LAHOAL,Assam,NFR,"A T Rd, Assam",India,27.4525,94.999525,True
MANU,Manu,Tripura,NFR,"Manu, Tripura",India,23.9881925448,91.9989317505,True
MAK,Mallikpur,West Bengal,ER,"Kolkata, West Bengal",India,22.396985,88.43331500000001,True
LKW,Lakhewali,Punjab,NR,"Court Rd, Punjab",India,30.447834,74.341781,True
LNO,Lohna Road,Bihar,ECR,"Naruar, Bihar",India,26.220882,86.229057,True
LHW,Loharwara,Rajasthan,NWR,"Sikar Rd, Rajasthan",India,27.19839,75.67687000000001,True
LTK,Lathikata,Odisha,SER,"Latkata, Orissa",India,22.131808,84.89496100000001,True
LRI,Lihuri Halt,Andhra Pradesh,ECoR,"Lihuri Rd, Andhra Pradesh",India,18.913242,83.849833,True
LHLL,Lahli,Haryana,NWR,"State Highway 16, Haryana",India,28.854316999999998,76.44533799999999,True
MAAR,Malhar,Rajasthan,,"Jodhpur, Rajasthan",India,27.2041163361,72.37553642820001,True
LCH,Linch,Gujarat,WR,"State Highway 41, Gujarat",India,23.526717930500002,72.3554837085,True
MDR,MADHIRA,Andhra Pradesh,SCR,"K.Ponnavaram, Andhra Pradesh",India,16.921826,80.366849,True
MDB,MANDOR,Rajasthan,NWR,"Jodhpur, Rajasthan",India,26.350708,73.042126,True
TUY,THIRUTHURAIYUR,Tamil Nadu,SR,"Thiruthuraiyur Railway Station Rd, Tamil Nadu",India,11.823788,79.534813,True
MDL,MANDAL,Rajasthan,NWR,"Mandal, Rajasthan",India,25.439631738299997,74.59395891049999,True
MDPR,MODPUR,Gujarat,WR,"Khambhalia-Lalpur, Gujarat",India,22.2625878623,69.81170376339999,True
MDRA,MEDRA,Gujarat,WR,"National Highway 8, Gujarat",India,23.13609,72.712778,True
MFR,Mandla Fort,Madhya Pradesh,SECR,"Mandla Fort, Madhya Pradesh",India,22.586017,80.355908,True
MDHA,Madhada,Gujarat,WR,"Bhavnagar, Gujarat",India,21.608000903100002,71.90539757810001,True
MDNP,Madanpur Halt,Jharkhand,ER,"Madanpur, Jharkhand",India,,,True
MAUR,MAUR,Punjab,NR,"Maur Mandi, Punjab",India,30.062745999999997,75.22772,True
MDF,MURADI,West Bengal,SER,"Barakar, West Bengal",India,23.593092000000002,86.80929,True
MDLA,MUNDLANA,Haryana,NR,"Panipat, Haryana",India,29.212025,76.757452,True
VU,VAGHPURA,,,,India,23.781878,71.34996600000001,False
MEM,MAU AIMMA,Uttar Pradesh,NR,"Allahabad, Uttar Pradesh",India,25.698324,81.91377,True
MEQ,MALETHU KANAK,Uttar Pradesh,NR,"Bikapur, Uttar Pradesh",India,26.60377,82.124891,True
MBS,MADHOSINGH,Uttar Pradesh,NER,"SH 5, Uttar Pradesh",India,25.249931,82.552278,True
MDVB,Mandar Vidyapith Halt,Bihar,ER,"Mandar, Bihar",India,24.8344029798,87.0202584961,True
MCF,Manik Chauree Halt,Chhattisgarh,SECR,"Manikchauri, Chhattisgarh",India,21.004164000000003,81.783198,True
MCU,Mulacalacheruvu,Andhra Pradesh,SCR,"Mulakalacheruvu, Andhra Pradesh",India,13.802188000000001,78.26482899999999,True
MD,MADAR,Rajasthan,NWR,"Ajmer, Rajasthan",India,26.465014,74.68722700000001,True
MBNL,Marwar Bhinmal,Rajasthan,NWR,"Bhinmal, Rajasthan",India,25.000632999999997,72.275398,True
MADR,MADURE,Maharashtra,KR,"Sawantwadi Vengurla Rd, Maharashtra",India,15.812975,73.80896700000001,True
MANK,MANKI,Karnataka,KR,"Manki, Karnataka",India,14.1744388792,74.4932361584,True
MGR,Munger,Bihar,ER,"Munger, Bihar",India,,,True
MAJN,MANGALORE JN,Karnataka,SR,"Mangalore, Karnataka",India,12.866193,74.88006,True
MBY,MANDI DABWALI,Haryana,NWR,"Mandi Dabwali, Haryana",India,29.966227,74.700155,True
MGX,Mailongdisa,Assam,NFR,"Mailongdisa, Assam",India,,,True
MAHE,MAHE,Puducherry,SR,"Mahe, Puducherry",India,11.699226999999999,75.546967,True
MDD,MALAD,Maharashtra,WR,"Mumbai, Maharashtra",India,19.187089,72.84917,True
MGKM,Mungiakami,Tripura,NFR,"Mungiyakami, Tripura",India,23.8838302513,91.7101089758,True
MDLE,Mandar Hill,Bihar,ER,"Mandar, Bihar",India,24.8060780645,87.02615830570001,True
AJL,Ajitwal,Punjab,NR,"Ajitwal, Punjab",India,30.807611,75.33981800000001,True
MDBP,Madhabpur,West Bengal,ER,"State Highway 3, West Bengal",India,22.119207,88.347323,True
AJN,Ajnod,Madhya Pradesh,WR,"Indore, Madhya Pradesh",India,22.931326000000002,75.738947,True
MDCR,Masaudhi Court Halt,Bihar,,"National Highway 22, Bihar",India,25.366289184800003,85.0439060474,True
MDGR,Manendragarh,Madhya Pradesh,SECR,"Manendragarh, Madhya Pradesh",India,23.219746999999998,82.197734,True
MG,Modelgram,Punjab,NR,"Ludhiana, Punjab",India,30.891527,75.83618299999999,True
MEE,Methai,,ECR,,India,25.907006000000003,86.72458900000001,True
MEW,Marhaura,Bihar,NER,"National Highway 28B, Bihar",India,25.969081,84.850984,True
LYD,Layabad,Jharkhand,SER,"Loyabad, Jharkhand",India,23.773417,86.351907,True
MIJ,Majhdia,West Bengal,ER,"Banpur-Majhdia Rd, West Bengal",India,23.414561999999997,88.719031,True
MBW,Malwara,Rajasthan,NWR,"Marwara, Rajasthan",India,24.7994691685,72.26700809939999,True
MHC,Masrakh,Bihar,NER,"Mashrakh, Bihar",India,26.1022287466,84.8085433154,True
MGVK,Malegaon Vyenku,Maharashtra,SECR,"National Highway 69, Maharashtra",India,21.37586,78.956134,True
MFM,MAHALAM,Punjab,NR,"State Highway 20, Punjab",India,31.018428,74.706748,True
MET,MALERKOTLA,Punjab,NR,"Maler Kotla, Punjab",India,30.529403,75.87169200000001,True
MHOW,Mhow,Madhya Pradesh,WR,"Mhow, Madhya Pradesh",India,22.55518,75.771097,True
MINA,MIYANA,Madhya Pradesh,WCR,"Guna, Madhya Pradesh",India,24.85653,77.472164,True
MIQ,MIRHAKUR,Uttar Pradesh,NCR,"Idgah Agra, Uttar Pradesh",India,27.151203539700003,77.8660122473,True
MLSR,Malsar,Gujarat,WR,"Sinor, Gujarat",India,21.88940753391553,73.31641039811075,True
MKP,MANIKPUR JN,Uttar Pradesh,NCR,"Manikpur, Uttar Pradesh",India,25.063492,81.09365700000001,True
MES,MADURAI EAST,Tamil Nadu,SR,"Madurai, Tamil Nadu",India,9.908505,78.134188,True
MHRL,Mahrail,Bihar,ECR,"Mahrail, Bihar",India,26.294081000000002,86.284783,True
MGLE,MANIGRAM,West Bengal,ER,"Lalgola, West Bengal",India,24.3428549076,88.107881626,True
MLH,MANAKLAO,Rajasthan,NWR,"State Highway 61, Rajasthan",India,26.485986,73.003204,True
VV,VALIVADE,Maharashtra,CR,"Valivade, Maharashtra",India,16.703574,74.298965,True
MKI,BAPUDHAM MOTIHARI,Bihar,ECR,"Motihari, Bihar",India,26.655520000000003,84.90525,True
MHL,MAHWAL,Bihar,ECR,"Muzaffarpur, Bihar",India,26.301858406599997,85.12631435489999,True
MHMB,MAHIMBA,Maharashtra,SCR,"Nanded, Maharashtra",India,19.419884999999997,78.076322,True
AJP,AJJAMPUR,Karnataka,SWR,"Ajjampur, Karnataka",India,13.7283327,76.0097415,True
MHDP,Mahadevpara,Gujarat,WR,"State Highway 9, Gujarat",India,23.677025,72.949202,True
MIRA,MIRA ROAD,Maharashtra,WR,"Mira Bhayandar, Maharashtra",India,19.280299,72.856072,True
MJO,MAJORDA,Goa,KR,"South Goa, Goa",India,15.314045,73.922408,True
MGRR,MAGARPUR,Uttar Pradesh,NCR,"Mau Ranipur, Uttar Pradesh",India,25.322705000000003,78.858785,True
MJE,MUJNAL,West Bengal,NFR,"National Highway 31C, West Bengal",India,26.693327999999998,89.191957,True
MKRL,Moti Koral,Gujarat,WR,"Maninageshwar Rd, Gujarat",India,,,True
MIH,MIHRAWAN,Uttar Pradesh,NR,"Nawab Yousuf Rd, Uttar Pradesh",India,25.871178,82.694333,True
MM,MUMBAI MAHIM JN,Maharashtra,WR,"Mumbai, Maharashtra",India,19.040547,72.84687600000001,True
MOAR,Manipur Bagan,Assam,,"Bairabi Rd, Assam",India,24.400845,92.54072000000001,True
MJS,MANJESHWAR,Kerala,SR,"NH 17, Kerala",India,12.724197,74.887582,True
MGAE,Morgram,West Bengal,ER,"Murshidabad Distt., West Bengal",India,24.304919,88.018413,True
MNGT,MYSORE NEW GOOD,Karnataka,SWR,"Mysore, Karnataka",India,12.338553999999998,76.642542,True
MHU,Manheru,Haryana,NWR,"Bhiwani, Haryana",India,28.701227,76.203117,True
MJN,Makum Junction,Assam,NFR,"Makum, Assam",India,27.485742,95.440958,True
MLHS,Light House,Tamil Nadu,SR,"Chennai, Tamil Nadu",India,13.044645999999998,80.276539,True
MGM,Muragacha,West Bengal,ER,"Nadia, West Bengal",India,23.529636,88.421243,True
MNGV,Mota Miya Mangrol,Gujarat,WR,"Mosali, Gujarat",India,,,True
MNLI,Manali Halt,Tamil Nadu,SR,"State Highway 23, Tamil Nadu",India,,,True
MNDY,Mandaveli,Tamil Nadu,SR,"Chennai, Tamil Nadu",India,13.027861000000001,80.260507,True
MHAD,Mohadi Pragane Laling,Maharashtra,CR,"Dhule, Maharashtra",India,20.863002,74.77978399999999,True
MIW,Mighauna,Uttar Pradesh,NER,"Mighauna, Uttar Pradesh",India,28.24322,79.826515,True
MIO,Molisar,Rajasthan,NWR,"Churu, Rajasthan",India,28.13104,74.739025,True
MHUA,Mahudha,Gujarat,WR,"Madhuda, Gujarat",India,22.817129,72.946947,True
MLKH,Mulewal Khaihra,Punjab,NR,"Neewa Meianwal, Punjab",India,31.102966,75.29969399999999,True
MNME,Manamadurai East,Tamil Nadu,SR,"Manamadurai, Tamil Nadu",India,9.697777,78.45434999999999,True
MNCR,Monacherra,,,,India,24.611951,92.550058,False
MJV,Manjhagarh,Bihar,NER,"National Highway 28, Bihar",India,26.417226,84.504257,True
MOTC,MOTICHUR,Uttarakhand,NR,"Haridwar, Uttarakhand",India,29.981150000000003,78.177678,True
MLHA,MALIYA HATINA,Gujarat,WR,"Malia, Gujarat",India,21.15957,70.29970100000001,True
MLB,MODNIMB,Maharashtra,CR,"Shetfal, Maharashtra",India,17.9165477096,75.4055439008,True
MNL,MINCHNAL,Karnataka,SWR,"Bijapur, Karnataka",India,16.971395,75.822432,True
MKH,MALAKHERA,Rajasthan,NWR,"Mala Khera, Rajasthan",India,27.390236,76.618982,True
MLG,MALHARGARH,Madhya Pradesh,WR,"Malhargarh, Madhya Pradesh",India,24.265618,74.972666,True
MKD,MARKUNDI,Madhya Pradesh,WCR,"State Highway 11, Madhya Pradesh",India,25.017393,80.947114,True
MUE,MUDKHED,Maharashtra,SCR,"Mudkhed, Maharashtra",India,19.148087,77.509661,True
MNDR,MANDI DHANAURA,Uttar Pradesh,NR,"Jyotiba Phule Nagar, Uttar Pradesh",India,28.953119,78.26149799999999,True
MLGT,MALLAPPA GATE,Andhra Pradesh,SCR,"Guntakal, Andhra Pradesh",India,15.225027,77.387152,True
MNQ,MAINPURI,Uttar Pradesh,NCR,"Mainpuri, Uttar Pradesh",India,27.216507,79.034774,True
MLSA,MALLASANDRA,Karnataka,SWR,"NH 206, Karnataka",India,13.335173,77.015018,True
MKS,Muktsar,Punjab,NR,"Muktsar, Punjab",India,30.47821,74.514271,True
MQW,Mallannagar,Uttar Pradesh,NER,"State Highway 33, Uttar Pradesh",India,,,True
MRD,Manund,Gujarat,WR,"State HIghway 55, Gujarat",India,,,True
MPLR,MAHIPAL ROAD,West Bengal,ER,"Lalgola, West Bengal",India,24.2875453877,88.1911711557,True
MKLI,MAKRAULI,Haryana,NR,"Rohtak, Haryana",India,28.946971,76.62755,True
MNO,MEHNAR ROAD,Bihar,ECR,"Bihar, Bihar",India,25.654307800700003,85.504477691,True
MRU,MUMBAI MATUNGA ROAD,Maharashtra,WR,"Mumbai, Maharashtra",India,19.028606,72.847143,True
MMC,MAHAMANDIR,Rajasthan,NWR,"Jodhpur, Rajasthan",India,26.3087448868,73.037935174,True
MMY,MARWAR MATHANYA,Rajasthan,NWR,"Mathania, Rajasthan",India,26.532173,72.978778,True
MTHP,MITHAPUR,Gujarat,WR,"Jamnagar, Gujarat",India,22.411601,69.00869499999999,True
MON,Modran,Rajasthan,NWR,"Jalor, Rajasthan",India,25.187428,72.447631,True
MNZ,MANANI,Uttar Pradesh,NR,"State Highway 57, Uttar Pradesh",India,29.884915,77.498609,True
AJRE,AUJARI,Assam,NFR,"National Highway 37, Assam",India,26.1446457224,92.266800144,True
MLN,MAILANI,Uttar Pradesh,NER,"Lakhimpur Kheri, Uttar Pradesh",India,28.284349000000002,80.347318,True
MNS,Manshahi,Bihar,NFR,"National Highway 81, Bihar",India,25.4756828749,87.5881226697,True
MRJD,Marajdwa,Bihar,ECR,"Sikta-Mainatad Rd, Bihar",India,27.043053,84.60191599999999,True
MLX,Mullanpur,Punjab,NR,"Mullanpur, Punjab",India,30.83811,75.66501600000001,True
MPUR,New Madanpur,,,,India,24.312218,87.226329,False
MSQ,Marwar Ratanpur,Gujarat,NWR,"State Highway 128, Gujarat",India,24.67822,72.142853,True
MMG,Madhyamgram,West Bengal,ER,"Kolkata, West Bengal",India,22.693938,88.45225400000001,True
MPML,Mohapani Mal,Madhya Pradesh,SECR,"State Highway 19, Madhya Pradesh",India,21.812143,78.910005,True
MLTR,Melattur,Kerala,SR,"Melattoor, Kerala",India,11.06543,76.272805,True
MQQ,Markahandi U Halt,Madhya Pradesh,SECR,"State Highway 26, Madhya Pradesh",India,22.049857000000003,79.191328,True
MQS,Malsian Shahkot,Punjab,NR,"Shahkot-Moga Rd, Punjab",India,31.110293,75.354756,True
MKDN,Morkadhana,Madhya Pradesh,CR,"Nayagaon, Madhya Pradesh",India,22.11073,78.501566,True
MSZ,MANSA,Punjab,NR,"Mansa, Punjab",India,29.989694999999998,75.402584,True
MPLE,MAHIPAL,West Bengal,ER,"Lalgola, West Bengal",India,24.30631,88.162107,True
MQL,MIRKHAL,Maharashtra,SCR,"Purna, Maharashtra",India,19.2036411097,76.9150573724,True
MTJR,MOTERJHAR,Assam,NFR,"Dhubri Kochugaon Rd, Assam",India,26.133968,89.864509,True
MSOD,MASODHA,,NR,,India,26.709217000000002,82.12533900000001,True
MTJL,Motijheel,Madhya Pradesh,NCR,"Gwalior, Madhya Pradesh",India,26.249743000000002,78.142209,True
MSDH,MASNADIH,,ECR,,India,26.958112,84.832613,True
MSP,MANSURPUR,Uttar Pradesh,NR,"Muzaffarnagar, Uttar Pradesh",India,29.355377,77.719182,True
MVJ,MAVLI JN,Rajasthan,NWR,"Mavli, Rajasthan",India,24.794585,73.973721,True
NBA,Nabha,Punjab,NR,"Nabha, Punjab",India,30.363819,76.14639600000001,True
MUT,MEERUT CANT,Uttar Pradesh,NR,"Meerut, Uttar Pradesh",India,29.015997000000002,77.686937,True
MWT,MARWAR LOHWAT,Rajasthan,NWR,"Jodhpur, Rajasthan",India,26.981256000000002,72.58927,True
MTC,MEERUT CITY,Uttar Pradesh,NR,"Meerut, Uttar Pradesh",India,28.977610000000002,77.675106,True
MUD,MURADNAGAR,Uttar Pradesh,NR,"Ghaziabad, Uttar Pradesh",India,28.759017,77.506774,True
MSRP,MURHESI RAMPUR,Uttar Pradesh,WCR,"SH 33, Uttar Pradesh",India,27.412426,77.62741799999999,True
MTFA,MERTALA PHALEYA,West Bengal,ER,"Mertala Phaleya, West Bengal",India,23.479665999999998,88.319686,True
MRL,MAROLI,Gujarat,WR,"Maroli, Gujarat",India,21.019949,72.88999799999999,True
MQ,Mannargudi,Tamil Nadu,SR,"Mannargudi, Tamil Nadu",India,10.674541000000001,79.455639,True
MP,MELAPPALAIYAM,Tamil Nadu,SR,"Tirunelveli, Tamil Nadu",India,8.7067184087,77.7018564789,True
MSD,BOMBAY MASJID,Maharashtra,CR,"Mumbai, Maharashtra",India,18.952385,72.838561,True
MTAP,Matania Anantpur,West Bengal,ER,"Matania Anantapur Railway Station, West Bengal",India,,,True
MWW,MAHWA,Rajasthan,NWR,"Alwar, Rajasthan",India,27.483719999999998,76.60887100000001,True
MX,Mumbai Mahalakshmi,Maharashtra,WR,"Mumbai, Maharashtra",India,18.982103,72.823908,True
MTT,Mutupet,Tamil Nadu,SR,"Muthupet, Tamil Nadu",India,,,True
MYA,MANDYA,Karnataka,SWR,"Mandya, Karnataka",India,12.529176,76.897256,True
MULK,MULKI,Karnataka,KR,"Mulki, Karnataka",India,13.068517,74.804962,True
MTMY,Thirumayilai,Tamil Nadu,SR,"Chennai, Tamil Nadu",India,13.03497,80.267038,True
MRTL,MIRTHAL,Punjab,NR,"Mirthal, Punjab",India,32.112895,75.608482,True
MXO,MORTHALA,Rajasthan,NWR,"NH 14, Rajasthan",India,24.502604961899998,72.8034186484,True
MT,Matera,Uttar Pradesh,NER,"Bahraich, Uttar Pradesh",India,27.784934,81.55344699999999,True
MOBD,Moabund,Assam,NFR,"Mohbondha, Assam",India,26.66857,94.071748,True
MSDL,Mahisadal,West Bengal,SER,"Haldia Mechada via Tamluk, West Bengal",India,22.176298999999997,88.010799,True
MRG,Margherita,Assam,NFR,"Ledo, Assam",India,27.289315000000002,95.6726,True
MOM,Maman,Uttar Pradesh,NR,"National Highway 91, Uttar Pradesh",India,28.330372,77.86108700000001,True
MTCN,Triplicane,Tamil Nadu,SR,"Chennai, Tamil Nadu",India,13.054862,80.28020599999999,True
MUPA,MUPA,Assam,NFR,"Diakkawn Rd, Assam",India,25.368686,93.122747,True
NNKR,Nanaksar,Punjab,NR,"Nanaksar, Punjab",India,30.803353,75.419984,True
MZRT,Murtajapur Town,Maharashtra,CR,"Murtajapur, Maharashtra",India,,,True
MPUE,MAINPURI KACHRI,Uttar Pradesh,NCR,"Mainpuri Kachri, Uttar Pradesh",India,27.227142,79.06563200000001,True
MUZ,MOHIUDDINPUR,Uttar Pradesh,NR,"Meerut, Uttar Pradesh",India,28.885405000000002,77.621531,True
NADA,Nada,Gujarat,WR,"Mota Habipura Nada Rd, Gujarat",India,,,True
NBGH,Nowbagh,Maharashtra,CR,"Nowbagh, Maharashtra",India,,,True
NEI,NEOLI,Maharashtra,CR,"State Highway 77, Maharashtra",India,18.387703000000002,76.303949,True
NKRA,Nokhra,Rajasthan,,"Nokhra, Rajasthan",India,27.607994992800002,72.6654016473,True
MWM,MALLESWARAM,Karnataka,SWR,"Bengaluru, Karnataka",India,13.001289,77.56320699999999,True
NGLT,NAGLATULA,Rajasthan,NCR,"Bayana, Rajasthan",India,26.92382,77.421273,True
NDLH,Nandlalee Halt,,,,India,,,False
MVO,MANWATH ROAD,Maharashtra,SCR,"Parbhani, Maharashtra",India,19.358161,76.534516,True
NGE,NAGAR,Chhattisgarh,SECR,"National Highway 78, Chhattisgarh",India,23.315091,82.459164,True
MXH,MAKHU,Punjab,NR,"Makhnu, Punjab",India,31.105935,74.983505,True
NCR,Nagore,Tamil Nadu,SR,"Nagore, Tamil Nadu",India,10.818430000000001,79.846188,True
MZL,MIRZAPALI,Andhra Pradesh,SCR,"Medak, Andhra Pradesh",India,18.017962999999998,78.41529899999999,True
KKG,KEKATUMAR,Maharashtra,SCR,"Washim, Maharashtra",India,20.012339,77.10081100000001,True
MWX,MALLANWALA KHAS,Punjab,NR,"Mallanwala, Punjab",India,31.0470049078,74.8134271344,True
MXY,MAHUARIYA,Uttar Pradesh,ECR,"Sonebhadra, Uttar Pradesh",India,24.227740021099997,83.3105186481,True
MZHL,MAJHAOLI,Madhya Pradesh,WCR,"Bargawa, Madhya Pradesh",India,24.136642000000002,82.37057999999999,True
MYL,MALLIYALA,Andhra Pradesh,SCR,"Kurnool, Andhra Pradesh",India,15.397805,77.77675500000001,True
NGR,ANNIGERI,Karnataka,SWR,"Dist. Dharwad, Karnataka",India,15.432164,75.43085099999999,True
MWJ,MARWASGRAM,Madhya Pradesh,WCR,"Madhya Pradesh, Madhya Pradesh",India,24.098212,81.836685,True
NDNI,Nidhani,Madhya Pradesh,SECR,"Ghonsor, Madhya Pradesh",India,22.576568,80.008415,True
MZW,MANJHWE,Bihar,ECR,"Manjhwe, Bihar",India,24.814294,85.306631,True
MYU,MAYANOOR,Tamil Nadu,SR,"NH 67, Tamil Nadu",India,10.954704000000001,78.23651100000001,True
NGA,NINGALA JN,Gujarat,WR,"State Highway 117, Gujarat",India,22.0252,71.70935200000001,True
NIG,NAIGAON,Maharashtra,WR,"Naigaon West, Maharashtra",India,19.350875,72.845954,True
NAN,NANDGAON ROAD,Maharashtra,KR,"Sindhudurg, Maharashtra",India,16.387453999999998,73.73056000000001,True
MXN,MARIANI JN,Assam,NFR,"Mariani, Assam",India,26.652434999999997,94.30820299999999,True
MUGN,MAHUTGAON,Assam,NFR,"B G Rd, Assam",India,26.962757,94.79288199999999,True
NAM,NAMRUP,Assam,NFR,"Borhat, Assam",India,27.19627,95.313642,True
MVG,MALIGURA,Odisha,ECoR,"Maligura Station, Orissa",India,18.953174999999998,82.638614,True
NGX,Nigan,West Bengal,ER,"Nigan, West Bengal",India,,,True
MUH,Murthiha,Uttar Pradesh,NER,"State Highway 26, Uttar Pradesh",India,28.030462,81.37814700000001,True
MTP,Mettupalayam,Tamil Nadu,SR,"Mettupalayam, Tamil Nadu",India,11.299729,76.934533,True
NCP,Nishchindapur,West Bengal,ER,"Tengrabichi, West Bengal",India,21.973426,88.214325,True
NERH,Ner Halt,,,,India,25.017219,84.97536099999999,False
MYHT,Mayurhat,West Bengal,ER,"Mayurhat-Taraknagar Rd, West Bengal",India,23.363017,88.661013,True
NAL,Nal Halt,Rajasthan,,"NH 15, Rajasthan",India,28.038590055100002,73.21761215939999,True
NKL,Nalikul,West Bengal,ER,"State Highway 2, West Bengal",India,22.829712999999998,88.16622600000001,True
MVC,Mavinkere,Karnataka,SWR,"Mavinkere, Karnataka",India,12.816193,76.201872,True
NHY,NAGANAHALLI,Karnataka,SWR,"Mysore District, Karnataka",India,12.380243,76.651081,True
NDAE,NABADWIP DHAM,West Bengal,ER,"Nabadwip, West Bengal",India,23.396593,88.356472,True
NPRD,NAGPUR ROAD,Chhattisgarh,SECR,"Koria, Chhattisgarh",India,23.279379000000002,82.349049,True
NPM,NELLAIKUPPAM,Tamil Nadu,SR,"Nellikuppam, Tamil Nadu",India,11.775944,79.66476800000001,True
NGNT,NEW GUNTUR,Andhra Pradesh,SCR,"Guntur City, Andhra Pradesh",India,16.3100404,80.4582228,True
NLRD,NECKLACE ROAD,Andhra Pradesh,SCR,"Hyderabad, Andhra Pradesh",India,17.423337999999998,78.46287099999999,True
NBE,New Barrackpore,West Bengal,ER,"Kolkata, West Bengal",India,22.687235,88.444755,True
NAS,Nasrala,Punjab,NR,"Distt.Hoshiarpur, Punjab",India,31.497981000000003,75.84640800000001,True
NGRT,NAGROTA,Himachal Pradesh,NR,"Nagrota Bagwan, Himachal Pradesh",India,32.108728,76.38879399999999,True
AJTM,AJITGILL MATTA,Punjab,NR,"Kotkapura Jaitu Rd, Punjab",India,30.483469,74.863795,True
NID,NIDUR,Tamil Nadu,SR,"Neivasal, Tamil Nadu",India,11.127231,79.645074,True
NED,HUZUR SAHIB NANDED,Maharashtra,SCR,"Nanded, Maharashtra",India,19.160522,77.31047799999999,True
NDE,NANDRE,Maharashtra,CR,"Sangli, Maharashtra",India,16.964028561899998,74.5590299896,True
NGT,NAGAPPATTINAM,Tamil Nadu,SR,"Nagapattinam, Tamil Nadu",India,10.759221,79.845998,True
NPK,NORTH PANAKUDI,Tamil Nadu,SR,"Panakudi, Tamil Nadu",India,8.315971,77.582174,True
AKE,AKANAPET,Andhra Pradesh,SCR,"Medak, Andhra Pradesh",India,18.110863,78.39630899999999,True
NPV,Narpatganj,Bihar,ECR,"National Highway 57, Bihar",India,,,True
NRKE,Nari Khetri,Rajasthan,NWR,"Jhunjhunu, Rajasthan",India,,,True
NDPR,NANDAPUR,Maharashtra,SCR,"Hingoli, Maharashtra",India,19.5948820434,77.2376282849,True
NMZ,NEW MAL JN,West Bengal,NFR,"National Highway 31. 03562-255097, West Bengal",India,26.87368,88.724837,True
NHM,NANDOL DEHEGAM,Gujarat,WR,"Dehegam, Gujarat",India,23.17417,72.815845,True
NEM,NEMEM,Kerala,SR,"Thiruvananthapuram, Kerala",India,8.455233,77.009693,True
NDU,Nadauj,Bihar,ECR,"Nadaul, Bihar",India,25.296538788200003,85.0173352112,True
RJU,Rajula City,Gujarat,WR,"Distt. Amreli, Gujarat",India,21.046574999999997,71.45597599999999,True
NMKA,Namkhana,West Bengal,ER,"Namkhana, West Bengal",India,21.772235000000002,88.239558,True
NRM,Nurmahal,Punjab,NR,"Philur Nurmahal Rd, Punjab",India,31.081588999999997,75.601431,True
NBPH,New Balarampur Halt,West Bengal,ER,"New Balarampur, West Bengal",India,24.051233,88.24737400000001,True
PALI,Pali,Rajasthan,NWR,"Pali, Rajasthan",India,28.177004,76.450856,True
NWA,Nagarwara,Madhya Pradesh,SECR,"Nainpur, Madhya Pradesh",India,22.210719843299998,80.12340101560001,True
NYM,Neyamatpur,,ECR,,India,24.937206,84.988344,True
ARNG,Arunnagar,,,,India,20.7084913199,79.9789721362,False
NNL,Narnaul,Haryana,NWR,"Narnaul, Haryana",India,28.044396,76.123133,True
NGAN,Nagaon,Assam,NFR,"Nagaon, Assam",India,26.356211990000002,92.67253075,True
NRPM,Narayanpur Murli Halt,Bihar,ECR,"Saraygarh, Bihar",India,,,True
NVC,NAGALWANCHA,Andhra Pradesh,SCR,"Jagannadhapuram To Matkepalli Rd, Andhra Pradesh",India,17.07433,80.228517,True
NRUR,Nareshwar Road,Gujarat,WR,"Nareshwar Rd, Gujarat",India,,,True
NRWI,Narwasi,Rajasthan,NWR,"MDR 18, Rajasthan",India,,,True
NRGR,NARANJIPUR,Madhya Pradesh,WR,"Dewas, Madhya Pradesh",India,23.047142090399998,76.00915947140001,True
NSP,NALLA SOPARA,Maharashtra,WR,"Nallasopara station Rd, Maharashtra",India,19.418238000000002,72.819464,True
NUPR,NURPUR ROAD,Punjab,NR,"Nurpur, Punjab",India,32.281043,75.852903,True
NUIH,Neuri Halt,Bihar,ECR,"Darbhanga, Bihar",India,,,True
NXR,Nagsar,Uttar Pradesh,ECR,"Ghazipur, Uttar Pradesh",India,,,True
PAPM,PALAT POTARAM,Andhra Pradesh,SCR,"National Highway 7, Andhra Pradesh",India,17.7900915824,78.4544374475,True
NPT,NARASINGAMPET,Tamil Nadu,SR,"Thiruvavaduthurai, Tamil Nadu",India,11.034797000000001,79.511398,True
NSU,NISUI,Uttar Pradesh,NR,"Aonla- Bareilly Link Rd, Uttar Pradesh",India,28.290931,79.236446,True
NZH,Nidaghatta,Karnataka,,"Bangalore-Mysore Rd, Karnataka",India,,,True
P,,,,,India,,,False
NKE,NARKATIAGANJ JN,Bihar,ECR,"Narkatiaganj, Bihar",India,27.105035,84.464045,True
NMGT,NIMSHIRGAON TAMDALGE,Maharashtra,CR,"Miraj Rd, Maharashtra",India,16.769023999999998,74.486113,True
NNO,NANGLOI,Delhi,NR,"JJ Colony No 1, Delhi NCT",India,28.686261000000002,77.05696599999999,True
NSL,NAGARSOL,Maharashtra,SCR,"Nashik, Maharashtra",India,20.102455,74.541646,True
NRW,NARWANA JN,Haryana,NR,"Way to Narwana, Haryana",India,29.588632,76.109286,True
NMJ,NIDAMANGALAM,Tamil Nadu,SR,"Needamangalam, Tamil Nadu",India,10.773563999999999,79.412736,True
NLH,NAULTHA,Haryana,NR,"Brahman Majra, Haryana",India,29.318787999999998,76.889707,True
NWB,NIWAS ROAD,Madhya Pradesh,WCR,"Sidhi, Madhya Pradesh",India,24.053618,82.013256,True
NPX,NARINDARPURA,Punjab,NR,"Mansa, Punjab",India,29.951767,75.476271,True
NTG,NURSRATABAD KHARKHAR,Uttar Pradesh,NR,"State Highway 57, Uttar Pradesh",India,28.775277,77.307785,True
PASG,Panisagar,Tripura,NFR,"Panisagar, Tripura",India,24.27276,92.149035,True
NLSF,NIYALISH PARA,West Bengal,ER,"Berhampore, West Bengal",India,24.156525000000002,88.246367,True
PDE,Pindrai,Madhya Pradesh,SECR,"State Highway 11A, Madhya Pradesh",India,22.511799793599998,80.0462042108,True
NNN,NANGUNERI,Tamil Nadu,SR,"Nanguneri, Tamil Nadu",India,8.4891,77.66259199999999,True
ODM,ONDAGRAM,West Bengal,SER,"Onda, West Bengal",India,23.147973999999998,87.202275,True
NYH,NAYANDAHALLI,Karnataka,SWR,"Bengaluru, Karnataka",India,12.941162,77.520696,True
NNGE,NARANGI,Assam,NFR,"Panikhaiti, Assam",India,26.182961000000002,91.83577600000001,True
NTSK,NEW TINSUKIA JN,Assam,NFR,"A T Rd, Assam",India,27.479748,95.334128,True
AKI,ADARKI,Maharashtra,CR,"Pune, Maharashtra",India,17.918333,74.189651,True
NMA,Nirmali,Bihar,ECR,"Supaul, Bihar",India,26.305325,86.57461500000001,True
NS,Narasapur,Andhra Pradesh,SCR,"Narsapur, Andhra Pradesh",India,16.445891,81.699909,True
NLD,Nalanda,Bihar,ECR,"National Highway 82, Bihar",India,25.122359,85.46277400000001,True
SSC,Shahi,Uttar Pradesh,NER,"Shahi, Uttar Pradesh",India,28.588172999999998,79.69100300000001,True
NKX,NAKTISEMRA,Chhattisgarh,ECoR,"Jagdalpur, Chhattisgarh",India,19.062273,82.07392999999999,True
OTD,Ootwar,Rajasthan,NCR,"Alwar, Rajasthan",India,27.626063,76.73256,True
PDRA,Padra,Gujarat,WR,"Padra, Gujarat",India,22.237238915003488,73.09017872437835,True
OD,Od,Gujarat,WR,"Od, Gujarat",India,22.65471,73.07946299999999,True
NUA,Nua,Rajasthan,NWR,"Jhunjhunu, Rajasthan",India,28.058125832368518,75.28570594266057,True
TUV,Tuvvur,Kerala,SR,"Thuvvur, Kerala",India,11.120495,76.282913,True
NSF,Nasibpur,West Bengal,ER,"State Highway 2, West Bengal",India,22.804834999999997,88.262036,True
NRPR,Narendrapur Halt,West Bengal,ER,"Kolkata, West Bengal",India,22.453419999999998,88.41769,True
NJA,Nagjua,Jharkhand,SER,"Ranchi, Jharkhand",India,23.3782939954,84.9668384277,True
NNU,Nangal Mundi,Haryana,NWR,"State Highway 24, Haryana",India,28.250468,76.499193,True
BHJA,Bheja,Odisha,ECoR,"Bheja Station, Orissa",India,18.47264914,82.68546380999999,True
NTA,Netra,West Bengal,ER,"National Highway 117, West Bengal",India,22.208105,88.25409499999999,True
NZP,Niyazipur Halt,,,,India,25.143791455699997,84.98843942260001,False
PDPK,PADMAPUKAR,West Bengal,SER,"Howrah, West Bengal",India,22.5683088157,88.3062197015,True
PCP,PALSAP,Maharashtra,CR,"State Highway 77, Maharashtra",India,18.357557,76.191169,True
PDNR,PADNUR,Karnataka,SWR,"Shegao to Alagi Rd, Karnataka",India,17.3223703821,75.9846818945,True
PARD,PATHRAD,Maharashtra,SCR,"Huzur Sahib Nanded, Maharashtra",India,19.18427,77.39203,True
PALR,PALUR,Tamil Nadu,SR,"SH 58, Tamil Nadu",India,12.766651,79.90699699999999,True
PKRD,PAKARA ROAD,Madhya Pradesh,WCR,"Pakara, Madhya Pradesh",India,24.0512,80.505599,True
PGR,PUGALUR,Tamil Nadu,SR,"Karur, Tamil Nadu",India,11.051701999999999,77.99070900000001,True
NWR,NIWAR,Madhya Pradesh,WCR,"Katni, Madhya Pradesh",India,23.7204627184,80.3695901074,True
OKHA,OKHA,Gujarat,WR,"Okha, Gujarat",India,22.470959999999998,69.073775,True
OKD,OKHA MADHI,Gujarat,WR,"NH 8E, Gujarat",India,22.0956416097,69.1038005835,True
NRO,Nakodar Junction,Punjab,NR,"Nakodar, Punjab",India,31.111697,75.47560800000001,True
NTR,NITTUR,Karnataka,SWR,"NH 206, Karnataka",India,13.3016546778,76.8558716895,True
PGK,PILI BANGAN,Rajasthan,NWR,"Pilibanga, Rajasthan",India,29.483825,74.079282,True
PEE,Paterhi,Bihar,NER,"Saran, Bihar",India,25.923565,84.80548800000001,True
NTZ,NATHWANA,Rajasthan,NWR,"Malkisar, Rajasthan",India,28.563319,73.813703,True
NUD,NAVAGADH,Gujarat,WR,"Jetpur, Gujarat",India,21.764344,70.61672100000001,True
PKZ,PIPLI PAKHI KALAN,Punjab,NR,"Faridkot, Punjab",India,30.732663,74.732879,True
PIH,Parhihara,Rajasthan,NWR,"Sujangarh, Rajasthan",India,27.926801,74.559809,True
NVRD,NAVADE ROAD,Maharashtra,CR,"Ghotkamp Koyana vele, Maharashtra",India,19.052388999999998,73.102716,True
OND,Aunlajori Junction,Odisha,SER,"Mayurbhanj, Orissa",India,22.440956,86.16420749999999,True
NAND,NANDIKUR,,,,India,13.133125,74.806474,False
NTW,NANJANGUD TOWN,Karnataka,SWR,"Nanjangudu, Karnataka",India,12.12211,76.68442999999999,True
PL,Mumbai Lower Parel,Maharashtra,WR,"Mumbai, Maharashtra",India,18.994919,72.82961999999999,True
NVL,Neyveli,Tamil Nadu,SR,"SH 10, Tamil Nadu",India,11.538814,79.47622299999999,True
OBR,OBRA DAM,Uttar Pradesh,ECR,"Obra, Uttar Pradesh",India,24.438661,82.975949,True
PCX,Pagla Chandi,West Bengal,ER,"National Highway 34, West Bengal",India,23.743195,88.303969,True
PDKT,Pudukkottai,Tamil Nadu,SR,"Pudukkottai, Tamil Nadu",India,10.372456999999999,78.801946,True
PED,Pipardahi,Madhya Pradesh,SECR,"SH 26, Madhya Pradesh",India,22.052145,79.41266,True
NZT,Nazareth,Tamil Nadu,SR,"Thoothukudi, Tamil Nadu",India,8.563997,77.976271,True
PHU,Pahur,Maharashtra,CR,"Pahur, Maharashtra",India,,,True
PIJ,Pij,Gujarat,WR,"State Highway 149, Gujarat",India,,,True
PKP,Pallikkara,Kerala,SR,"Kasaragod, Kerala",India,,,True
PCC,Prachi Road Junction,Gujarat,WR,"Jambur, Gujarat",India,20.988298,70.68701800000001,True
PKT,Pattukottai,Tamil Nadu,SR,"Pattukkottai, Tamil Nadu",India,,,True
AKK,Akkihebbalu,Karnataka,SWR,"Mandya District, Karnataka",India,12.62489,76.37759799999999,True
PEC,Pencharthal,Tripura,NFR,"Pecharthal, Tripura",India,24.196225,92.10823,True
NSS,Nawanshahr Doaba Junction,Punjab,NR,"Bhaddi, Punjab",India,31.1213,76.108571,True
KRSW,Kohar Singhwala,Punjab,NR,"State Highway 20, Punjab",India,30.76024,74.44582399999999,True
PKGM,Phakhoagram,Assam,NFR,"Phakhoagram, Assam",India,24.641534,92.342438,True
PJLE,Panjwara Road,Bihar,ER,"Mandar, Bihar",India,24.8770456448,87.0136837024,True
PHS,Ferozeshah,Punjab,NR,"Firozpur Rd, Punjab",India,30.887454,74.78411,True
PHX,PATHAKPUR,Uttar Pradesh,NR,"Chandausi, Uttar Pradesh",India,28.369685,78.580494,True
PRDP,Paradip,Odisha,ECoR,"Paradip, Orissa",India,20.280364,86.62014099999999,True
PCR,PANCHRA,West Bengal,ER,"Birbhum, West Bengal",India,23.771990000000002,87.330151,True
PMYA,PARMINIYA HALT,Bihar,ECR,"Parminiya, Bihar",India,25.826562590800002,86.59504241879999,True
PDH,PADADHARI,Gujarat,WR,"Paddhari, Gujarat",India,22.429596,70.60534299999999,True
PMI,PAIMAR,Bihar,ECR,"Paimar, Bihar",India,24.806929,85.112409,True
PG,PERGAON,Maharashtra,SCR,"Parbhani, Maharashtra",India,19.294984,76.67346400000001,True
PIZ,PINGLI,Maharashtra,SCR,"Parbhani, Maharashtra",India,19.21840134,76.8577266418,True
KRSH,KARAMGARH SDRGH,,,,India,30.213009,74.748627,False
PDQ,PADLA,Rajasthan,NWR,"Padla, Rajasthan",India,24.306134999999998,73.778291,True
PCT,PANCHTALAVDA ROAD,Gujarat,WR,"SH 115, Gujarat",India,21.662813,71.474264,True
PGL,PAGDHAL,Madhya Pradesh,WCR,"Pagdhal, Madhya Pradesh",India,22.42054,77.351451,True
PHI,PANIKHAITI,Assam,NFR,"Chandrapur Rd, Assam",India,26.2119648863,91.8757005432,True
PIRO,Piro,Bihar,ECR,"Piro, Bihar",India,25.321358352999997,84.4205444342,True
PML,PAPANASAM,Tamil Nadu,SR,"Rajagiri, Tamil Nadu",India,10.922767,79.26854200000001,True
PMM,PARSEHRA MAL,Uttar Pradesh,NER,"Parsehra, Uttar Pradesh",India,27.729917,80.72917899999999,True
PNYA,PANIAHWA,,NER,,India,27.167486,83.933839,True
PMK,PARAMAKKUDI,Tamil Nadu,SR,"Paramagudi, Tamil Nadu",India,9.539071,78.591131,True
PR,MUMBAI PAREL,Maharashtra,CR,"Mumbai, Maharashtra",India,19.009045,72.83750400000001,True
PBA,PIARDOBA,West Bengal,SER,"Bankura, West Bengal",India,22.956881,87.322164,True
PGTN,PALGHAT TOWN,Kerala,SR,"Palakkad, Kerala",India,10.7753892,76.65216699999999,True
PNVL,PANVEL,Maharashtra,CR,"Panvel, Maharashtra",India,18.990918999999998,73.121756,True
PAZ,PAYANGADI,Kerala,SR,"Kannur District, Kerala",India,12.021507999999999,75.2596,True
PEU,PERSSANNUR,Kerala,SR,"Koodallur, Kerala",India,10.840824,76.065488,True
PFT,Pothahi,Bihar,ECR,"Pothahi, Bihar",India,25.486605,85.098643,True
PNUG,Punpun Ghat Halt,,,,India,25.5255878987,85.1099123547,False
PMGN,Pimpalgaon,Maharashtra,CR,"Pimpalgaon, Maharashtra",India,,,True
POHE,Pohe,Maharashtra,CR,"Pohe, Maharashtra",India,,,True
PPV,Pratapganj,Bihar,ECR,"Pratapganj, Bihar",India,,,True
PLF,Piali,West Bengal,ER,"Champahati To Peyali Rd, West Bengal",India,22.388254,88.51744099999999,True
PRGT,Pargothan,Maharashtra,CR,"Wardha, Maharashtra",India,,,True
PRKA,Parikha,Gujarat,WR,"Gujarat, Gujarat",India,,,True
PRNC,Purnia Court,Bihar,ECR,"Purnia, Bihar",India,,,True
PIL,Piler,Andhra Pradesh,SCR,"Piler Station, Andhra Pradesh",India,13.662347,78.927499,True
PIT,Palitana,Gujarat,WR,"Palitana, Gujarat",India,21.538300999999997,71.82319700000001,True
PNCB,Pancheberia,West Bengal,ER,"Haranath Para Ln, West Bengal",India,23.221017,88.599435,True
PLC,Phalodi Junction,Rajasthan,NWR,"Phalodi, Rajasthan",India,27.124794,72.366743,True
PAVI,Pavi,Gujarat,WR,"Vadodara, Gujarat",India,22.342282,73.840166,True
PHWR,Pehowa Road,Haryana,NR,"Haryana, Haryana",India,29.88477778,76.6204606189,True
PPB,Partabpura,Punjab,NR,"Partabpura, Punjab",India,31.052119,75.71438400000001,True
PLH,Parlakhemundi,Odisha,ECoR,"Paralakhemundi, Orissa",India,18.786579,84.08063800000001,True
PDX,Payradanga,West Bengal,ER,"Payradanga, West Bengal",India,23.128660999999997,88.545481,True
PDS,Pindarsi,Haryana,NR,"Haryana, Haryana",India,29.9189828048,76.70440469360001,True
PCO,Palayankottai,Tamil Nadu,SR,"Tirunelveli, Tamil Nadu",India,8.709862,77.738083,True
PMO,Pandoli,Rajasthan,NWR,"State Highway 9, Rajasthan",India,24.866567,74.39939700000001,True
PQE,Pawapuri Road,Bihar,ECR,"Distt Nalanda, Bihar",India,25.159209999999998,85.511715,True
PNGM,PANCHGRAM,Assam,NFR,"Panchgram, Assam",India,24.864358,92.598318,True
PLS,PIPALSANA,Uttar Pradesh,NER,"State Highway 49, Uttar Pradesh",India,28.952153,78.83533,True
PJR,PANGRI,Maharashtra,CR,"State Highway 77, Maharashtra",India,18.283703174,75.86677300480001,True
PLMX,PALAMPUR HIMACHAL,Himachal Pradesh,NR,"Palampur, Himachal Pradesh",India,32.069052,76.54001000000001,True
PRU,PARLU,Rajasthan,NWR,"Parlu, Rajasthan",India,25.823775,72.4319,True
PJH,Pirjhalar,Madhya Pradesh,WR,"Ratlam, Madhya Pradesh",India,23.2603976,75.5313135,True
PPLI,PIPLI,Gujarat,WR,"Jamnagar, Gujarat",India,22.345082,69.934426,True
PRTP,PARTAPUR,Uttar Pradesh,NR,"Meerut, Uttar Pradesh",India,28.925112000000002,77.648699,True
PYM,PANDIYAPURAM,Tamil Nadu,SR,"State HIghway 75, Tamil Nadu",India,8.855091,77.971557,True
PJA,PAJIAN,Punjab,NR,"Kapurthala, Punjab",India,31.264295,75.288498,True
RAMP,Rampuri,Madhya Pradesh,SECR,"Bamhani, Madhya Pradesh",India,22.410159,80.259304,True
PNGR,PINGORA,Rajasthan,WCR,"SH 1, Rajasthan",India,27.087305999999998,77.37130900000001,True
PUE,Palari,Madhya Pradesh,SECR,"State Highway 11A, Madhya Pradesh",India,22.301904,79.815973,True
PUF,Pauta,Uttar Pradesh,NER,"Pauta, Uttar Pradesh",India,28.4516032684,79.8118731085,True
PKDE,PILU KHERA,Haryana,NR,"Jind, Haryana",India,29.354607,76.49388,True
PLWR,Phulwaria,Uttar Pradesh,NER,"Phulwaria, Uttar Pradesh",India,26.4688026951,84.255615343,True
PNJ,Padriganj,Madhya Pradesh,SECR,"Nainpur, Madhya Pradesh",India,22.3172086118,80.11383797849999,True
RAU,Rau,Madhya Pradesh,WR,"Rau, Madhya Pradesh",India,22.633145,75.80494999999999,True
TIK,Tik,,NR,,India,29.8508008993,76.52731516850001,True
PRDL,Paradol,Madhya Pradesh,SECR,"Manendragarh, Madhya Pradesh",India,23.25057,82.188481,True
TUA,TIRUNNAVAYA,Kerala,SR,"Thirunavaya, Kerala",India,10.874721,75.985675,True
PNPR,PUNNAPURA,Kerala,SR,"Alappuzha, Kerala",India,9.449651,76.333771,True
PUPR,PUNNAPRA,Kerala,SR,"Alappuzha, Kerala",India,9.423187,76.342348,True
PLP,PHULPUR,Uttar Pradesh,NR,"Phulpur, Uttar Pradesh",India,25.552533999999998,82.091535,True
PRG,PRAYAG,Uttar Pradesh,NR,"Allahabad, Uttar Pradesh",India,25.467939,81.867081,True
PMY,PALI MARWAR,Rajasthan,NWR,"Pali, Rajasthan",India,25.790692,73.327309,True
PRNG,Pritam Nagar,Madhya Pradesh,WR,"Ratlam, Madhya Pradesh",India,,,True
PTG,Patna Ghat,Bihar,ECR,"Sabalpur, Bihar",India,,,True
PTRT,Pathrot,Maharashtra,CR,"Amravati, Maharashtra",India,,,True
PRTL,Pirtala,West Bengal,ER,"Pirtala, West Bengal",India,24.359325000000002,88.28058300000001,True
PMQ,Parna Nand,Punjab,NR,"National Highway 15, Punjab",India,32.169809,75.49578699999999,True
PVI,Peravurani,Tamil Nadu,SR,"Peravurani, Tamil Nadu",India,,,True
RAS,Ras,Gujarat,WR,"Bhadran, Gujarat",India,,,True
PKO,Palakollu,Andhra Pradesh,SCR,"Palakollu, Andhra Pradesh",India,16.522244,81.717145,True
POA,Palikona,Andhra Pradesh,SCR,"Bhattiprolu, Andhra Pradesh",India,16.061989,80.80435100000001,True
PSK,Paradsinga Halt,Madhya Pradesh,SECR,"Paradsinga, Madhya Pradesh",India,21.541244,78.854197,True
PTKD,Patharkandi,Assam,NFR,"Patharkandi, Assam",India,24.604506,92.31911,True
PKBS,Peeplee-ka-bas,Rajasthan,NWR,"MDR 59, Rajasthan",India,26.909188999999998,75.268809,True
PNSA,Punsia,Bihar,ER,"Punsia, Bihar",India,24.9531673111,87.0037506653,True
KRSL,Krishnashilla,Uttar Pradesh,ECR,"Sonebhadra, Uttar Pradesh",India,24.1550254,82.7684964,True
PTE,Patiala Cantt.,Punjab,NR,"Patiala, Punjab",India,30.341138,76.379064,True
PLT,Pirthala Llauda,Haryana,NR,"Tohana, Haryana",India,29.628831,75.866432,True
RHW,ROHIRA GHALUGHRA,Punjab,NR,"Sangrur, Punjab",India,30.6369312333,75.8416662744,True
PRKH,PARKANHATTI,Karnataka,SWR,"Parakanhatti, Karnataka",India,16.140169,74.695447,True
RAKL,RETHORAKALAN,Madhya Pradesh,NCR,"Malanpur, Madhya Pradesh",India,26.397857000000002,78.240156,True
RDI,KARDI,Karnataka,SWR,"Karadi Cross, Karnataka",India,13.2673774949,76.5736995709,True
RKR,RANIKUND RARAH,Rajasthan,WCR,"Rarah, Rajasthan",India,27.324191,77.55550000000001,True
RMGJ,RAMGANJ,Uttar Pradesh,NR,"State Highway 9, Uttar Pradesh",India,26.049173999999997,82.020731,True
PT,PATLI,Haryana,NR,"Gurgaon, Haryana",India,28.399583000000003,76.85347200000001,True
POR,PIPALDA ROAD,Rajasthan,WCR,"Baren, Rajasthan",India,24.956611,76.616541,True
PTRD,PATAUDI ROAD,Haryana,NR,"Hailley Mandi, Haryana",India,28.350738,76.755565,True
PSD,PARSODA,Maharashtra,SCR,"Rotegaon, Maharashtra",India,19.953696573000002,74.8751352301,True
POZ,POTUL,Maharashtra,SCR,"Lasur, Maharashtra",India,19.918567,75.12177700000001,True
PRKE,PURUA KHERA,Uttar Pradesh,NR,"Bijnour, Uttar Pradesh",India,28.38702,78.94859100000001,True
RBK,REOTI BAHORA KHERA,Uttar Pradesh,NR,"Reoti B Khera, Uttar Pradesh",India,28.318709,79.107047,True
VMU,Vemuru,Andhra Pradesh,SCR,"Coastal Andhra Region, Andhra Pradesh",India,16.178119,80.743187,True
RDY,REDIPALAYAM,Tamil Nadu,SR,"State Highway 58, Tamil Nadu",India,12.736973,79.94717999999999,True
PPKD,PAPRAKUND,Uttar Pradesh,ECR,"Obra, Uttar Pradesh",India,24.42109,82.93171099999999,True
RAJP,RAJAPUR ROAD,Maharashtra,KR,"Ratnagiri, Maharashtra",India,16.635175,73.626565,True
RANI,RANI,Rajasthan,NWR,"Rania, Rajasthan",India,25.347582,73.31039,True
PPNS,PAPPINISSERY,Kerala,SR,"Kannur District, Kerala",India,11.941779,75.347422,True
PRZ,Parsa,Uttar Pradesh,NER,"Itwa Badhayan Rd, Uttar Pradesh",India,27.435147999999998,82.908499,True
PSLI,Parsoli,Rajasthan,WCR,"NH 76, Rajasthan",India,25.113462000000002,74.875358,True
RAL,Repalle,Andhra Pradesh,SCR,"Repalle, Andhra Pradesh",India,16.019794,80.828736,True
RJQ,Rajendranagar,Madhya Pradesh,WR,"Indore, Madhya Pradesh",India,22.670031,75.82954600000001,True
RHU,Rahon,Punjab,NR,"Rahon, Punjab",India,31.059323805951863,76.10892366617918,True
RAHA,Raha,Assam,NFR,"Roha, Assam",India,26.225359,92.522244,True
PRES,Pattabiram East,Tamil Nadu,SR,"Pattabiram, Tamil Nadu",India,13.145847999999999,80.068704,True
RCTC,Raghunathpur,Odisha,ECoR,"Raghunathpur, Orissa",India,20.351679,86.14960500000001,True
PRBZ,Parsa Bazar,Bihar,ECR,"NH 83, Bihar",India,25.550023,85.11887899999999,True
RGV,Rathopur,Bihar,ECR,"Saraygarh, Bihar",India,,,True
PRNR,Porjanpur,Odisha,,"National Highway 215, Orissa",India,21.789139000000002,85.521374,True
PPCK,Pipalwali Chowk,Madhya Pradesh,NCR,"Pipalwali Chowk, Madhya Pradesh",India,26.266253,77.470826,True
RNIR,Rajnarainpur,Uttar Pradesh,NER,"State Highway 90, Uttar Pradesh",India,28.313863,80.418359,True
PPN,Punpun,Bihar,ECR,"Patna, Bihar",India,25.488229642500002,85.09876768800001,True
RBN,Raghubans Nagar,Bihar,ECR,"Raghubans Nagar, Bihar",India,25.756709,87.060056,True
RMO,Ramakona,Madhya Pradesh,SECR,"State Highway 19, Madhya Pradesh",India,21.684348999999997,78.826509,True
RAH,Ramgarh,Rajasthan,NCR,"Alwar, Rajasthan",India,27.576612,76.811256,True
TNRI,Teneri Halt,,,,India,25.3146062619,85.02551828,False
PTRJ,PATTI RAJPURA HALT,Himachal Pradesh,NR,"Majhairan, Himachal Pradesh",India,32.068766000000004,76.53987000000001,True
PTWA,PATWARA,Madhya Pradesh,WCR,"Katni, Madhya Pradesh",India,23.9143072844,80.4137045734,True
PUY,Phulaguri,Assam,NFR,"National Highway 37, Assam",India,26.270537,92.592784,True
RENH,RENHAT,Madhya Pradesh,WCR,"Shivpuri, Madhya Pradesh",India,25.979937999999997,77.83368499999999,True
RE,REWARI,Haryana,NWR,"Rewari, Haryana",India,28.202779000000003,76.609414,True
RHG,RAJGARH,Rajasthan,NWR,"Rajgarh, Rajasthan",India,27.240827,76.607541,True
RMH,RANGMAHAL,Rajasthan,NWR,"Sri Ganganagar, Rajasthan",India,29.405815999999998,73.974734,True
RA,RAMPARDA,Gujarat,WR,"Surendranagar, Gujarat",India,22.634966,71.352035,True
RGLI,RANGAULI,Uttar Pradesh,NCR,"Mahoba, Uttar Pradesh",India,25.150233,79.887282,True
RMR,RAMNAGAR,Uttarakhand,NER,"Ramnagar, Uttarakhand",India,29.390223,79.12223900000001,True
RKI,RAMKANALI JN,West Bengal,SER,"Purulia, West Bengal",India,23.579891,86.76233599999999,True
QLM,KULEM,Goa,SWR,"South Goa Distt., Goa",India,15.334036,74.24423,True
RRE,Rahul Road,Bihar,ECR,"National Highway 31, Bihar",India,25.274192601499998,85.5309343896,True
RMSR,RAMSINGHPUR,Rajasthan,NWR,"Ramsinghpur, Rajasthan",India,29.185337,73.39886600000001,True
PYOL,PAYYOLI,Kerala,SR,"Payyoli, Kerala",India,11.516715999999999,75.617595,True
RPB,Rupasibari,Assam,NFR,"National Highway 44, Assam",India,24.855344,92.529502,True
PUM,PALLIPPURAM,Kerala,SR,"Palakkad, Kerala",India,10.8413738184,76.1123604352,True
RGD,Rajgir,Bihar,ECR,"Rajgir, Bihar",India,25.033068999999998,85.41469699999999,True
RGS,Ringas Junction,Rajasthan,NWR,"Ringas, Rajasthan",India,27.373379,75.56360400000001,True
RTBR,Ratabari,Assam,NFR,"Ratabari, Assam",India,24.572086000000002,92.416927,True
RGJI,RANGJULI,Assam,NFR,"Rangjuli Railway Station, Assam",India,25.988405,90.95595800000001,True
RPLY,Rupauli,Bihar,ECR,"Murliganj, Bihar",India,25.879328,87.057937,True
PW,Pirwa,Rajasthan,NWR,"Degana, Rajasthan",India,27.235415,74.46727399999999,True
RDG,Rayadurg,Andhra Pradesh,SWR,"Rayadurg, Andhra Pradesh",India,14.705815,76.856828,True
RPP,Ranu Pipri,Gujarat,WR,"Gujarat, Gujarat",India,,,True
RSMN,Ramgovindsingh Mahuli Halt,,,,India,25.5318741843,85.11323059809999,False
RJR,Rajaldesar,Rajasthan,NWR,"Rajaldesar, Rajasthan",India,28.033672,74.47771200000001,True
RPV,Rajapatti,Bihar,NER,"Musepur To Rajapatti Railway Statipn, Bihar",India,26.1808149265,84.80838331540001,True
PUQ,Puranigudam,Assam,NFR,"Puranigudam, Assam",India,26.36319,92.78676899999999,True
PTRE,Patara,Uttar Pradesh,NCR,"Kanpur Nagar, Uttar Pradesh",India,26.232167999999998,80.203446,True
RGJ,RaiGanj,West Bengal,NFR,"Raiganj, West Bengal",India,25.619125,88.127696,True
TUD,Talodhi Road,Maharashtra,SECR,"Nagbhir, Maharashtra",India,20.454247000000002,79.736073,True
RM,Rajmane,Maharashtra,CR,"Kunzar Rd, Maharashtra",India,20.643085,74.941672,True
RMN,Raman,Punjab,NWR,"Rama Mandi, Punjab",India,29.959833999999997,74.96208800000001,True
RPHR,Raipur Hariyana Junction,Haryana,NR,"Hisar, Haryana",India,29.158401,75.772834,True
QTP,Quatabpur,Haryana,NR,"Haryana, Haryana",India,29.763968,76.349742,True
RBJ,Raibojha,Uttar Pradesh,NER,"State Highway 26, Uttar Pradesh",India,27.971208999999998,81.471651,True
RWH,Rowriah Sdg,Assam,NFR,"Jorhat, Assam",India,26.721887,94.17244099999999,True
RWL,RAIWALA,Uttarakhand,NR,"Rishikesh, Uttarakhand",India,30.032143,78.209877,True
RPI,RUPAHELI,Rajasthan,NWR,"Bhilwara, Rajasthan",India,25.771723,74.635807,True
RNA,ROHANA KALAN,Uttar Pradesh,NR,"Muzaffarnagar, Uttar Pradesh",India,29.575725,77.68575799999999,True
RKD,RUKADI,Maharashtra,CR,"Kolhapur, Maharashtra",India,16.724871999999998,74.356715,True
RNE,RANJANI,Maharashtra,SCR,"Jalna, Maharashtra",India,19.646129,76.107028,True
RXRX,RANGAPAHAR CRS,Nagaland,NFR,"Diphu Rd, Nagaland",India,25.868228,93.715179,True
SAG,SANGRUR,Punjab,NR,"Sangrur, Punjab",India,30.2437913998,75.8305174701,True
SAH,SAPHALE,Maharashtra,WR,"Thane, Maharashtra",India,19.576592,72.82182599999999,True
RUJ,RANUJ,Gujarat,WR,"Patan, Gujarat",India,23.75937,72.21524,True
RNR,RANIBENNUR,Karnataka,SWR,"Ranebennur, Karnataka",India,14.625461,75.635054,True
RRB,BIRUR JN,Karnataka,SWR,"Birur, Karnataka",India,13.591101,75.974749,True
RIGA,RIGA,Bihar,ECR,"Barahwa, Bihar",India,26.644544,85.425711,True
VMP,VALLAMPADUGAI,Tamil Nadu,SR,"Vallampadugai, Tamil Nadu",India,11.350091,79.708219,True
RMM,RAMESWARAM,Tamil Nadu,SR,"Rameshwaram, Tamil Nadu",India,9.280973,79.306787,True
SAZ,Samni,Gujarat,WR,"Samni, Gujarat",India,21.852581313966382,72.92457042261958,True
RPMN,RAMPURMANI HARA,Uttar Pradesh,NR,"Saharanpur, Uttar Pradesh",India,29.8055980689,77.4598714294,True
SASN,SAS NAGAR MOHALI,Punjab,NR,"Mohali, Punjab",India,30.666125,76.739952,True
RNBD,RANA BORDI,Gujarat,WR,"State Highway 27, Gujarat",India,21.714732,69.79191399999999,True
RKX,RUKHI,Haryana,NR,"Sonepat, Haryana",India,29.090127000000003,76.679535,True
RXW,Ratangarh West,Rajasthan,NWR,"Ratangarh, Rajasthan",India,28.072785335054363,74.61020425893366,True
RNQ,RENUKUT,Uttar Pradesh,ECR,"Sonbhadra, Uttar Pradesh",India,24.203558,83.039896,True
ROHA,ROHA,Maharashtra,CR,"Roha, Maharashtra",India,18.44649043,73.12357712000001,True
ROK,ROHTAK JN,Haryana,NR,"Rohtak, Haryana",India,28.890904,76.57955000000001,True
RLS,ROMANA ALBEL SINGH,Punjab,NR,"Kotkapura Jaitu Rd, Punjab",India,30.510636,74.850048,True
RRS,Raghuraj Singh,Uttar Pradesh,NR,"Raghuraj Singh Railway Station, Uttar Pradesh",India,26.255836,80.87966899999999,True
RUR,RANPUR,Gujarat,WR,"Ranpur, Gujarat",India,22.359871000000002,71.717303,True
RVT,Revelganj Ghat,Bihar,NER,"Ghaghra Bank, Bihar",India,,,True
RW,Rankua,Gujarat,WR,"Gujarat, Gujarat",India,,,True
SAHA,Sarahula,Uttar Pradesh,ECR,"Dildarnagar, Uttar Pradesh",India,,,True
SAD,Sonada,West Bengal,NFR,"Sonada, West Bengal",India,26.960337,88.273323,True
RJ,Rawat Ganj,Uttar Pradesh,NER,"National Highway 29, Uttar Pradesh",India,26.9578306035,83.2858752405,True
RGX,Raghunathbari,West Bengal,SER,"Panskura - Tamluk Rd, West Bengal",India,22.353228,87.797247,True
RNJ,Runija,Madhya Pradesh,WR,"Ujjain, Madhya Pradesh",India,23.06077,75.3768327,True
SAKA,Simariya Kajanwada,Madhya Pradesh,SECR,"Mandla Fort, Madhya Pradesh",India,22.439466000000003,80.325116,True
SBGR,Subhas Gram,West Bengal,ER,"Kolkata, West Bengal",India,22.413546,88.433753,True
RNV,Raniwara,Rajasthan,NWR,"Raniwara, Rajasthan",India,24.750455,72.204293,True
RRW,Roranwala,Punjab,NR,"Jandwala Bhimeshah, Punjab",India,30.444112,74.25620300000001,True
RXN,Ramsan,Gujarat,NWR,"State Highway 27, Gujarat",India,24.405870999999998,72.035777,True
SCA,SALCHAPRA,Assam,NFR,"Salchapra, Assam",India,24.827278,92.671939,True
RSJ,RAYSER,Madhya Pradesh,WCR,"Guna, Madhya Pradesh",India,24.915225999999997,77.549884,True
SDPR,SARDAR PATEL ROAD,Delhi,NR,"Delhi Cantonment, Delhi NCT",India,28.595813,77.167107,True
SBD,SLEEMANABAD RD,Madhya Pradesh,WCR,"Sleemanabad, Madhya Pradesh",India,23.614369,80.285208,True
SBM,SONBARSA KACHERI,Bihar,ECR,"Bihar, Bihar",India,25.7938081327,86.59565906430001,True
RY,RAYAKA,Gujarat,WR,"SH 1 Dhandhuka to Fadara Rd, Gujarat",India,22.413052999999998,72.023569,True
SCN,SONDHA ROAD,Madhya Pradesh,NCR,"National Highway 92, Madhya Pradesh",India,26.498827,78.484558,True
BMPL,BRAHMANPALLI,Andhra Pradesh,SCR,"National Highway 7, Andhra Pradesh",India,17.832927985,78.4501792358,True
RUPC,RUDRAPUR CITY,Uttarakhand,NER,"Udham Singh Nagar, Uttarakhand",India,28.969281,79.379212,True
SALE,SALAR,West Bengal,ER,"Salar, West Bengal",India,23.774579,88.111097,True
SELU,SELU,Maharashtra,SCR,"Parbhani, Maharashtra",India,19.448059999999998,76.43326400000001,True
SDGM,SARDARGRAM,Gujarat,WR,"Ahmedabad, Gujarat",India,23.070758,72.641987,True
SHBA,SAHEBTALA,West Bengal,ER,"Sahebtala, West Bengal",India,23.591585,88.200996,True
SHRD,SAIJ SERTHA RD,Gujarat,WR,"Jhulasan, Gujarat",India,23.2126,72.520002,True
SINR,Sinor,Gujarat,WR,"Sinor, Gujarat",India,21.91134392138467,73.33612949587405,True
SAHR,SAHERI,Uttar Pradesh,NER,"National Highway 29, Uttar Pradesh",India,25.559103213,83.44911521,True
SIU,Singur,West Bengal,ER,"Singur, West Bengal",India,22.814558,88.228712,True
RSYI,RASAYANI,Maharashtra,CR,"Rasayani, Maharashtra",India,18.894001999999997,73.151919,True
SED,SHEDBAL,Karnataka,SWR,"Belagavi, Karnataka",India,16.720293,74.752769,True
SDRN,Shendurni,Maharashtra,CR,"Shendurni, Maharashtra",India,,,True
RSG,RAMSAGAR,West Bengal,SER,"Bankura, West Bengal",India,23.106248,87.277063,True
RZJ,RAZAGANJ,Uttar Pradesh,NER,"Lakhimpur Kheri, Uttar Pradesh",India,27.994397,80.632889,True
SGBA,Sir Gurudas Banerjee Halt,West Bengal,ER,"Kolkata, West Bengal",India,,,True
AHMP,ADARSH MANPUR,,,,India,25.1344757598,85.91106267820001,False
SHKY,Saharsa Kutchery Halt,Bihar,ECR,"Bihra Panchayat, Bihar",India,,,True
SHRG,Sri Ramgarh Halt,Rajasthan,NWR,"Ramgarh Railway Station, Rajasthan",India,,,True
SDMK,Sidmukh,Rajasthan,NWR,"Sidhmukh, Rajasthan",India,28.893890064746117,75.290472144261,True
SALI,SALI,Rajasthan,NWR,"Ajmer, Rajasthan",India,26.705766999999998,75.031546,True
SBNM,Subarnamrigi,West Bengal,ER,"Police Station Rd, West Bengal",India,24.27321,88.292124,True
SHZ,Summer Hill,Himachal Pradesh,NR,"Shimla, Himachal Pradesh",India,31.107469,77.138165,True
RTR,RAMNATHPUR,Uttar Pradesh,NER,"Handia, Uttar Pradesh",India,25.412362,82.017775,True
SIPA,Singhookharia,Jharkhand,SER,"National Highway 75, Jharkhand",India,22.498243000000002,85.795126,True
RUSD,Runnisaidpur,Bihar,ECR,"Runni, Bihar",India,26.410576,85.519694,True
SDZ,Sindhar,Punjab,NR,"Sindhar, Punjab",India,31.110308,75.241169,True
SDF,Sudsar,Rajasthan,NWR,"Bikaner, Rajasthan",India,28.012356,73.785795,True
SIRD,Sird,Rajasthan,,"Jodhpur, Rajasthan",India,27.5544208128,72.5964046204,True
SDLP,Sadulpur Junction,Rajasthan,NWR,"Rajgarh, Rajasthan",India,28.631138,75.386989,True
SFNR,Saifinagar Halt,Madhya Pradesh,WR,"Indore, Madhya Pradesh",India,22.698715,75.85342399999999,True
SAWN,Sohansra,Haryana,NWR,"State Highway 24, Haryana",India,28.4076088967,75.8605782111,True
SJM,Sajuma,Andhra Pradesh,NR,"High School Rd, Andhra Pradesh",India,29.726968,76.296444,True
SEW,SEHAL,Uttar Pradesh,NER,"MDR 65W, Uttar Pradesh",India,28.918565,78.822659,True
SGRE,SULGARE,Maharashtra,CR,"Jath Rd, Maharashtra",India,16.914611,74.909935,True
SJS,SHAMLAJI ROAD,Gujarat,NWR,"State Highway 5, Gujarat",India,23.621619,73.335655,True
SGP,SOHAGPUR,Madhya Pradesh,WCR,"Sohagpur, Madhya Pradesh",India,22.693813,78.194338,True
SEQ,SEKHA,Punjab,NR,"Off Rd, Punjab",India,30.380452,75.643764,True
SMC,Samnapur,Madhya Pradesh,SECR,"State Highway 11, Madhya Pradesh",India,21.9419101772,80.1564133228,True
MNHL,MAJHAIRAN HIMACHAL,Himachal Pradesh,NR,"Majhairan, Himachal Pradesh",India,32.046378,76.60279299999999,True
SGLM,SENGULAM,Tamil Nadu,SR,"National Highway 7, Tamil Nadu",India,8.607001,77.682861,True
DUB,DABTARA,Uttar Pradesh,NR,"Bisauli, Uttar Pradesh",India,28.368424,78.991164,True
SHBL,SHIBLUN,West Bengal,ER,"State Highway 6, West Bengal",India,23.692561,88.082999,True
SIZ,Shrikhanda,West Bengal,ER,"Shrikhanda, West Bengal",India,,,True
SJTR,Sojitra,Gujarat,WR,"Anand, Gujarat",India,,,True
SKHK,Sukhasan Kothi,Bihar,ECR,"Purnia, Bihar",India,25.841387,87.15210099999999,True
SEJ,SARKHEJ,Gujarat,WR,"Ahmedabad, Gujarat",India,22.981944000000002,72.497486,True
SHC,SAHARSA JN,Bihar,ECR,"Saharsa, Bihar",India,25.875207999999997,86.594953,True
SHTT,Silghat Town,Assam,NFR,"Silghat, Assam",India,26.608902,92.929931,True
SGUT,SILIGURU TOWN,West Bengal,NFR,"Siligur, West Bengal",India,26.7073,88.42960699999999,True
SGUJ,SILIGURI JN,West Bengal,NFR,"Siligur, West Bengal",India,26.723204,88.413663,True
SJSM,Salemgarhmasani,Rajasthan,NWR,"Salemgarhmasani, Rajasthan",India,29.550109363942525,74.46238562464714,True
SCH,SACHIN,Gujarat,WR,"Sachin, Gujarat",India,21.077673,72.874083,True
SCPD,SUCHIPIND,Punjab,NR,"Jalandhar, Punjab",India,31.343172,75.621561,True
SEV,SITHALAVAI,Tamil Nadu,SR,"Krishnarayapuram, Tamil Nadu",India,10.958125,78.27389099999999,True
SGR,SANGMESHWAR,Maharashtra,KR,"NH 17, Maharashtra",India,17.201998999999997,73.546234,True
SGD,SONGADH,Gujarat,WR,"Bhavnagar, Gujarat",India,21.728936,71.886759,True
SHK,SHEIKPURA,Bihar,ECR,"Sheikhpura, Bihar",India,25.132088,85.854024,True
SMDR,Simodara,Gujarat,WR,"SH 166, Gujarat",India,,,True
SMTN,Somthan,Maharashtra,CR,"Somthan, Maharashtra",India,,,True
SMSR,Samaswara,Madhya Pradesh,SECR,"SH 26, Madhya Pradesh",India,22.048501,79.334804,True
SIKR,Sikar Junction,Rajasthan,NWR,"Sikar, Rajasthan",India,27.616275,75.15337799999999,True
SHF,Shirud,Maharashtra,CR,"Shirud, Maharashtra",India,20.735376,74.876271,True
SGS,Shoghi,Himachal Pradesh,NR,"Shoghi, Himachal Pradesh",India,31.038759000000002,77.12423700000001,True
SHN,Suchan Kotli,Haryana,NWR,"Suchan, Haryana",India,29.515832999999997,75.170322,True
SJPR,Surjyapur,West Bengal,ER,"Surjyapur F, West Bengal",India,22.293128,88.466557,True
SMKR,Sham Kauria,Bihar,NER,"National Highway 28B, Bihar",India,26.035816445600002,84.8330358765,True
SGA,Shergarh,Punjab,NWR,"Bathinda, Punjab",India,30.080230999999998,74.947251,True
SLGE,SULERJAVALGE,Karnataka,SWR,"NH 13, Karnataka",India,17.45892,75.974841,True
AKVD,AKIVIDU,Andhra Pradesh,SCR,"Coast Andhra, Andhra Pradesh",India,16.582653999999998,81.36905499999999,True
SQR,SULTANPUR LODI,Punjab,NR,"Kapurthala, Punjab",India,31.211713,75.203016,True
SIF,SIRLI,Maharashtra,SCR,"Parbhani, Maharashtra",India,19.5087818977,77.21222487729999,True
SKF,SAKHOTI TANDA,Uttar Pradesh,NR,"Meerut, Uttar Pradesh",India,29.192626,77.71804900000001,True
SMQL,SHAMLI,Uttar Pradesh,NR,"Shamli, Uttar Pradesh",India,29.444596999999998,77.316231,True
SMBJ,SHRI MAHABIRJI,Rajasthan,WCR,"Karauli, Rajasthan",India,26.684155,76.96766400000001,True
SLU,SASALU,Karnataka,SWR,"State Highway 47, Karnataka",India,14.226683,76.108388,True
SQK,Shankar,Punjab,NR,"Jalandhar, Punjab",India,28.560827504028268,77.1402539871633,True
SMM,SALIYAMANGALAM,Tamil Nadu,SR,"NH 67, Tamil Nadu",India,10.77933,79.275262,True
SKR,SAKHPUR,Gujarat,WR,"to railway station, Gujarat",India,21.748997,69.833241,True
SONW,SONWARSA HALT,,,,India,25.043599999999998,85.669157,False
SLR,Salogra,Himachal Pradesh,NR,"NH 22, Himachal Pradesh",India,30.934311,77.130516,True
SOQ,SOMPUR ROAD,Karnataka,SWR,"Sompur, Karnataka",India,15.421498999999999,75.87207,True
SJN,SANJAN,Gujarat,WR,"Sanjan, Gujarat",India,20.19165,72.820594,True
SKND,Sukinda Road,Odisha,ECoR,"Duburi, Orissa",India,20.971268,86.05375,True
SKVL,SANKVAL,Goa,SWR,"Sancoale, Goa",India,15.370790999999999,73.86771300000001,True
SL,SURATHKAL,Karnataka,KR,"Surathkal, Karnataka",India,12.989191,74.80617699999999,True
SJDA,SANJUJE DA AREY,Goa,SWR,"CURTORIM, Goa",India,15.437494047800001,75.5962538599,True
SKNR,Shakar Nagar,Andhra Pradesh,SCR,"Bodhan, Andhra Pradesh",India,18.659388000000003,77.905991,True
SOF,Saota,West Bengal,ER,"Saota, West Bengal",India,,,True
SLI,SANGLI,Maharashtra,CR,"Sangli, Maharashtra",India,16.858669000000003,74.588939,True
SIW,SHIRRAVDE,Maharashtra,CR,"Satara, Maharashtra",India,17.3606825795,74.1573548438,True
SLP,SALPA,Maharashtra,CR,"SH 61, Maharashtra",India,17.963070994400002,74.17178775389999,True
SOI,Sonaripur,Uttar Pradesh,NER,"MDR 6C, Uttar Pradesh",India,28.4746409298,80.7274215704,True
SNBD,Sunderabad,Madhya Pradesh,WR,"Ratlam, Madhya Pradesh",India,,,True
SPS,Shripat Shrikhand,West Bengal,ER,"Shripat Shrikhand, West Bengal",India,,,True
SQW,Sidhwalia,Bihar,NER,"Saran, Bihar",India,26.333838,84.666995,True
SNKX,Sankra,,SECR,,India,20.747436,81.591856,True
SME,Shimoga,Karnataka,SWR,"State Highway 57, Karnataka",India,13.927613,75.592671,True
SONH,Seonan Halt,,,,India,25.285709039300002,85.01186038569999,False
SNU,Sangrampur,West Bengal,ER,"State Highway 3, West Bengal",India,22.224929,88.32876,True
SJJ,Sanjha,Bihar,ER,"Sanjha, Bihar",India,25.0658316907,87.0008507605,True
SLON,Salona,Assam,NFR,"Salona, Assam",India,26.503912999999997,92.990043,True
SJPA,Sujalpur,West Bengal,,"Digha Contai Rd, West Bengal",India,21.763167000000003,87.65749699999999,True
SILO,Silao,Bihar,ECR,"Nalanda, Bihar",India,25.078598999999997,85.434638,True
SOW,Suhsarai,Bihar,ECR,"National Highway 31, Bihar",India,25.273946,85.530032,True
BLND,Bolinna Doaba,Punjab,NR,"Patara Rd, Punjab",India,31.342859999999998,75.656972,True
SKTN,Shakti Nagar,Uttar Pradesh,ECR,"Dist. Sonebhadra, Uttar Pradesh",India,24.122899,82.704734,True
SOY,Sukrimangela,Madhya Pradesh,SECR,"Shikara - Dhooma Rd, Madhya Pradesh",India,22.90699,79.834297,True
SQJ,Saila Khurd,Punjab,NR,"Saila Khurd, Punjab",India,31.292873999999998,76.07770599999999,True
SNB,Satnaur Badesron,Punjab,NR,"Satnaur Badesron, Punjab",India,31.257426,76.110741,True
SONR,Saoner Junction,Maharashtra,SECR,"Saoner, Maharashtra",India,21.387489000000002,78.925046,True
SOJ,SAROJINI NAGAR,Delhi,NR,"Sarojini Nagar, Delhi NCT",India,28.581210000000002,77.196287,True
SPD,SUPEDI,Gujarat,WR,"Supedi, Gujarat",India,21.758513999399998,70.3763963708,True
SNX,SANEH ROAD,Uttar Pradesh,NR,"Saneh Road, Uttar Pradesh",India,29.689652272500002,78.4494025903,True
SRA,SEMRA,Bihar,ECR,"National Highway 28A, Bihar",India,26.711946963,84.8136981409,True
SRSI,Sarsi,Bihar,ECR,"State Highway 77, Bihar",India,25.86331602863504,87.28521798737347,True
SNPR,SINGARPUR,Rajasthan,NCR,"Rupbas, Rajasthan",India,27.116202,77.72370699999999,True
SNYN,SONIYANA,Rajasthan,NWR,"National Highway 79, Rajasthan",India,25.123246,74.62566,True
SRJ,SHANKARGARH,Madhya Pradesh,NCR,"Shankargarh, Madhya Pradesh",India,25.1813005966,81.6190324237,True
STF,Sikta,Bihar,ECR,"Sikta, Bihar",India,27.024365,84.680541,True
SRGH,Surajgarh,Rajasthan,NWR,"Surajgarh, Rajasthan",India,28.30168415387253,75.73429978452623,True
SQE,SAMRLA,Maharashtra,SCR,"Dharmabad, Maharashtra",India,18.921849,77.793105,True
SRK,SAMRAU,Rajasthan,NWR,"State Highway 61, Rajasthan",India,26.8662,72.721146,True
SOHL,Sohal,Punjab,NR,"National Highway 15, Punjab",India,31.974211,75.348341,True
SRNK,Soron,Uttar Pradesh,NER,"Soron, Uttar Pradesh",India,27.883353999999997,78.748458,True
SNSN,SONASAN,Gujarat,WR,"Salal, Gujarat",India,23.491604000000002,72.895784,True
SRID,SHRIDHAM,Madhya Pradesh,WCR,"Shridham, Madhya Pradesh",India,23.033843,79.484397,True
SQL,SONTALAI,Madhya Pradesh,WCR,"Itarsi, Madhya Pradesh",India,22.613017999999997,77.94977499999999,True
SPZ,SAMPLA,Haryana,NR,"Sampla, Haryana",India,28.781933000000002,76.773299,True
SNHR,SANKHAI,Gujarat,WR,"Patan, Gujarat",India,23.796393,72.177296,True
SPK,SAPEKHATI,Assam,NFR,"Moran to Naharkatiya Rd, Assam",India,27.110416,95.160918,True
SPRA,Sillipur,Rajasthan,NCR,"State Highway 2, Rajasthan",India,26.081657,77.031581,True
STC,SANTA CRUZ,Maharashtra,WR,"Mumbai, Maharashtra",India,19.082018,72.84133899999999,True
SSV,SASVAD ROAD,Maharashtra,CR,"Sasvad, Maharashtra",India,18.4732023111,73.9546461121,True
SOU,Supaul,Bihar,ECR,"Supaul, Bihar",India,26.117556999999998,86.603023,True
SOJN,SIHOR GUJARAT,Gujarat,WR,"Shihor, Gujarat",India,21.724798000000003,71.957197,True
KRNG,Kargaon Halt,,,,India,20.800933,79.41302,False
SNDY,SANDAI,Uttar Pradesh,NER,"Sandai, Uttar Pradesh",India,28.572634,79.990982,True
SNDD,SINDHUDURG,Maharashtra,KR,"Oros, Maharashtra",India,16.111322,73.67934,True
SPGL,Sarai Gopal,Uttar Pradesh,NR,"Allahabad Bypass, Uttar Pradesh",India,25.548656,81.822277,True
STH,Sethal,Uttar Pradesh,NER,"Bareilly, Uttar Pradesh",India,28.543189,79.56736599999999,True
SRMN,Semraon,Bihar,ECR,"State Highway 12, Bihar",India,25.395161271299997,84.52704197999999,True
STPM,S NARAYANAPURAM,Andhra Pradesh,SCR,"Vijayawada, Andhra Pradesh",India,16.525488,80.647908,True
SSP,Santoshpur,West Bengal,ER,"Kolkata, West Bengal",India,22.524414,88.272502,True
SNDT,Sindri Town,Jharkhand,,"Sindri, Jharkhand",India,23.660992,86.47988299999999,True
SRN,Soron,Uttar Pradesh,NER,"Soron, Uttar Pradesh",India,27.883694,78.748798,True
SNA,Sadanapura,Gujarat,WR,"Sadanapura, Gujarat",India,22.602487999999997,73.01247500000001,True
WW,Wanabar,,,,India,25.006278000000002,84.97751000000001,False
SSRD,Shasan Road,West Bengal,ER,"Baruipur, West Bengal",India,22.346539999999997,88.434523,True
SMTG,Saheed Matangini,West Bengal,SER,"Medinipur, West Bengal",India,22.301973999999998,87.90811500000001,True
SOE,Sheopur Kalan,Madhya Pradesh,NCR,"Sheopur, Madhya Pradesh",India,25.675538,76.70038600000001,True
SMNN,Shri Makri Nath Nagar,Rajasthan,NWR,"Churu, Rajasthan",India,28.179883999999998,74.824623,True
AKU,ANGALAKUDURU,Andhra Pradesh,SCR,"Coastal Andhra Region, Andhra Pradesh",India,16.245325,80.609091,True
GTI,GHUTAI,Uttar Pradesh,NCR,"National Highway 76, Uttar Pradesh",India,25.289429766,79.4413220264,True
SWAR,SEWAR,Rajasthan,WCR,"Bharatpur, Rajasthan",India,27.177901,77.425499,True
STSN,SHAITAN SINGH NAGAR,Rajasthan,NWR,"State Highway 61, Rajasthan",India,27.052218,72.468139,True
MHTR,MALIHATI TALIBPUR ROAD,West Bengal,ER,"Rd, West Bengal",India,23.79372,88.126194,True
SRRG,SURERGOTH,Rajasthan,NWR,"State Highway 25, Rajasthan",India,27.18282,76.605353,True
SVKD,SAVAR KUNDLA,Gujarat,WR,"Savar Kundla, Gujarat",India,21.335082,71.31266699999999,True
SSKA,SISARKA,Uttar Pradesh,NR,"State Highway 43, Uttar Pradesh",India,28.431279,78.846279,True
SSR,SARERI,Rajasthan,NWR,"National Highway 79, Rajasthan",India,25.697556000000002,74.624105,True
SRNT,SARNATH,Uttar Pradesh,NER,"Varanasi, Uttar Pradesh",India,25.375998,83.032634,True
SVW,SHIVNI SHIVAPUR,Maharashtra,SCR,"Akola, Maharashtra",India,20.674328,77.048971,True
SRVX,SURAVALI,Goa,KR,"Margao, Goa",India,15.291947,73.939328,True
SXS,SHOBHASAN,Gujarat,WR,"State Highway 41, Gujarat",India,23.542306999999997,72.394212,True
STBJ,Sitabanji,Odisha,ECoR,"National Highway 215, Orissa",India,21.500203,85.79053,True
SVM,SANVERDAM CHUCH,Goa,SWR,"Curchorem, Goa",India,15.264064,74.10866,True
SUL,SULADHAL,Karnataka,SWR,"Belagavi, Karnataka",India,16.001728105999998,74.67814298520001,True
SURR,Surera,Rajasthan,NWR,"Surera, Rajasthan",India,,,True
SVQ,SIVOK,West Bengal,NFR,"Sevoke, West Bengal",India,26.880144,88.468742,True
VMLD,VEMULURIPADU,,,,India,16.309801,80.294121,False
SWQ,Sangwi,Maharashtra,CR,"Sangwi, Maharashtra",India,,,True
SWG,Sidhwan,Punjab,NR,"Sidhwan, Punjab",India,31.095558,75.54695000000001,True
SRY,SIRARI,Bihar,ECR,"State Highway 6, Bihar",India,25.132853,85.952587,True
SWX,Saidanwala,Punjab,NR,"Saidanwala, Punjab",India,30.917223,74.679664,True
SVGA,Sivaganga,Tamil Nadu,SR,"SH 33, Tamil Nadu",India,9.852970000000001,78.49906899999999,True
SSA,Sirsa,Haryana,NWR,"Sirsa, Haryana",India,29.539153,75.034944,True
MQA,Matoda,,,,India,24.11526,73.00914999999999,False
SVB,Savni,Gujarat,WR,"Maljinjava, Gujarat",India,20.994517,70.471495,True
SVC,Siwan Kachari,Bihar,NER,"Siwan, Bihar",India,26.226705,84.34871700000001,True
SVV,Srivaikuntam,Tamil Nadu,SR,"Thoothukudi, Tamil Nadu",India,8.622475999999999,77.906323,True
SVDC,Sivadevunichkla,Andhra Pradesh,SCR,"P.P.Road, Andhra Pradesh",India,16.535628999999997,81.65894399999999,True
STNL,Satnali,Haryana,NWR,"Satnali, Haryana",India,28.382338,75.966232,True
AEP,Amreli Para,Gujarat,WR,"Amreli, Gujarat",India,21.6079811042,71.2281676154,True
SSF,Sirsuphal,Maharashtra,CR,"Daund, Maharashtra",India,18.306268,74.572957,True
SWD,Sanawad,Madhya Pradesh,WR,"Sanawad, Madhya Pradesh",India,22.17581,76.074567,True
SXE,SILA KHERI HALT,Haryana,NR,"Jind, Haryana",India,29.389883,76.612939,True
TAM,Tilaivilagam,Tamil Nadu,SR,"Pattukkotai-Thiruthuraipoondi Rd, Tamil Nadu",India,,,True
TKF,Taki Road,West Bengal,ER,"Taki, West Bengal",India,22.587179,88.915553,True
TNLR,Thondaimanallur,Tamil Nadu,SR,"Nallur, Tamil Nadu",India,10.623543,78.746072,True
TER,THAIR,Maharashtra,CR,"State Highway 77, Maharashtra",India,18.352916,76.15003700000001,True
TCT,Tiruchitrambalam,Tamil Nadu,SR,"Musiri - Kulithalai - Manapparai - Pudukottai - Alangudi - Peravoorani - Sethubavachatram Rd, Tamil Nadu",India,,,True
SY,SIRKAZHI,Tamil Nadu,SR,"Sirkazhi, Tamil Nadu",India,11.240305,79.726353,True
TNX,Tarak Nagar,West Bengal,ER,"Shivniwas Rd, West Bengal",India,23.38018,88.680184,True
TAPA,TAPA,Punjab,NR,"Tapa Mandi, Punjab",India,30.302839,75.366053,True
SYC,SARAI CHANDI,Uttar Pradesh,NR,"Phulpur, Uttar Pradesh",India,25.5394209652,81.97958463810001,True
THZI,Takazhi,Kerala,SR,"Takazhi, Kerala",India,,,True
TJNR,Taj Nagar,Haryana,NR,"Gurgaon, Haryana",India,,,True
SXP,SANKOPARA,West Bengal,ER,"State Highway 5, West Bengal",India,24.7176851264,87.9344515665,True
TBN,TIMARNI,Madhya Pradesh,WCR,"Timarni, Madhya Pradesh",India,22.375860000000003,77.2294,True
SYQ,SINHAN,Gujarat,WR,"SH 6, Gujarat",India,22.2346247943,69.7297354559,True
TIBI,Tibi,Rajasthan,NWR,"Tibi, Rajasthan",India,29.54286582323833,74.50160639360547,True
TAY,TALAIYUTHU,Tamil Nadu,SR,"Thalaiyuthu, Tamil Nadu",India,8.7841938937,77.72944226749999,True
TEN,TIRUNELVELI,Tamil Nadu,SR,"Tirunelveli, Tamil Nadu",India,8.73636,77.707979,True
SYH,SAIYEDPUR BHTRI,Uttar Pradesh,NER,"Saidpur, Uttar Pradesh",India,25.539724,83.23297400000001,True
THN,TOLAHUNSE,Karnataka,SWR,"Tholahunase, Karnataka",India,14.399208,75.964562,True
SZR,SARUPATHAR,Assam,NFR,"Sarupathar Road Thana Rd, Assam",India,26.195595,93.862021,True
SYL,SALPURA,Rajasthan,WCR,"Kawari, Rajasthan",India,24.773701,76.733005,True
TIW,TIVARI,Rajasthan,NWR,"Tinwari, Rajasthan",India,26.554730000000003,72.889577,True
TA,TANUR,Kerala,SR,"Malappuram, Kerala",India,10.97954,75.880597,True
TLI,Tulwara Jhil,Rajasthan,NWR,"Tibi Railway Station, Rajasthan",India,,,True
TABU,Talaburu,Jharkhand,SER,"National Highway 75, Jharkhand",India,22.358169,85.75594199999999,True
TNK,Tirunellikaval,Tamil Nadu,SR,"State Highway 23, Tamil Nadu",India,,,True
KGBS,Kishangarh Balawas,Haryana,NWR,"Kishengarh, Haryana",India,28.262787,76.571554,True
TBX,Tilbhum,Tripura,NFR,"National Highway 44, Tripura",India,24.465833,92.245466,True
AL,ATTILI,Andhra Pradesh,SCR,"West Godavari, Andhra Pradesh",India,16.680149999999998,81.61636,True
TLX,Taldi,West Bengal,ER,"Taldi Station Rd, West Bengal",India,22.343647,88.60875899999999,True
TKO,TAKKOLAM,Tamil Nadu,SR,"Arakkonam, Tamil Nadu",India,13.023783,79.677055,True
TEA,Taregna,Bihar,ECR,"Taregna, Bihar",India,25.3552301906,85.038112915,True
TLMR,Teliamura,Tripura,NFR,"Teliamura, Tripura",India,23.861247,91.617734,True
TELY,Telia,Bihar,,"Telia, Bihar",India,24.8058876,87.0262456,True
SZ,SALAWAS,Rajasthan,NWR,"Luni, Rajasthan",India,26.139957444700002,73.01452424259999,True
TB,Tharbitia,Bihar,ECR,"State Highway 76, Bihar",India,26.218533,86.657383,True
TNGI,Tungi Halt,Bihar,,"Bihar Sharif, Bihar",India,25.171993,85.52720500000001,True
TCN,Tiruchendur,Tamil Nadu,SR,"Tiruchchendur, Tamil Nadu",India,8.501774,78.117118,True
TRG,Tarighat,Uttar Pradesh,ECR,"Ghazipur, Uttar Pradesh",India,25.571721452321867,83.60210496000946,True
TKYR,TIKARIA,Madhya Pradesh,WCR,"MDR 11, Madhya Pradesh",India,24.99538,80.86436,True
TLV,TALVADYA,Madhya Pradesh,WCR,"East Nimar, Madhya Pradesh",India,21.9272990641,76.4437843848,True
TSD,Tahsil Bhadra,Rajasthan,NWR,"Bhadra, Rajasthan",India,29.101436164956112,75.16145411878824,True
BLNK,BELANKI,Maharashtra,CR,"Jath Rd, Maharashtra",India,16.84890756,74.86933565,True
TR,TARU,Maharashtra,SCR,"Rotegaon Railway Station, Maharashtra",India,20.06888,74.590775,True
THJ,TALHERI BUZURG,Uttar Pradesh,NR,"SH 59, Uttar Pradesh",India,29.766916000000002,77.64430899999999,True
TIA,TILAYA,Bihar,ECR,"State Highway 8, Bihar",India,24.821998,85.401101,True
TTR,TIPTUR,Karnataka,SWR,"Tiptur, Karnataka",India,13.256152,76.475987,True
TK,TUMKUR,Karnataka,SWR,"Tumkur, Karnataka",India,13.333033,77.10243899999999,True
TUN,TOHANA,Haryana,NR,"Tohana, Haryana",India,29.7266,75.904581,True
TKC,THAKURKUCHI,Assam,NFR,"Hatisila, Assam",India,26.234006114,91.9222836917,True
TME,TUTI MELUR,Tamil Nadu,SR,"Thoothukudi, Tamil Nadu",India,8.808373999999999,78.145808,True
TTB,TITABAR,Assam,NFR,"Titabor, Assam",India,26.602048,94.199758,True
TKR,TAKARI,Maharashtra,CR,"Sangli, Maharashtra",India,17.129756,74.36337599999999,True
TPE,TIRUCHIRAPPALLI PALAKKARAI,Tamil Nadu,SR,"Tiruchirapalli, Tamil Nadu",India,10.80725953,78.69366422,True
TPN,Tapona,Maharashtra,CR,"Tapona, Maharashtra",India,,,True
TKLE,Tikani,Bihar,ER,"Tikani, Bihar",India,25.108394454899997,86.9932459985,True
TTP,Tiruturaipudi Junction,Tamil Nadu,SR,"Thiruthuraipoondi, Tamil Nadu",India,,,True
SRPR,SARUPSAR JN,Rajasthan,NWR,"MDR 103, Rajasthan",India,29.353194,73.694891,True
AYRN,AKSHAYWAT RAI NAGAR,Bihar,ECR,"Vaishali, Bihar",India,25.688767621,85.31541102290001,True
TLGP,Talguppa,Karnataka,SWR,"Talaguppa, Karnataka",India,14.214011,74.914093,True
TWB,Talwandi,Punjab,NR,"Talwandi Bhai, Punjab",India,30.861364000000002,74.92363399999999,True
TQL,Theh Qalandar,Punjab,NR,"State Highway 20, Punjab",India,30.463401,74.086947,True
TGU,TARIGOPPULA,Andhra Pradesh,SCR,"Krishna, Andhra Pradesh",India,16.485676,80.836307,True
THVM,THIVIM,Goa,KR,"North Goa, Goa",India,15.62955,73.87610400000001,True
TKE,Tarikere Junction,Karnataka,SWR,"Tarikere, Karnataka",India,13.710886,75.812209,True
TOK,THOKUR,Karnataka,KR,"Mangalore, Karnataka",India,12.963579000000001,74.829167,True
TKOT,TOKKOTTU,Karnataka,SR,"Ullal, Karnataka",India,12.818211,74.858222,True
TLY,THALASSERY,Kerala,SR,"Kannur, Kerala",India,11.75314,75.492987,True
TIR,TIRUR,Kerala,SR,"Malappuram, Kerala",India,10.917757,75.92186500000001,True
TRMN,Taramani,Tamil Nadu,SR,"Chennai, Tamil Nadu",India,12.978438,80.24008199999999,True
TGRL,Tangiriapal,Odisha,ECoR,"Orissa, Orissa",India,21.164083,85.925812,True
THE,Thawe Junction,Bihar,NER,"Gopalganj, Bihar",India,26.438991,84.394398,True
TNDE,Thanesar City,Haryana,NR,"Haryana, Haryana",India,29.966374000000002,76.824336,True
TTW,Titwa,Madhya Pradesh,SECR,"Lamta, Madhya Pradesh",India,21.9959060669,80.13844220089999,True
TMZ,Tamluk,West Bengal,SER,"Tamluk, West Bengal",India,22.275813,87.91914399999999,True
TLC,Talchhapar,Rajasthan,NWR,"Sujangarh, Rajasthan",India,27.824805,74.487037,True
THR,Thara,Madhya Pradesh,NCR,"State Highway 2, Madhya Pradesh",India,26.3568878952,77.8507402155,True
THEA,Thalera,Rajasthan,WCR,"Talera, Rajasthan",India,25.3152769684,75.73774364929999,True
ALJ,ALAI,Uttarakhand,NER,"National Highway 74, Uttarakhand",India,29.143805999999998,78.932709,True
UDM,UNDASA MADHAWPU,Madhya Pradesh,WR,"State Highway 18, Madhya Pradesh",India,23.087044000000002,75.97927499999999,True
TZR,TURKI ROAD,Madhya Pradesh,WCR,"Rewa, Madhya Pradesh",India,24.548879000000003,81.11757300000001,True
UPI,UPLAI,Maharashtra,CR,"State Highway 77, Maharashtra",India,18.184369,75.642724,True
TOD,TALOD,Gujarat,WR,"Talod, Gujarat",India,23.351347999999998,72.94796099999999,True
BNWC,Bhiwani City,Haryana,NWR,"Bhiwani, Haryana",India,28.825698499999998,76.1442991,True
TVR,THIRUVARUR JN,Tamil Nadu,SR,"Thiruvarur, Tamil Nadu",India,10.764347,79.63389799999999,True
TPZ,TAPRI JN,Uttar Pradesh,NR,"Saharanpur, Uttar Pradesh",India,29.915727999999998,77.58327200000001,True
UBR,UMBARGAM ROAD,Gujarat,WR,"Umbergaon, Gujarat",India,20.153499,72.79082100000001,True
TZTB,Tezpore,Assam,NFR,"Tezpur, Assam",India,26.617781357717547,92.78774656355381,True
UTL,UTARLAI,Rajasthan,NWR,"Barmer, Rajasthan",India,25.788344000000002,71.44363799999999,True
TYMR,Tiruvanmiyur,Tamil Nadu,SR,"Chennai, Tamil Nadu",India,12.989302,80.25119000000001,True
TPK,TIPKAI,Assam,NFR,"Dhubri, Assam",India,26.295354,90.047264,True
TNM,TIRUVANNAMALAI,Tamil Nadu,SR,"Thiruvannamalai, Tamil Nadu",India,12.238103,79.077782,True
TVN,TIRUPPUVANAM,Tamil Nadu,SR,"Tiruppuvanam, Tamil Nadu",India,9.821456999999999,78.258693,True
TVI,Taradevi,Himachal Pradesh,NR,"Shimla, Himachal Pradesh",India,31.0758,77.139253,True
TQN,TIKUNIA,Uttar Pradesh,NER,"Tikapur Municipality, Uttar Pradesh",India,28.378823,80.981217,True
TYAE,TENYA,West Bengal,ER,"Tenya, West Bengal",India,23.822157,88.148864,True
UMPD,Umarpada,Gujarat,WR,"Umarpada to Jumavadi, Gujarat",India,,,True
UNI,Unai Vansada Road,Gujarat,WR,"Gujarat, Gujarat",India,,,True
AJU,Arjuni,Maharashtra,SECR,"Gondia, Maharashtra",India,20.8165878335,80.022581618,True
TPC,TIRUPPACHETTI,Tamil Nadu,SR,"Thiruppachethi, Tamil Nadu",India,9.773153933800002,78.344217489,True
TRN,TARAON,Uttar Pradesh,NER,"Tranav Railway Station, Uttar Pradesh",India,25.526193,83.311179,True
TTZ,Tukaithad,Maharashtra,SCR,"Akot, Maharashtra",India,21.427444,76.670581,True
VB,VILLIYAMBAKKAM,Tamil Nadu,SR,"State Highway 58, Tamil Nadu",India,12.754406,79.929175,True
UCB,UNCHI BASSI,Punjab,NR,"National Highway 1A, Punjab",India,31.860857,75.643654,True
UJ,UJALVAV,Gujarat,WR,"State Highway 31, Gujarat",India,21.905096,71.705115,True
TNKU,TANUKU,Andhra Pradesh,SCR,"131, Andhra Pradesh",India,16.752035,81.674075,True
TNRU,TENNERU,Andhra Pradesh,SCR,"Manthena, Andhra Pradesh",India,16.488886,80.813991,True
TRBE,Tarabari,Assam,NFR,"Nagaon, Assam",India,26.436293,92.68336699999999,True
TTLA,TETELIA,Assam,NFR,"Tetelia-Maloibari Rd, Assam",India,26.135912,92.00541,True
UIH,Umaria Ispa Halt,Madhya Pradesh,SECR,"Umaria Ispa, Madhya Pradesh",India,22.055305150200002,79.08496134640001,True
ULA,Umra Nala,Madhya Pradesh,SECR,"Umranala Station, Madhya Pradesh",India,21.874783,78.879298,True
TXM,TANDAVAPURA,Karnataka,SWR,"Thandavapura, Karnataka",India,12.168831,76.678489,True
TSL,Taksal,Himachal Pradesh,NR,"Parwanoo, Himachal Pradesh",India,30.845271,76.954267,True
TWV,Thuwavi,Gujarat,WR,"SH 11, Gujarat",India,22.153761,73.381517,True
TSK,Tinsukia Junction,Assam,NFR,"Tinsukia, Assam",India,27.4864,95.356367,True
KDRP,Kandarpur,Odisha,ECoR,"Jagatsinghpur Rd, Orissa",India,20.396528,86.017399,True
UB,Uska Bazar,Uttar Pradesh,NER,"State Highway 1A, Uttar Pradesh",India,27.189993,83.12594999999999,True
UAM,Udagamandalam,Tamil Nadu,SR,"Ooty, Tamil Nadu",India,11.404584999999999,76.694727,True
TPP,Toppur,Tamil Nadu,SWR,"Dharmapuri, Tamil Nadu",India,11.931538000000002,78.070201,True
VDV,Vadiya Devli,Gujarat,WR,"Vadiya, Gujarat",India,21.689791,70.853196,True
UKA,UKHRA,West Bengal,ER,"Ukhra, West Bengal",India,23.653692,87.232537,True
UPR,USMANPUR,Maharashtra,SCR,"D1, Maharashtra",India,19.532217,76.27447,True
UCP,UCHIPPULI,Tamil Nadu,SR,"Uchipuli, Tamil Nadu",India,9.30813,79.01509300000001,True
UHR,UNCHHERA,Madhya Pradesh,WCR,"Unchhera, Madhya Pradesh",India,24.38137,80.79457,True
UMD,USMANABAD,Maharashtra,CR,"National Highway 211, Maharashtra",India,18.248154,76.022663,True
WGA,WAGHODA,Madhya Pradesh,CR,"East Nimar, Madhya Pradesh",India,21.255951999999997,76.08875499999999,True
UGR,UGAR KHURD,Karnataka,SWR,"Belgaum, Karnataka",India,16.669705,74.822126,True
VAE,Vadali,Gujarat,WR,"Vadali, Gujarat",India,23.948406000000002,73.04360399999999,True
VASO,Vaso,Gujarat,WR,"Rampur, Gujarat",India,,,True
VDGN,VADGAON NILA,Maharashtra,SCR,"State Highway 169, Maharashtra",India,18.929472999999998,76.64117200000001,True
VDNP,Baijnath Andoli,Bihar,ECR,"Baijnath Andoli, Bihar",India,,,True
WHM,WASHIM,Maharashtra,SCR,"Washim, Maharashtra",India,20.103101,77.147986,True
VEP,Velpuru Road,Andhra Pradesh,SCR,"Station Rd, Andhra Pradesh",India,,,True
UOI,UMROLI,Maharashtra,WR,"Boisar, Maharashtra",India,19.754447000000003,72.76033699999999,True
VLP,VILE PARLE,Maharashtra,WR,"Mumbai, Maharashtra",India,19.099273999999998,72.84363,True
VLC,Velachha,Gujarat,WR,"SH 166, Gujarat",India,,,True
VLN,Vilegaon,Maharashtra,CR,"Vilegaon, Maharashtra",India,,,True
VMM,Valaramanikkam,Tamil Nadu,SR,"State Highway 28, Tamil Nadu",India,,,True
VRX,VARAHI,Gujarat,WR,"Banaskantha, Gujarat",India,23.800674,71.43129599999999,True
VOL,Virol,Gujarat,WR,"Anand, Gujarat",India,,,True
VAPI,VAPI,Gujarat,WR,"Valsad, Gujarat",India,20.374337999999998,72.90912700000001,True
KRNH,Karanahalli,Karnataka,SWR,"Bangalore Honavar Rd, Karnataka",India,13.667160999999998,75.934385,True
UVD,UDVADA,Gujarat,WR,"Udvada, Gujarat",India,20.461236,72.918698,True
UD,UDUPI,Karnataka,KR,"Udupi, Karnataka",India,13.336341000000001,74.771733,True
VLCY,Velachery,Tamil Nadu,SR,"Chennai, Tamil Nadu",India,12.967092000000001,80.21921699999999,True
VNN,BHANAUR,Uttar Pradesh,NR,"State Highway 36, Uttar Pradesh",India,25.573159999999998,82.530022,True
VDH,VEDCHHA,Gujarat,WR,"Navsari, Gujarat",India,20.874651,72.93641500000001,True
VAL,VADAL,Gujarat,WR,"Vadal, Gujarat",India,21.611243,70.492663,True
VKA,Verka Junction,Punjab,NR,"Amritsar, Punjab",India,31.665699,74.931669,True
UKN,Uklana,Haryana,NR,"State Highway 2, Haryana",India,29.498980000000003,75.883133,True
VPN,VIDYAPATINAGAR,Bihar,ECR,"Raod For VIDYAPATI DHAM, Bihar",India,25.601974857400002,85.80234268800001,True
UPL,UPPALUR,Andhra Pradesh,SCR,"Krishna, Andhra Pradesh",India,16.492803000000002,80.780125,True
UNK,UNKAL,Karnataka,SWR,"Hubli, Karnataka",India,15.377158999999999,75.12425499999999,True
ULL,ULLAL,Karnataka,SR,"Someshwar, Karnataka",India,12.791319999999999,74.85477900000001,True
VTJ,VARTEJ,Gujarat,WR,"Bhavnagar, Gujarat",India,21.746198,72.05519899999999,True
UTN,Uttar Radhanagar Halt,West Bengal,ER,"Sherpur Dhamua Rd, West Bengal",India,22.269458,88.383365,True
VDKS,Vadanam Kurussi Halt,Kerala,SR,"Shornur Perinthalmanna Hwy, Kerala",India,10.788139,76.252871,True
UNA,Una,Gujarat,WR,"Una, Gujarat",India,20.819025,71.036053,True
UHL,Una Himachal,Himachal Pradesh,NR,"Una, Himachal Pradesh",India,31.478782000000002,76.27566,True
UMH,Umreth,Gujarat,WR,"Umreth, Gujarat",India,22.693375999999997,73.119782,True
UGU,Ugu,Uttar Pradesh,NR,"Unnao, Uttar Pradesh",India,26.804337999999998,80.299391,True
VRH,VIRBHADRA,Uttarakhand,NR,"Rishikesh, Uttarakhand",India,30.074509,78.251864,True
VSPR,BISHNUPRIYA,West Bengal,ER,"Nabadwip, West Bengal",India,23.413186,88.3552,True
VRJ,Vadaj,Gujarat,WR,"State Highway 160, Gujarat",India,,,True
VRKD,Varkhedi,Maharashtra,CR,"Jalgaon, Maharashtra",India,,,True
VSI,Vishvamitri,Gujarat,WR,"Vadodara, Gujarat",India,,,True
VEL,Vellanur,Tamil Nadu,SR,"Pudukkottai, Tamil Nadu",India,10.46709,78.796975,True
YSI,YEDESHI,Maharashtra,CR,"National Highway 211, Maharashtra",India,18.317377999999998,75.97657,True
VUL,Virul,Maharashtra,CR,"Wardha, Maharashtra",India,,,True
VLY,VALLIYUR,Tamil Nadu,SR,"Vallioor, Tamil Nadu",India,8.376159999999999,77.61399,True
VT,VELLORE TOWN,Tamil Nadu,SR,"Vellore - 632008, Tamil Nadu",India,12.923646999999999,79.125213,True
VKG,Vavadi Khurd,Gujarat,WR,"National Highway 59, Gujarat",India,22.79511,73.502962,True
WDR,WADIARAM,Andhra Pradesh,SCR,"Telangana Region, Andhra Pradesh",India,17.972607,78.455417,True
VKP,VARAKALPATTU,Tamil Nadu,SR,"State Highway 9, Tamil Nadu",India,11.765793,79.704026,True
VTV,VALANTARAVAL,Tamil Nadu,SR,"National Highway 49, Tamil Nadu",India,9.337064,78.911814,True
VQD,VIRAMDAD,Gujarat,WR,"Khambhalia-Dwarka (SH 6), Gujarat",India,22.197917,69.575526,True
ABLE,AMBALE,Maharashtra,CR,"Malshiras Rd, Maharashtra",India,18.398719,74.171511,True
WRD,Warudkhed,Maharashtra,CR,"Wardha, Maharashtra",India,,,True
VTN,VAITARNA,Maharashtra,WR,"Thane, Maharashtra",India,19.517672,72.849578,True
XBAC,Bachharpur Halt,Bihar,ECR,"Bachharpur, Bihar",India,,,True
VNR,DEVANUR,Karnataka,SWR,"National Highway 206, Karnataka",India,13.439281999999999,76.08846,True
VKNR,VALMIKINAGAR RD,Bihar,ECR,"National Highway 28B, Bihar",India,27.195058000000003,84.034555,True
WH,WEST HILL,Kerala,SR,"Calicut, Kerala",India,11.28603,75.765232,True
VVV,VAVERA,Gujarat,WR,"Rajula-Vijapadi Rd, Gujarat",India,21.062395000000002,71.441677,True
VLA,BAVLA,Gujarat,WR,"Bavla, Gujarat",India,22.833389,72.36512300000001,True
CAPE,KANYAKUMARI,Tamil Nadu,SR,"Kanyakumari, Tamil Nadu",India,8.088028,77.542504,True
XSAD,SADIPUR HALT,,,,India,24.932654,85.596052,False
VNB,Vaniyambalam,Kerala,SR,"Vaniyambalam, Kerala",India,11.188459,76.260513,True
VSU,BISHNUPUR,West Bengal,SER,"Bishnupur, West Bengal",India,23.065499000000003,87.30107100000001,True
VLL,VELLAYIL,Kerala,SR,"Calicut, Kerala",India,11.264509,75.77461,True
VJK,VEJALKA,Gujarat,WR,"State Highway 38, Gujarat",India,22.416769,71.719118,True
VRQ,VIRARAKKIYAM,Tamil Nadu,SR,"Verarakiyam, Tamil Nadu",India,10.939107,78.165859,True
ABR,ABU ROAD,Rajasthan,NWR,"Sirohi Dist, Rajasthan",India,24.470775,72.775695,True
ZKV,Zankhvav,Gujarat,WR,"SH 166, Gujarat",India,21.45148506222334,73.31783892586827,True
YTL,Yavatmal,Maharashtra,CR,"Yavatmal, Maharashtra",India,20.387302241829445,78.11973326839507,True
VPZ,Vailapuzha,Kerala,SR,"Vallapuzha, Kerala",India,10.842075999999999,76.252495,True
VLDR,Valadar,Gujarat,WR,"Junagadh, Gujarat",India,20.967861000000003,70.724646,True
BXA,Balod,Chhattisgarh,SECR,"Balod, Chhattisgarh",India,20.740984,81.205261,True
YDK,Yedekumeri,Karnataka,SWR,"Yedukumeri Station, Karnataka",India,12.823403,75.622206,True
VVM,Viravasaram,Andhra Pradesh,SCR,"Palakollu, Andhra Pradesh",India,16.542123999999998,81.63254,True
VVD,Vavdi,Gujarat,WR,"State Highway 31, Gujarat",India,21.714204,70.793468,True
YP,ERRUPALEM,Andhra Pradesh,SCR,"Yerrupalem, Andhra Pradesh",India,16.825374,80.471049,True
AHD,AHERWADI,Karnataka,SWR,"Sholapur, Karnataka",India,17.504915,75.99559,True
YGL,YELGUR,Andhra Pradesh,SCR,"Yelgur Station, Andhra Pradesh",India,17.860901,79.74703099999999,True
ALMR,ALAMPUR,Gujarat,WR,"State Highway 31, Gujarat",India,21.944012999999998,71.699156,True
WNG,WANEGAON,Maharashtra,SCR,"Chudawa, Maharashtra",India,19.1668082025,77.2501103802,True
WANI,WANI,Maharashtra,CR,"Wani, Maharashtra",India,20.06638,78.962635,True
BDM,BADAMI,Karnataka,SWR,"Bagalkot, Karnataka",India,15.958918,75.6767002,True
BGK,BAGALKOT,Karnataka,SWR,"Bagalkot, Karnataka",India,16.1787931,75.7002383,True
AFR,ASAFPUR,Uttar Pradesh,NR,"Bijnor, Uttar Pradesh",India,28.405553,78.905957,True
WJ,WALAJABAD,Tamil Nadu,SR,"Walajabad, Tamil Nadu",India,12.797321,79.81836999999999,True
WSA,Wadsa,Maharashtra,SECR,"Chandrapur, Maharashtra",India,20.624198,79.96351299999999,True
BHTN,BHITONI,Madhya Pradesh,WCR,"Jabalpur, Madhya Pradesh",India,23.142728299999998,79.6740109,True
AMA,ATAMANDA,Uttar Pradesh,NER,"State Highway 37, Uttar Pradesh",India,28.58606,79.468143,True
ZPI,Zampini,Andhra Pradesh,SCR,"Zampani, Andhra Pradesh",India,16.199033,80.71400799999999,True
AMVA,AMARAVILA HALT,Kerala,SR,"Thiruvananthapuram, Kerala",India,8.397108999999999,77.10036199999999,True
ACLE,AZIMGANJ CITY,West Bengal,ER,"Police Station Rd, West Bengal",India,24.237941,88.25887100000001,True
WSJ,WANSJALIYA,Gujarat,WR,"Tarsai - Vansjaliya, Gujarat",India,21.799383000000002,69.873569,True
AHU,Ahirauli,Uttar Pradesh,NER,"State Highway 1A, Uttar Pradesh",India,27.30686,83.03422499999999,True
BAY,BELLARY JN,Karnataka,SWR,"Bellary, Karnataka",India,15.145135,76.921995,True
ALB,ALIA BADA,Gujarat,WR,"Jamnagar, Gujarat",India,22.44677,70.210367,True
ATRU,ATRU,Rajasthan,WCR,"Atru, Rajasthan",India,24.8821354,76.6702185,True
WZJ,WAZERGANJ,Bihar,ECR,"Gaya, Bihar",India,24.813122,85.225637,True
BIX,BHIND,Madhya Pradesh,NCR,"Bhind, Madhya Pradesh",India,26.588904900000003,78.77743530000001,True
WKRC,WANKANER CITY,Gujarat,WR,"Wankaner, Gujarat",India,22.611810000000002,70.956182,True
BBMN,BARI BRAHMAN,Jammu and Kashmir,NR,"Bari Brahmana, Jammu and Kashmir",India,32.63896,74.916171,True
WENA,Wena,Bihar,ECR,"Wena, Bihar",India,25.3266239799,85.5319560193,True
WAB,BALWA,Gujarat,WR,"SH 126, Gujarat",India,21.895867000000003,69.961069,True
BLCA,BLOCK HUT BEAS,,,,India,32.101414,75.61447700000001,False
ZB,Zahirabad,Andhra Pradesh,SCR,"Dist. Medak, Andhra Pradesh",India,17.674958,77.61021299999999,True
ZP,Zarpur Pali,Haryana,NWR,"Road to Nangal Mala, Haryana",India,28.281073000000003,76.14827000000001,True
BJN,Bejnal,Rajasthan,NWR,"Rajsamand, Rajasthan",India,24.983198,73.914959,True
BGKT,BHAGAT KI KOTHI,Rajasthan,NWR,"Jodhpur, Rajasthan",India,26.2484972,73.0133366,True
KRNN,Karnauti Halt,,,,India,25.396291565400002,85.54704889770001,False
VXM,Vellipalayam,Tamil Nadu,SR,"Nagapattinam, Tamil Nadu",India,10.775837000000001,79.843856,True
AMDI,Amdi Halt,Maharashtra,SECR,"Amadi, Maharashtra",India,21.352410000000003,79.31875600000001,True
BISH,Bishengarh,Rajasthan,NWR,"Jalor, Rajasthan",India,25.448874,72.5752165,True
YDV,Yadvendranagar,Uttar Pradesh,NER,"Yadvendranagar, Uttar Pradesh",India,25.756558,82.75140999999999,True
YDP,Yedapalli,Andhra Pradesh,SCR,"Telangana Region, Andhra Pradesh",India,18.678662,77.952866,True
YEAM,Yogendra Dham Halt,Uttar Pradesh,NER,"Yogendra Dham, Uttar Pradesh",India,27.454598,81.728543,True
AKW,Akora,Uttar Pradesh,NCR,"National Highway 86, Uttar Pradesh",India,25.613687,80.139995,True
ALV,Anklav,Gujarat,WR,"Anklav, Gujarat",India,22.392856,72.999264,True
BSS,BAHADUR SINGH WALA,Punjab,NR,"SH 11, Punjab",India,30.319025,75.858906,True
AZ,AZIMGANJ JN,West Bengal,ER,"Police Station Rd, West Bengal",India,24.219053,88.256764,True
ARAG,ARAG,Maharashtra,CR,"Jath Rd, Maharashtra",India,16.823628,74.79116400000001,True
BEU,Bisheshwarganj,Uttar Pradesh,NER,"Bisheshwarganj, Uttar Pradesh",India,27.341282,81.833817,True
BSI,BASBARI,Assam,NFR,"Dhubri Kochugaon Rd, Assam",India,26.184354000000003,89.900353,True
BPR,BHOJIPURA JN,Uttar Pradesh,NER,"SH 37, Uttar Pradesh",India,28.4939826,79.44724,True
APD,Alipur Duar,West Bengal,NFR,"Alipurduar, West Bengal",India,26.479307000000002,89.520667,True
BHX,BULLUANA,Punjab,NR,"Balluana, Punjab",India,30.217553000000002,74.78304,True
BIM,BILIMORA JN,Gujarat,WR,"Bilimora, Gujarat",India,20.763319,72.970474,True
BKC,BHIKAMKOR,Rajasthan,NWR,"Jodhpur, Rajasthan",India,26.80763,72.78720299999999,True
BMO,BOLARUM,Andhra Pradesh,SCR,"Secunderabad, Andhra Pradesh",India,17.5335493,78.5154167,True
BLZ,BUDHLADA,Punjab,NR,"Budhlada, Punjab",India,29.9217422,75.5496866,True
BHLK,Bhalki,Karnataka,SCR,"Bhalki, Karnataka",India,18.047011100000002,77.228081,True
BDU,BADNAPUR,Maharashtra,SCR,"Jalna, Maharashtra",India,19.873979,75.722483,True
BMQ,BHIMARLAI,Rajasthan,NWR,"National Highway 112, Rajasthan",India,25.89293086,71.88173556,True
BNP,BHANAPUR,Karnataka,SWR,"National Highway 63, Karnataka",India,15.38694828,76.036416,True
BLT,BALOTRA JN,Rajasthan,NWR,"Balotra, Rajasthan",India,25.830070999999997,72.248683,True
BFV,BAHELIA BUZURG,Uttar Pradesh,NER,"Bahelia Buzurg, Uttar Pradesh",India,28.046924,80.512537,True
BHBR,Bathua Bazar,Uttar Pradesh,NER,"Phulwaria, Uttar Pradesh",India,26.4968303633,84.2321793958,True
BTKP,BHARAT KUP,Uttar Pradesh,NCR,"Chitrakoot, Uttar Pradesh",India,25.217166,80.76767899999999,True
BIK,BHIRA KHERI,Uttar Pradesh,NER,"Lakhimpur Kheri, Uttar Pradesh",India,28.334799,80.486132,True
BAOL,BAOLI,Uttar Pradesh,NR,"Bagpat, Uttar Pradesh",India,29.140457035199997,77.278015354,True
BTX,BELA TAL,Uttar Pradesh,NCR,"Chhatarpur, Uttar Pradesh",India,25.2767862477,79.55448188960001,True
BOM,BOMADRA,Rajasthan,NWR,"Pali Marwar, Rajasthan",India,25.78029392,73.43942509,True
BSPX,Banspani,Odisha,SER,"National Highway 215, Orissa",India,22.00024281,85.42341227,True
BIB,Birpur,Rajasthan,NCR,"State Highway 2, Rajasthan",India,26.155568000000002,77.174223,True
ARU,Arasalu,Karnataka,SWR,"Arasalu, Karnataka",India,13.999308999999998,75.314466,True
MPC,Muttampatti,Tamil Nadu,SWR,"Dharmapuri, Tamil Nadu",India,11.984107,78.152895,True
BAJ,Bhalej,Gujarat,WR,"Bhalej, Gujarat",India,22.633029999999998,73.034499,True
AWM,Aswapuram,Andhra Pradesh,SCR,"Sarapaka, Andhra Pradesh",India,17.821267000000002,80.80126,True
AVP,Abhanpur Junction,Chhattisgarh,SECR,"Raipur, Chhattisgarh",India,21.052203000000002,81.74489899999999,True
BDXX,Bade Arapur,Chhattisgarh,ECoR,"Bade Arapur, Chhattisgarh",India,19.011494000000003,81.837917,True
BGRD,Beliaghata Road,West Bengal,ER,"State Highway 2, West Bengal",India,22.674548,88.607005,True
ANI,Ajanti,Madhya Pradesh,WR,"East Nimar, Madhya Pradesh",India,21.893954,76.285956,True
BUT,BAYTU,Rajasthan,NWR,"State Highway 40, Rajasthan",India,25.897537999999997,71.76868,True
BMGA,BHIMGARA,West Bengal,ER,"Birbhum, West Bengal",India,23.73804814,87.28427905,True
BLTR,BELTHARA ROAD,Uttar Pradesh,NER,"Belthara, Uttar Pradesh",India,26.121418,83.841719,True
BKNG,BHAKTI NAGAR,Gujarat,WR,"Rajkot, Gujarat",India,22.282963,70.792278,True
DEP,Depalsar,Rajasthan,NWR,"Churu, Rajasthan",India,28.2368573,74.92033749999999,True
BKD,Bhankoda,Gujarat,WR,"State Highway 138, Gujarat",India,23.270810878299997,72.1277773999,True
DHJ,DHINOJ,Gujarat,WR,"Dhinoj, Gujarat",India,23.6710024,72.2818798,True
BCY,VARANASI CITY,Uttar Pradesh,NER,"Varanasi, Uttar Pradesh",India,25.3341176,83.0141142,True
BNE,BOHANI,Madhya Pradesh,WCR,"Narsinghpur, Madhya Pradesh",India,22.9137476381,78.9159773981,True
DDR,MUMBAI DADAR WEST,Maharashtra,WR,"Mumbai, Maharashtra",India,19.019731,72.84346500000001,True
BNC,BANGALORE CANT,Karnataka,SWR,"Bengaluru, Karnataka",India,12.9936735,77.59932690000001,True
BSPH,BISHANPUR HARYANA,Haryana,NR,"Bishanpur, Haryana",India,29.274012000000003,76.323906,True
BQY,BELERHAT,West Bengal,ER,"State Highway 6, West Bengal",India,23.51930706,88.28291748000001,True
DGW,DHIGAWARA,Rajasthan,NWR,"Baswa, Rajasthan",India,27.296265000000002,76.613599,True
BXJ,BOKAJAN,Assam,NFR,"Bokajan, Assam",India,26.018425999999998,93.779466,True
BOJ,BHOJO,Assam,NFR,"Bhojo Railway Station, Assam",India,27.0635982,95.03240600000001,True
BDTS,MUMBAI BANDRA TERMINUS,Maharashtra,WR,"Mumbai, Maharashtra",India,19.061911,72.840535,True
BLPR,Badulipar,Assam,NFR,"Badulipar, Assam",India,26.646825,93.87912899999999,True
BBC,Bhachhbar,Rajasthan,NWR,"State Highway 40, Rajasthan",India,25.73181,71.044404,True
BNKJ,BANKE GANJ,Uttar Pradesh,NER,"Lakhimpur Kheri, Uttar Pradesh",India,28.158478000000002,80.416286,True
DIA,Didwana,Rajasthan,NWR,"Didwana, Rajasthan",India,27.406108,74.55765600000001,True
BNV,BINNAGURI,West Bengal,NFR,"National Highway 31C, West Bengal",India,26.747088299999998,89.05239089999999,True
DLO,DALGAON,West Bengal,NFR,"Birpara, West Bengal",India,26.715384,89.136244,True
BOKO,BOKO,Assam,NFR,"National Highway 37, Assam",India,25.999791,91.219674,True
DKX,Dudhwakhara,Rajasthan,NWR,"National Highway 65, Rajasthan",India,28.4587,75.16531499999999,True
BRW,Bariwala,Punjab,NR,"Mandi Bariwala, Punjab",India,30.532580000000003,74.65895300000001,True
BRAM,BALARAMAPURAM,Kerala,SR,"Balaramapuram, Kerala",India,8.430107451,77.05132087999999,True
CBU,Chinna Babu Samudram,Tamil Nadu,SR,"Villupuram, Tamil Nadu",India,11.919465,79.686417,True
DKBJ,Dahar Ka Balaji,Rajasthan,NWR,"Jaipur, Rajasthan",India,26.944321,75.765669,True
CAF,Chanda Fort,Maharashtra,SECR,"Chandrapur, Maharashtra",India,19.9400612,79.3122585,True
BRMP,Biramitrapur,Odisha,SER,"Birmitrapur, Orissa",India,22.3971312,84.7369583,True
BJY,Bangalbaree,West Bengal,NFR,"State Highway 10A, West Bengal",India,25.626454,88.22942499999999,True
DMW,Dalmau Junction,Uttar Pradesh,NR,"Dalmau, Uttar Pradesh",India,26.075249999999997,81.05365,True
BRDT,BERIA DAULAT,Uttarakhand,NER,"National Highway 74, Uttarakhand",India,29.13221,79.210042,True
DUM,DHAURMUI JAGHNA,Rajasthan,WCR,"State Highway 33, Rajasthan",India,27.292281,77.53653800000001,True
ALK,ALAKKUDI,Tamil Nadu,SR,"Alakudi, Tamil Nadu",India,10.77766297,79.0537095,True
BHNS,Bhansi,Chhattisgarh,ECoR,"Dhurli-Basenpur Rd, Chhattisgarh",India,18.77690197,81.26535758,True
DY,DUMARIYA,Rajasthan,WCR,"State Highway 1, Rajasthan",India,26.864673,77.234121,True
GLNA,GULANA,Rajasthan,NWR,"State Highway 25, Rajasthan",India,27.10333,76.564974,True
BWR,BARWA SAGAR,Uttar Pradesh,NCR,"Jhansi(0510-2440441), Uttar Pradesh",India,25.351848,78.731628,True
CDI,CHANDNI,Madhya Pradesh,CR,"East Nimar, Madhya Pradesh",India,21.427163999999998,76.350657,True
BUBT,BURAHA BHARTHA,Uttar Pradesh,NCR,"Buraha Bharthara, Uttar Pradesh",India,27.108219,78.67032900000001,True
GHG,GHAGGHAR,Punjab,NR,"National Highway 22, Punjab",India,30.6111449411,76.84804777400001,True
GGR,GANGRAR,Rajasthan,NWR,"Gangrar, Rajasthan",India,25.061279000000003,74.624757,True
DJA,DAOTUHAJA,Assam,NFR,"National Highway 54, Assam",India,25.227501,93.162162,True
DHP,DICHPALLI,Andhra Pradesh,SCR,"Dichpalli, Andhra Pradesh",India,18.613288,78.194667,True
DMA,DAMODAR JUNCTION,West Bengal,SER,"Bardhaman, West Bengal",India,23.651021,86.908517,True
BYD,BYADGI,Karnataka,SWR,"National Highway 4, Karnataka",India,14.6997230018,75.4900954675,True
ARCL,ARUNACHAL,Assam,NFR,"Cachar, Assam",India,24.855593,92.742995,True
BZ,BHARUR,Punjab,NR,"Sunam, Punjab",India,30.165006839,75.8156104224,True
GIN,GINIGERA,Karnataka,SWR,"Ginigera, Karnataka",India,15.348226,76.247613,True
BVR,BANAVAR,Karnataka,SWR,"National Highway 234, Karnataka",India,13.395698823,76.1400537476,True
DPRA,DHUP DHARA,Assam,NFR,"National Highway 37, Assam",India,25.979779,91.066009,True
DWR,DHARWAR,Karnataka,SWR,"Dharwad, Karnataka",India,15.440386,75.004552,True
DNPR,Dhanpura,Gujarat,WR,"State Highway 133, Gujarat",India,23.453415,72.212366,True
FKG,FURKATING JN,Assam,NFR,"K B Rd, Assam",India,26.465652000000002,94.00269200000001,True
BWB,BAGWALI,Punjab,NWR,"National Highway 64, Punjab",India,30.033151999999998,74.772519,True
BVP,BHAVANAGAR PARA,Gujarat,WR,"Bhavnagar, Gujarat",India,21.770889999999998,72.11868199999999,True
BVC,BHAVNAGAR TERMINUS,Gujarat,WR,"Bhavnagar, Gujarat",India,21.781668,72.141059,True
DOY,Dornahalli,Karnataka,SWR,"Dornahalli, Karnataka",India,12.433086000000001,76.42625,True
BXY,Bordhal,Madhya Pradesh,CR,"Amla, Madhya Pradesh",India,21.997011,78.348164,True
DGHA,Digha Flag Station,West Bengal,,"State Highway 57, West Bengal",India,21.622377,87.507655,True
KRNR,Krishnarajanagara,Karnataka,SWR,"Krishnarajanagara, Karnataka",India,12.4454105,76.38862689999999,True
GTP,Ghatpuri,Uttar Pradesh,NER,"State Highway 33, Uttar Pradesh",India,28.125245999999997,79.20593600000001,True
DLX,Dalimgaon,West Bengal,NFR,"Dhankoil to Dalimgaoun, West Bengal",India,25.640548000000003,88.38629999999999,True
BSLA,Bhasila,West Bengal,ER,"Bhasila Railway Station, West Bengal",India,22.665494000000002,88.65854499999999,True
DJKR,Dolaji Ka Khera,Rajasthan,NWR,"Pali, Rajasthan",India,25.537166,73.882498,True
GUU,GUNDRATIMADUGU,Andhra Pradesh,SCR,"Mahbuababad-Badrachalam Rd, Andhra Pradesh",India,17.532281,80.079953,True
FSP,FATEH SINGHPURA,Rajasthan,WCR,"State Highway 1, Rajasthan",India,26.8216101334,77.1469610779,True
DRA,DULARIA,Madhya Pradesh,WCR,"Itarsi, Madhya Pradesh",India,22.575660999999997,77.654362,True
SKDM,SIKRODA MINA,,,,India,26.722854,77.002212,False
GNR,GADIGANURU,Karnataka,SWR,"Bellary, Karnataka",India,15.219036000000001,76.599178,True
DRSN,DHURWASIN,Madhya Pradesh,SECR,"Parasi, Madhya Pradesh",India,23.129052,81.845641,True
GUP,GAURIPUR,Assam,NFR,"Gauripur, Assam",India,26.078321,89.952056,True
GALE,GANKAR,West Bengal,ER,"Gankar, West Bengal",India,24.404804119599998,88.07289439819999,True
HKL,HARKIA KHAL,Rajasthan,WR,"State Highway 31, Rajasthan",India,24.363234000000002,74.91966500000001,True
GDPL,GUNDLA POCHAMPALLI,Andhra Pradesh,SCR,"Rangareddy, Andhra Pradesh",India,17.568097,78.488371,True
FLM,Falimari,West Bengal,NFR,"Falimari, West Bengal",India,26.0707762,89.5868746,True
J,JALNA,Maharashtra,SCR,"Jalna, Maharashtra",India,19.830781,75.893142,True
JGD,Jagadishpur,Jharkhand,ER,"Jagadishpur, Jharkhand",India,24.273027000000003,86.525172,True
GTWD,Ghatwad,Gujarat,WR,"Junagadh, Gujarat",India,20.92654,70.74961099999999,True
GNB,JNANA BHARTI HALT,Karnataka,SWR,"Mysore Road Bengaluru, Karnataka",India,12.935329000000001,77.511242,True
GHNA,GOHANA,Haryana,NR,"Gohana, Haryana",India,29.140297,76.68937799999999,True
DWI,DINGWAHI,Uttar Pradesh,NCR,"National Highway 76, Uttar Pradesh",India,25.416805,80.414159,True
GLBN,GUJRAN BALWA,Uttar Pradesh,NR,"State Highway 57, Uttar Pradesh",India,29.4068014069,77.301364624,True
DSR,DHANSIRI,Nagaland,NFR,"Bridge, Nagaland",India,25.810836,93.613598,True
GK,GOLA GOKARANATH,Uttar Pradesh,NER,"Gola, Uttar Pradesh",India,28.084651,80.475468,True
DZA,DASUYA,Punjab,NR,"Dasuya, Punjab",India,31.80853,75.657932,True
SRPJ,SWARUPGANJ,Rajasthan,NWR,"Sirohi Road, Rajasthan",India,24.6581702628,72.9319259351,True
HNS,Hansi,Haryana,NWR,"Hissar, Haryana",India,29.088276999999998,75.94724099999999,True
HYL,Hadyal,Rajasthan,NWR,"MDR 97, Rajasthan",India,28.526882999999998,75.26504100000001,True
GDO,Goverdhan,Uttar Pradesh,NCR,"Mathura District, Uttar Pradesh",India,27.520546,77.46164300000001,True
JBS,Jadoli Ka Bas,Rajasthan,NCR,"Alwar, Rajasthan",India,27.539231,76.880759,True
FZP,Firozpur City,Punjab,NR,"Firozpur, Punjab",India,30.962007,74.600792,True
EKN,Ezhukone,Kerala,SR,"Kollam-Tirumangalam Rd, Kerala",India,8.979142999999999,76.715068,True
GSR,Garhshankar,Punjab,NR,"Garhshankar, Punjab",India,31.21799,76.14241700000001,True
GOPA,Ghosipura,Madhya Pradesh,NCR,"Gwalior, Madhya Pradesh",India,26.215133,78.150553,True
URGA,Urga,Chhattisgarh,SECR,"Korba, Chhattisgarh",India,22.265791999999998,82.736062,True
GGV,Ghovarash Ghona,West Bengal,ER,"Ghoraras Ghona, West Bengal",India,22.651678,88.78289199999999,True
GRMR,Garhi Manikpur,Uttar Pradesh,NR,"Garhi Manikpur, Uttar Pradesh",India,25.786329,81.40315299999999,True
DTQ,Dantarda Kalan,Madhya Pradesh,NCR,"State Highway 6, Madhya Pradesh",India,25.763299999999997,76.71403099999999,True
JLQ,JALPUR,Uttar Pradesh,,"MDR 65W, Uttar Pradesh",India,29.012363999999998,78.870355,True
HRV,HARRAD,Madhya Pradesh,SECR,"Shahdol, Madhya Pradesh",India,23.161136,81.90404000000001,True
HRNR,HIRA NAGAR,Jammu and Kashmir,NR,"Hiranagar, Jammu and Kashmir",India,32.487007000000006,75.268733,True
JKM,JANKAMPET JN,Andhra Pradesh,SCR,"Nizamabad, Andhra Pradesh",India,18.70264,78.05386,True
JOC,JOYCHANDI PAHAR,West Bengal,SER,"Purulia, West Bengal",India,23.516393,86.68033899999999,True
HIR,HARINAGAR,Bihar,ECR,"Ramnagar, Bihar",India,27.156647,84.324507,True
JCNR,JUCHANDRA,Maharashtra,CR,"NH 8, Maharashtra",India,19.35986171,72.87245142,True
JKNI,Jharkhandi,Uttar Pradesh,NER,"MDR 10E, Uttar Pradesh",India,27.4330507545,82.17975597290001,True
HAD,HARIPPAD,Kerala,SR,"Haripad 0479-2412714, Kerala",India,9.279602,76.46222900000001,True
HMPR,HURMUJPUR HALT,Maharashtra,CR,"Maharashtra, Maharashtra",India,25.721525,83.35227499999999,True
JIL,JALILA ROAD,Gujarat,WR,"Botad, Gujarat",India,22.23946,71.820315,True
ITE,Intiyathok,Uttar Pradesh,NER,"MDR 10E, Uttar Pradesh",India,27.275552861799998,82.0254415802,True
JALD,JALIYA DEVANI,Gujarat,WR,"Ranuja Village Rd, Gujarat",India,22.420182999999998,70.399597,True
KDQ,KADIPUR,Uttar Pradesh,NER,"National Highway 29, Uttar Pradesh",India,25.44872,83.09130300000001,True
IDGJ,IRADATGANJ,Uttar Pradesh,NCR,"Allahabad, Uttar Pradesh",India,25.317889,81.81928099999999,True
HM,HADMATIYA JN,Gujarat,WR,"State Highway 98, Gujarat",India,22.4279053359,70.47043762019999,True
JGE,JAGANNATH TEMPLE GATE,Kerala,SR,"Mahe, Kerala",India,11.737975,75.507837,True
HATI,HATI,Madhya Pradesh,WCR,"MDR 11, Madhya Pradesh",India,24.68924,80.843299,True
HLK,HOLALKERE,Karnataka,SWR,"National Highway 13, Karnataka",India,14.038157957300001,76.1300544724,True
JSV,JARANDESHWAR,Maharashtra,CR,"SH 61, Maharashtra",India,17.7507667858,74.0773198273,True
KCI,Kallkiri,Andhra Pradesh,SCR,"Punganur Rd, Andhra Pradesh",India,13.643625,78.801131,True
KRNU,KONANUR,Karnataka,SWR,"Nanjungudu-Chamarajanagara Rd, Karnataka",India,12.025333999999999,76.809835,True
KEX,KHEKRA,Uttar Pradesh,NR,"Tronica City, Uttar Pradesh",India,28.871499999999997,77.288916,True
SWNI,Siwani,Rajasthan,NWR,"National Highway 65, Rajasthan",India,28.9148353709,75.6040669287,True
JRT,JARTI,Odisha,,"Jarti Station, Orissa",India,18.890456,82.66510099999999,True
HDK,HANDIA KHAS,Uttar Pradesh,NER,"Handia, Uttar Pradesh",India,25.357472,82.18941,True
JJP,Jhanjharpur,Bihar,,"Madhubani, Bihar",India,26.228493,86.267833,True
JRKN,Jorkian,Rajasthan,NWR,"Hanumangarh, Rajasthan",India,29.8325238,74.2221512,True
KCV,Krishnachandrapur,Odisha,SER,"Mayurbhanj, Orissa",India,21.824613,86.82005,True
JSC,Jalesar City,Uttar Pradesh,NCR,"Jalesar, Uttar Pradesh",India,27.459871,78.30634,True
HRO,Harua Road,West Bengal,ER,"Harua Road Railway Station, West Bengal",India,22.661628,88.689994,True
ASTG,Astegaon,,,,India,21.296402,77.927221,False
IKR,Iklehra,Madhya Pradesh,CR,"Dongar Parasia, Madhya Pradesh",India,22.207929,78.711385,True
JKZ,Jitakheri,Haryana,,"Bhiwani, Haryana",India,29.0117786412,75.9873709528,True
HHT,Habanghata,Karnataka,SWR,"Habanghata, Karnataka",India,13.226848573,76.2495220447,True
KLM,KADLIMATTI,Karnataka,SWR,"State Highway 20, Karnataka",India,16.236489,75.796092,True
KDHA,KARCHHA,Madhya Pradesh,WR,"State Highway 18, Madhya Pradesh",India,23.1048189579,75.9098425183,True
KDF,KHUNDAUR,Uttar Pradesh,NR,"Ramapur Railway Station, Uttar Pradesh",India,26.020077,82.01505399999999,True
KJU,KUNTIGHAT,West Bengal,ER,"Kuntighat Railway Station, West Bengal",India,23.016799000000002,88.413149,True
KTPK,KOTHA PAKKI,Rajasthan,NR,"National Highway 15, Rajasthan",India,30.143767,73.966186,True
KLWL,KILANWALI PUNJAB,Punjab,NR,"National Highway 15, Punjab",India,30.137221,74.11242,True
KHRS,KHARESHWAR ROAD,Gujarat,WR,"State Highway 7, Gujarat",India,23.0627851439,71.9804719385,True
KCP,Kalgupur,Karnataka,SCR,"Hulsoor, Karnataka",India,18.163878,77.19175,True
KJTW,KAJGAON TERHWAN,Uttar Pradesh,NR,"Kajgaon, Uttar Pradesh",India,25.685669,82.70545000000001,True
KIP,KHALILPUR,Haryana,NR,"State Highway 26, Haryana",India,28.274856,76.67836199999999,True
KHU,KHURHAND,Uttar Pradesh,NCR,"Atarra, Uttar Pradesh",India,25.352584,80.49498,True
KAW,KHAJRI,Madhya Pradesh,WCR,"Shivpuri, Madhya Pradesh",India,25.563233999999998,77.617075,True
KOV,KIRLOSKARVADI,Maharashtra,CR,"Sangli, Maharashtra",India,17.084152,74.41635799999999,True
KDJR,Kendujhargarh,Odisha,ECoR,"Kendujhar, Orissa",India,21.66029,85.62690500000001,True
TKRA,Tikra Ph,West Bengal,,"State Highway 4, West Bengal",India,21.664080000000002,87.531081,True
KHMA,Khatima,Uttarakhand,NER,"Khatima, Uttarakhand",India,28.915440999999998,79.969431,True
KRW,KHARWA,Rajasthan,NWR,"Ajmer, Rajasthan",India,26.204383999999997,74.42653,True
KMDR,KARIMUDDIN PUR,Uttar Pradesh,NER,"Karimdinpur, Uttar Pradesh",India,25.700369000000002,83.860581,True
KRD,KARAD,Maharashtra,CR,"Satara, Maharashtra",India,17.310011,74.215686,True
KMAH,KAMATHE,Maharashtra,KR,"Maharashtra, Maharashtra",India,17.477292,73.515552,True
KLDI,KALDHARI,Andhra Pradesh,SCR,"Kaldhari Main Rd, Andhra Pradesh",India,16.837853,81.678046,True
KMP,KAMLAPUR,Uttar Pradesh,NER,"Kamalpur, Uttar Pradesh",India,27.378437,80.822278,True
KN,KADALUNDI,Kerala,SR,"Kozhikode district, Kerala",India,11.133481,75.82803299999999,True
KFK,KATKA,Uttar Pradesh,NER,"Mirzapur, Uttar Pradesh",India,25.250251,82.634249,True
KKLU,Kaklur,Chhattisgarh,ECoR,"Kaklur, Chhattisgarh",India,18.883305,81.619792,True
JVL,Jamwala,Gujarat,WR,"Junagadh, Gujarat",India,20.971057,70.772358,True
KOF,Marwar Kori,Rajasthan,NWR,"Jalor, Rajasthan",India,24.9119408017,72.2738395703,True
JTV,Jetalvad,Gujarat,WR,"Junagadh, Gujarat",India,21.35276,70.82471799999999,True
KLSX,Kaulseri,Punjab,NR,"Sherpur Sodhian, Punjab",India,30.369503,75.941435,True
KNJ,Krishnanagar City Junction,West Bengal,ER,"Krishnanagar, West Bengal",India,23.388714,88.493636,True
KTK,KYATANEAKERI RD,Karnataka,SWR,"Bijapur, Karnataka",India,17.05336,75.821206,True
LNK,LOHIAN KHAS JN,Punjab,NR,"Malsian Rd, Punjab",India,31.165462,75.196445,True
LSD,LUSADIYA,Gujarat,NWR,"Lusadiya, Gujarat",India,23.685409999999997,73.421111,True
SPPR,SHUDNIPUR,Uttar Pradesh,NR,"State Highway 5, Uttar Pradesh",India,25.626255,82.64049800000001,True
LGT,LANGTING,Assam,NFR,"Langting, Assam",India,25.49759,93.110265,True
KRR,KARUR,Tamil Nadu,SR,"Karur, Tamil Nadu",India,10.965642,78.085087,True
KWMD,KUMBHAWAS MUNDA,Haryana,NR,"Kumbhawas, Haryana",India,28.255391,76.660871,True
KU,KULIKARAI,Tamil Nadu,SR,"Thiruvarur - Mannargudi Rd, Tamil Nadu",India,10.766395,79.579324,True
KRTL,Kartauli,Uttar Pradesh,NER,"State Highway 33, Uttar Pradesh",India,28.3110435,79.42761829999999,True
KUND,Kund,Haryana,NWR,"State Highway 26, Haryana",India,28.145183762800002,76.39848079709999,True
MCQ,MIRCHADHORI,Madhya Pradesh,ECR,"National Highway 75, Madhya Pradesh",India,24.291847,82.793413,True
BDO,Bahalda Road,Odisha,SER,"Mayurbhanj, Orissa",India,,,True
KSNR,KHUSHAL NAGAR,Uttar Pradesh,NER,"Ghughli Bazar, Uttar Pradesh",India,26.9877753343,83.6983925134,True
KYNT,KALYANKOT,Rajasthan,NWR,"Kalyankot, Rajasthan",India,29.298804999999998,73.637024,True
LXR,LUNSERIYA,Gujarat,WR,"State Highway 113, Gujarat",India,22.585491,71.036258,True
LP,LALAPET,Tamil Nadu,SR,"NH 67, Tamil Nadu",India,10.95132,78.339233,True
KQL,KANDHLA,Uttar Pradesh,NR,"MDR 22W, Uttar Pradesh",India,29.324701,77.293239,True
KZI,KHANDRAWALI,Uttar Pradesh,NR,"State Highway 57, Uttar Pradesh",India,29.382584655000002,77.2938848779,True
KXL,KAMARBANDHA ALI,Assam,NFR,"K B Rd, Assam",India,26.529561,94.056352,True
LGH,LALGARH JN,Rajasthan,NWR,"Bikaner, Rajasthan",India,28.043638,73.313909,True
LH,LAHING,Assam,NFR,"Mudoijan, Assam",India,26.7412013647,94.4371491022,True
KRKD,KARAKKAD,Kerala,SR,"Kondayur Rd, Kerala",India,10.782804,76.227856,True
LMP,LAKHIMPUR,Uttar Pradesh,NER,"Lakhimpur, Uttar Pradesh",India,27.947414,80.777625,True
MBB,Murshidabad,West Bengal,ER,"Berhampore, West Bengal",India,24.176963999999998,88.281598,True
KUX,Khirsadoh Junction,Madhya Pradesh,CR,"Chhindwara, Madhya Pradesh",India,22.140449999999998,78.798394,True
KWGN,Kawargaon,Chhattisgarh,ECoR,"Kawargaon, Chhattisgarh",India,18.896086,81.53352199999999,True
LBW,Laiburwa Halt,Uttar Pradesh,NER,"Laiburwa, Uttar Pradesh",India,27.5260420401,82.4683445782,True
MLGH,Mandalgarh,Rajasthan,WCR,"Mandalgarh, Rajasthan",India,25.194176,75.08094,True
LAU,Ladnun,Rajasthan,NWR,"Ladnun, Rajasthan",India,27.64255,74.4056,True
MLKA,Maluka,Jharkhand,SER,"Jaipur, Jharkhand",India,22.202912,85.672936,True
MLZ,MALARNA,Rajasthan,WCR,"Sawai Madhopur, Rajasthan",India,26.231078,76.534634,True
MPJ,Madanpur,West Bengal,ER,"Madanpur, West Bengal",India,23.005927999999997,88.489717,True
MPT,Mangalampeta,Andhra Pradesh,SCR,"Naravari Palle Rd, Andhra Pradesh",India,13.568344,79.074022,True
MCV,MACHARYA,Uttar Pradesh,NR,"Kundarkhi, Uttar Pradesh",India,28.772575,78.80370199999999,True
MDSA,Modasa,Gujarat,WR,"way to railwaystation, Gujarat",India,23.451923,73.304944,True
MFJ,Muftiganj,Uttar Pradesh,NER,"Jaunpur, Uttar Pradesh",India,25.700913,82.827774,True
MOMU,Molakalmuru,Karnataka,SWR,"State Highway 19, Karnataka",India,14.709669,76.74572699999999,True
MOT,MALOUT,Punjab,NR,"Malaut, Punjab",India,30.184671,74.49550799999999,True
MMP,MAMBALAPPATTU JN,Tamil Nadu,SR,"Mambalapattu, Tamil Nadu",India,11.95223333,79.37390499,True
MFX,MADARAHA,Uttar Pradesh,NCR,"National Highway 76, Uttar Pradesh",India,25.273637,81.764284,True
MJHR,MAJHIARI,Uttar Pradesh,NCR,"National Highway 76, Uttar Pradesh",India,25.1789843066,81.5188330261,True
MJG,MAJHAGAWAN,Madhya Pradesh,WCR,"Majhgawa, Madhya Pradesh",India,24.913389000000002,80.811656,True
MQZ,MOTA JADRA,Gujarat,WR,"Mota Jadra Rd, Gujarat",India,21.082538000000003,71.704462,True
MNKN,MANIKALAN HALT,Uttar Pradesh,NR,"Nawab Yousuf Rd, Uttar Pradesh",India,25.917549,82.691157,True
MOG,MOHIUDDINNAGAR,Bihar,ECR,"Samastipur, Bihar",India,25.606296391399997,85.70332322690001,True
MGC,MUGAT,Maharashtra,SCR,"Nanded, Maharashtra",India,19.17485,77.427262,True
MVI,MORBI,Gujarat,WR,"Morbi, Gujarat",India,22.825342,70.829277,True
MOB,MANOHARABAD,Andhra Pradesh,SCR,"Medak, Andhra Pradesh",India,17.75573,78.45439599999999,True
MLW,Mallanwan,Uttar Pradesh,NR,"Mallawan, Uttar Pradesh",India,27.0362379616,80.1583349207,True
MPN,Madhyampur,West Bengal,ER,"Madhyampur Railway Station, West Bengal",India,22.619981,88.896007,True
MDLL,MUDDALINGAHALLI,Karnataka,SWR,"NH 207, Karnataka",India,13.2391442032,77.3047403595,True
MAQ,MANGALORE CNTL,Karnataka,SR,"Mangalore, Karnataka",India,12.862325,74.844068,True
MBP,MOHIBULLAPUR,Uttar Pradesh,NER,"Aliganj, Uttar Pradesh",India,26.909235,80.938923,True
MANW,MANWA,Uttar Pradesh,NER,"Manwa, Uttar Pradesh",India,27.218852,80.849604,True
MGLP,MANGOLPURI,Delhi,NR,"Outter Ring Rd, Delhi NCT",India,28.6832457826,77.0905744531,True
MLAR,MALANPUR,Madhya Pradesh,NCR,"National Highway 3, Madhya Pradesh",India,26.413117999999997,78.27281099999999,True
MHF,Mohari Junction,Rajasthan,NCR,"State Highway 43, Rajasthan",India,26.70055271,77.55378492,True
MEJ,VANCHIMANIYACHI,Tamil Nadu,SR,"Thoothukudi, Tamil Nadu",India,8.882102999999999,77.890651,True
MTPR,Raimehatpur,Himachal Pradesh,NR,"Mehatpur, Himachal Pradesh",India,31.405746999999998,76.32431100000001,True
MNSR,MANAKSAR,Rajasthan,NWR,"Hanumangarh, Rajasthan",India,29.680074,74.383621,True
MRZA,MIRZA,Assam,NFR,"National Highway 37, Assam",India,26.0727512878,91.51740114900001,True
MJ,MARWAR JN,Rajasthan,NWR,"Marwar Junction, Rajasthan",India,25.720478999999997,73.609301,True
MRDD,Mordar,Madhya Pradesh,SCR,"Khandwa, Madhya Pradesh",India,21.74264,76.44924400000001,True
MWK,Mordad Tanda,Maharashtra,CR,"State Highway 22, Maharashtra",India,20.688190000000002,74.904782,True
MHRG,Mahendragarh,Haryana,NWR,"Mahendragarh, Haryana",India,28.281433000000003,76.14863000000001,True
MUV,MANDUADIH,Uttar Pradesh,NER,"Varanasi, Uttar Pradesh",India,25.300001,82.972079,True
MKT,Mukhtiar Balwar,Madhya Pradesh,WR,"SH 27, Madhya Pradesh",India,22.398362,75.973751,True
MEKM,Melakkonnakkulam,Tamil Nadu,SR,"National Highway 226, Tamil Nadu",India,9.724592999999999,78.46655700000001,True
MJZ,Majhola Pakarya,Uttarakhand,NER,"State Hiughway 29, Uttarakhand",India,28.831681000000003,79.899341,True
MGWD,Mahngarwal Doaba,Punjab,NR,"Mahngarwal Doaba, Punjab",India,31.325405,76.088969,True
MKM,Marikuppam,Karnataka,SWR,"Kolar Gold Fields, Karnataka",India,12.918968,78.263789,True
MVW,Mallividu,Andhra Pradesh,ECoR,"Coastal Andhra Region, Andhra Pradesh",India,17.971931,83.17285799999999,True
MYD,MANDERDISA,Assam,NFR,"Diakkawn Rd, Assam",India,25.707319,93.123109,True
NKD,NEKONDA,Andhra Pradesh,SCR,"Nekkonda, Andhra Pradesh",India,17.794877999999997,79.80459300000001,True
NRNR,Nurnagar,Uttar Pradesh,NR,"Meerut, Uttar Pradesh",India,28.915414000000002,77.71298900000001,True
PBW,PANTNAGAR,Uttarakhand,NER,"Pantnagar, Uttarakhand",India,29.017708,79.51778,True
NDBT,NANDPUR BHATAULI,Himachal Pradesh,NR,"Nandpur Bhatauli, Himachal Pradesh",India,32.013177,76.115499,True
NRVR,NARAINA VIHAR,Delhi,NR,"Inderpuri, Delhi NCT",India,28.6376790996,77.1415966599,True
MXR,MAHUR,Assam,NFR,"North Cachar Hills, Assam",India,25.187996,93.126299,True
MZGI,MANZURGARHI,Uttar Pradesh,NCR,"Aligarh, Uttar Pradesh",India,27.964290000000002,78.10663,True
SURI,SIURI,West Bengal,ER,"Siuri, West Bengal",India,23.890185,87.5327,True
MTA,MATHELA,Madhya Pradesh,WCR,"East Nimar, Madhya Pradesh",India,21.8802561555,76.38997105099999,True
NLI,NAMLI,Madhya Pradesh,WR,"Namli, Madhya Pradesh",India,23.455521,75.067161,True
NBH,NIMBAHERA,Rajasthan,WR,"Nimbahera, Rajasthan",India,24.623252,74.694312,True
NNE,NONERA,Madhya Pradesh,NCR,"National Highway 92, Madhya Pradesh",India,26.437569,78.333363,True
NCJ,NAGERCOIL JN,Tamil Nadu,SR,"Nagercoil, Tamil Nadu",India,8.17385,77.44347,True
NB,NIMBHORA,Maharashtra,CR,"Jalgaon, Maharashtra",India,21.160781,75.975186,True
NEW,NIVARI,Uttar Pradesh,NCR,"Jhansi, Uttar Pradesh",India,25.328061,78.82007,True
RSWN,RAMESHWAR NAGAR,,,,India,26.980403000000003,84.520106,False
NVF,NAGAVANGALA,Karnataka,SWR,"Melanahalli Rd, Karnataka",India,13.661093,75.98716300000001,True
MZA,MEZENGA S,Assam,NFR,"Nazira Ali, Assam",India,26.884475000000002,94.679344,True
NWH,Nawalgarh,Rajasthan,NWR,"Jhunjhunu, Rajasthan",India,27.844017432134876,75.24608317762613,True
NHK,NAHARKATIYA,Assam,NFR,"Naharkatiya, Assam",India,27.289403,95.32977500000001,True
NDW,Nadwan,Bihar,ECR,"National Highway 83, Bihar",India,25.3966869286,85.0656737195,True
MUGR,Manuguru,Andhra Pradesh,SCR,"Telangana Region, Andhra Pradesh",India,17.925272,80.799034,True
NNNL,NANDANI LAGUNIA,Bihar,ECR,"Mahnar Bhartendunagar Rd, Bihar",India,25.6254080511,85.6313754486,True
MTNL,MUTTARASANALLUR,Tamil Nadu,SR,"Nagappattinam - Gundlupet Road(Vandikara Street), Tamil Nadu",India,10.865860000000001,78.648401,True
NRI,NARAINA,Rajasthan,NWR,"Ajmer, Rajasthan",India,26.796463999999997,75.193029,True
NIDI,NIDI,Maharashtra,CR,"Roha, Maharashtra",India,18.472247,73.106567,True
NTU,NIGATPUR,Uttar Pradesh,NER,"Mirzapur, Uttar Pradesh",India,25.251216000000003,82.758511,True
NIV,NIVASAR,Maharashtra,KR,"Ratnagiri, Maharashtra",India,16.946588000000002,73.454552,True
PDD,PADUBIDRI,Karnataka,KR,"Muloor, Karnataka",India,13.197027,74.76816500000001,True
NBU,NARASAMBUDHI,Karnataka,SWR,"Nanjangud Taluk, Karnataka",India,12.104692,76.70180500000001,True
NAG,NAGARGALI,Karnataka,SWR,"State Highway 34, Karnataka",India,15.424554374700001,74.6213530695,True
NGW,Nauganwan,Madhya Pradesh,WR,"Ratlam, Madhya Pradesh",India,23.414388,75.1892654,True
NUH,Naugarh,Uttar Pradesh,NER,"Naugarh, Uttar Pradesh",India,27.275029999999997,83.08829899999999,True
PDPH,Padapahar Junction,Jharkhand,SER,"National Highway 215, Jharkhand",India,22.156554999999997,85.545961,True
NIP,Nizampur,Rajasthan,NWR,"Nizampur, Rajasthan",India,27.9667684942,76.0107869,True
PPY,PAPATAPALLI,Andhra Pradesh,SCR,"GUDURU PADU, Andhra Pradesh",India,17.373688,80.175744,True
PHRH,PANCH RUKHI,Himachal Pradesh,NR,"National Highway 20, Himachal Pradesh",India,32.056252,76.564492,True
PUL,RAMPURA PHUL,Punjab,NR,"Rampura Phul, Punjab",India,30.269357000000003,75.23737999999999,True
RBGJ,ROBERTS GANJ,Uttar Pradesh,NCR,"Robertsganj, Uttar Pradesh",India,24.683136,83.077822,True
POKL,PEOKOL,Uttar Pradesh,NER,"Deoria, Uttar Pradesh",India,26.340803,83.930204,True
RDD,RIKHABDEV ROAD,Rajasthan,NWR,"Kalyanpur, Rajasthan",India,23.997173,73.74805500000001,True
PPC,PIPRAICH,Uttar Pradesh,NER,"Gorakhpur Bypass, Uttar Pradesh",India,26.828307,83.535848,True
RGO,ROTEGAON,Maharashtra,SCR,"Aurangabad, Maharashtra",India,19.956132,74.75787,True
RMJK,RAM NAGAR J K,Jammu and Kashmir,NR,"Jandrah, Jammu and Kashmir",India,32.863528,75.14542599999999,True
PRL,POLUR,Tamil Nadu,SR,"Polur, Tamil Nadu",India,12.511327000000001,79.13055800000001,True
PMKT,PIMPALKHUTI,Maharashtra,CR,"Pimpalkhuti, Maharashtra",India,19.829473,78.581025,True
PRT,PANRUTI,Tamil Nadu,SR,"Panruti, Tamil Nadu",India,11.773239,79.555153,True
PAD,PARDI,Gujarat,WR,"Valsad, Gujarat",India,20.513153,72.92431099999999,True
PFM,PHAPHAMAU JN,Uttar Pradesh,NR,"Phaphamau, Uttar Pradesh",India,25.524255999999998,81.866406,True
PDV,PANDARAVADAI,Tamil Nadu,SR,"Rajagiri, Tamil Nadu",India,10.913696,79.242126,True
PNHI,PANHAI,Uttar Pradesh,NCR,"Manikpur, Uttar Pradesh",India,25.081679,81.189495,True
NWMS,NOAPARA MAHISHA,West Bengal,ER,"Sagardighi Railway Station, West Bengal",India,24.323279,88.13727399999999,True
PNB,PANBARI,Assam,NFR,"Chandrapur, Assam",India,26.226727,91.951417,True
ODB,OODLABARI,West Bengal,NFR,"Udlabari, West Bengal",India,26.866793,88.624639,True
PNU,PALANPUR JN,Gujarat,WR,"Palanpur, Gujarat",India,24.174433,72.430172,True
PLSG,Palasingi,Andhra Pradesh,ECoR,"Palasingi, Andhra Pradesh",India,19.014074,83.805056,True
PUX,Parasia,Madhya Pradesh,CR,"Dongar Parasia, Madhya Pradesh",India,22.193186,78.76432,True
PKQ,Pattikkad,Kerala,SR,"Pattikad, Kerala",India,11.020627,76.23179499999999,True
PDSN,Peddasana,Andhra Pradesh,ECoR,"National Highway 5, Andhra Pradesh",India,18.593147,84.18448500000001,True
PTD,Petlad Junction,Gujarat,WR,"Petlad, Gujarat",India,22.5452909,72.9294731,True
PCLI,Palachauri,Madhya Pradesh,CR,"Dongar Parasia, Madhya Pradesh",India,22.201012,78.659087,True
PLA,Palia,Madhya Pradesh,WR,"Indore, Madhya Pradesh",India,22.829589000000002,75.79984999999999,True
SB04,Mana,Chhattisgarh,,"Mana, Chhattisgarh",India,21.21457,81.689931,True
RHN,ROSHANPUR,Uttar Pradesh,NER,"Tanda, Uttar Pradesh",India,29.046556,78.887727,True
RNT,RANTHAMBHORE,Rajasthan,WCR,"MDR 111, Rajasthan",India,26.093062999999997,76.41000100000001,True
SAGM,SAGMA,Madhya Pradesh,WCR,"Satna, Madhya Pradesh",India,24.622107,80.828347,True
RUI,Rukni,West Bengal,SER,"Purulia, West Bengal",India,23.551806,86.548025,True
RV,RAVER,Maharashtra,CR,"Jalgaon, Maharashtra",India,21.222201,76.044594,True
SBV,SIMRI BHAKHTIYARPUR,Bihar,ECR,"Simri Bakhtiarpur, Bihar",India,25.7208597875,86.5973840167,True
RJW,RAJEVADI,Maharashtra,CR,"Malshiras Rd, Maharashtra",India,18.384143186099998,74.1551290765,True
KMM,KANNAMANGALAM,,,,India,12.753547405299999,79.1611348285,False
SDHR,Sandhanidhar,Gujarat,WR,"Junagadh, Gujarat",India,20.942193,70.713698,True
SAHP,SAHIJPUR,Gujarat,WR,"National Highway 8, Gujarat",India,23.061366,72.631634,True
RMRB,Ramnagar Bengal,West Bengal,,"Egra Ramnagar Rd, West Bengal",India,21.677450999999998,87.55405,True
SGF,SANGAT,Punjab,NWR,"National Highway 64, Punjab",India,30.088059,74.83253,True
SAC,SANICHARA,Madhya Pradesh,NCR,"National Highway 3, Madhya Pradesh",India,26.363371,78.198369,True
RORA,RORA,Uttar Pradesh,NCR,"Jhansi, Uttar Pradesh",India,25.293896,79.236769,True
SAPE,SAPE WAMNE,Maharashtra,KR,"SH 70, Maharashtra",India,18.085549,73.356471,True
RJS,RAJIYASAR,Rajasthan,NWR,"Biradhwal, Rajasthan",India,29.0674933054,73.8421637408,True
SET,SETTIHALLY,Karnataka,SWR,"Bangalore-Mysore Rd, Karnataka",India,12.6442282946,77.1419178821,True
RMF,RAMNA,Jharkhand,ECR,"Dist. Garhwa, Jharkhand",India,24.239748,83.605713,True
SGKM,Srungavruksham,Andhra Pradesh,SCR,"Srungavruksham, Andhra Pradesh",India,16.543756,81.601906,True
RGA,Rajgoda,West Bengal,SER,"Rajgoda /RGA Railway Station, West Bengal",India,22.324313,87.866472,True
RVK,RAJA BHAT KHAWA,West Bengal,NFR,"Rajabhat Khawa, West Bengal",India,26.6201438112,89.528605351,True
RTB,RAJA TALAB,Uttar Pradesh,NER,"Mirzapur, Uttar Pradesh",India,25.2639068026,82.8507290414,True
PYD,PALLIYADI,Tamil Nadu,SR,"Kanyakumari, Tamil Nadu",India,8.26515,77.259683,True
SASG,Sasan Gir,Gujarat,WR,"SH 111, Gujarat",India,21.168995000000002,70.602443,True
SGV,Sargachhi,West Bengal,ER,"Sargachhi, West Bengal",India,24.01772,88.244037,True
RJL,Rajmahal,Jharkhand,ER,"State Highway 10, Jharkhand",India,25.052535,87.831451,True
RS,Risia,Uttar Pradesh,NER,"Risia Railway Station, Uttar Pradesh",India,27.688822,81.605514,True
RCA,Rentachintala,Andhra Pradesh,SCR,"Guntur, Andhra Pradesh",India,16.545258999999998,79.549492,True
RAK,Ramkot,Uttar Pradesh,NR,"Ramkot, Uttar Pradesh",India,27.534312,80.59740799999999,True
PXR,Palpara,West Bengal,ER,"National Highway 34, West Bengal",India,23.059458,88.520722,True
SDGH,Sri Dungargarh,Rajasthan,NWR,"Churu, Rajasthan",India,28.070311,74.008011,True
SCE,Senchoa Junction,Assam,NFR,"Senchoa, Assam",India,26.3116130653,92.6424819141,True
SBL,Sabalgarh,Madhya Pradesh,NCR,"Sabalgarh, Madhya Pradesh",India,26.2512745542,77.4087421698,True
SKJ,SAHIBPUR KAMAL JN,Bihar,ECR,"National Highway 31, Bihar",India,25.4270372397,86.4001292639,True
SRM,Sarna,Punjab,NR,"National Highway 15, Punjab",India,32.252678,75.57852799999999,True
SRW,Shri Karanpur,Rajasthan,NWR,"State Highway 7B, Rajasthan",India,29.844419000000002,73.458716,True
SKX,SARKARA,Uttarakhand,NER,"National Highway 74, Uttarakhand",India,29.166922000000003,79.083308,True
SMP,SHAMBHUPURA,Rajasthan,WR,"Shambhupura, Rajasthan",India,24.771439,74.641918,True
SUX,SUDIYUR,Tamil Nadu,SR,"Madurai-Rameshwaram Rd, Tamil Nadu",India,9.602939000000001,78.48234500000001,True
SNRR,SANSARPUR,Madhya Pradesh,WCR,"National Highway 7, Madhya Pradesh",India,23.6789703455,80.3473074512,True
SVD,SARWARI,Maharashtra,SCR,"Ranjani, Maharashtra",India,19.764637,75.93969899999999,True
SZK,SUR KHAND KA KHEDA,Rajasthan,NWR,"Kejed, Rajasthan",India,24.118095,73.879823,True
STZ,Satraon,Uttar Pradesh,NER,"Deoria, Uttar Pradesh",India,26.283587,83.82137900000001,True
SPLE,SUJNIPARA,West Bengal,ER,"National Highway 34, West Bengal",India,24.571584,88.03679699999999,True
CHOK,Chowk,,,,India,18.902861,73.239613,False
SRT,SATUR,Tamil Nadu,SR,"Sattur, Tamil Nadu",India,9.357545,77.92156999999999,True
APRH,Alehpur Halt,,,,India,26.2094647257,84.78898557980001,False
SOAE,SOMRA BAZAR,West Bengal,ER,"State Highway 6, West Bengal",India,23.13916,88.433032,True
SJQ,SURAJPUR ROAD,Chhattisgarh,SECR,"Surajpur, Chhattisgarh",India,23.289233,82.880146,True
SR,SABLI ROAD,Gujarat,WR,"State Highway 17, Gujarat",India,23.0348065663,71.9526427954,True
SOL,Solan,Himachal Pradesh,NR,"Solan, Himachal Pradesh",India,30.907937,77.097531,True
SGRR,SANGAR,Jammu and Kashmir,NR,"Jammu Cantt, Jammu and Kashmir",India,32.80617,75.044078,True
SMF,SAMAR GOPALPUR,Haryana,NR,"NH 71, Haryana",India,28.9608890803,76.51864460750001,True
STP,SITAPUR,Uttar Pradesh,NER,"Sitapur, Uttar Pradesh",India,27.558728,80.697762,True
STDR,Satadhar,Gujarat,WR,"Junagadh, Gujarat",India,21.283915999999998,70.721182,True
SJF,SAJANVAR ROAD,Gujarat,WR,"MDR, Gujarat",India,21.07527,71.60840800000001,True
SHH,SHAPUR JN,Gujarat,WR,"Vanthali-Shapur(Sorath) Rd, Gujarat",India,21.478281,70.37105700000001,True
SMX,Simurali,West Bengal,ER,"Chakdaha, West Bengal",India,23.041337,88.51016399999999,True
SNAR,Srinagar Rajasthan,Rajasthan,WCR,"Rd, Rajasthan",India,25.3640471585,75.5690913623,True
SMNE,SOMTANE,Maharashtra,CR,"Kolkhe Village, Maharashtra",India,18.952233,73.145524,True
SRGT,SURENDRANAGAR GATE,Gujarat,WR,"Surendranagar, Gujarat",India,22.734565,71.636053,True
SWV,SAWANTWADI ROAD,Maharashtra,KR,"SH123, Maharashtra",India,15.866512,73.785308,True
SIM,SHRI AMIRGADH,Rajasthan,NWR,"Amirgadh, Rajasthan",India,24.405948,72.643675,True
SLHA,SALHANA,Madhya Pradesh,WCR,"State Highway 10, Madhya Pradesh",India,23.820462097900002,80.65672125239999,True
SRMT,Sirmuttra,Rajasthan,NCR,"Sir Mathura, Rajasthan",India,26.518904,77.375168,True
SLM,Somalapuram,Andhra Pradesh,SWR,"Anantapur Rd, Andhra Pradesh",India,14.914015000000001,76.86885600000001,True
SNMY,Sindri Marshalling Yard,Jharkhand,ECR,"Pathardih, Jharkhand",India,23.667035000000002,86.46617599999999,True
SRSL,Sirsala,Rajasthan,NWR,"National Highway 65, Rajasthan",India,28.4266753002,75.1294882373,True
SGPA,Sugapahari,Jharkhand,ER,"Madhupur, Jharkhand",India,24.2790237518,86.57804878910001,True
SVO,Sanvrad,Rajasthan,NWR,"Didwana, Rajasthan",India,27.521887,74.518574,True
SJV,Sanjhauli Halt,Bihar,ECR,"State Highway 12, Bihar",India,25.1438922456,84.191033988,True
SNZ,Sherganj,Uttar Pradesh,NER,"Sherganj, Uttar Pradesh",India,28.380488999999997,79.804862,True
SMET,Shimoga Town,Karnataka,SWR,"Shimoga, Karnataka",India,13.943036999999999,75.583174,True
SSNR,Satsang Nagar Halt,Jharkhand,ER,"Deoghar, Jharkhand",India,24.49030743,86.68168063,True
SKSO,Sikosa,Chhattisgarh,SECR,"Sikosa, Chhattisgarh",India,20.868216,81.285568,True
TIL,TILRATH,Bihar,ECR,"NH 31, Bihar",India,25.441178999999998,86.06853100000001,True
UMM,UMRAM,Andhra Pradesh,SCR,"Sitagondi, Andhra Pradesh",India,19.661586179100002,78.4373421246,True
TDR,TIRUVIDAIMARUTHUR,Tamil Nadu,SR,"Thiruvidaimaruthur, Tamil Nadu",India,10.990634,79.453706,True
TKH,Thakurtola,Odisha,SER,"Mayurbhanj, Orissa",India,21.651992,86.97071700000001,True
TRPL,TRIPAL HALT,Himachal Pradesh,NR,"Tripal, Himachal Pradesh",India,32.00601,76.204696,True
TLRA,TALARA,Himachal Pradesh,NR,"Raja-ka-Talab, Himachal Pradesh",India,32.239023,75.903937,True
TMD,TALMADLA,Andhra Pradesh,SCR,"Telangana Region, Andhra Pradesh",India,18.239215,78.356638,True
BHKL,BHAKRAULI,Uttar Pradesh,NR,"State Highway 39, Uttar Pradesh",India,28.308471,78.474665,True
TRWT,TARAVATA,Madhya Pradesh,WCR,"Guna, Madhya Pradesh",India,24.74613,77.381391,True
WKR,WANKANER JN,Gujarat,WR,"Wankaner, Gujarat",India,22.622552,70.96561700000001,True
SWE,SIWAITH,Uttar Pradesh,NR,"Prayag, Uttar Pradesh",India,25.577037999999998,81.86926100000001,True
TGE,THEKERAGURI,Assam,NFR,"Ahotguri, Assam",India,26.199171,92.40385900000001,True
TSAH,Tata Sijua Halt,Jharkhand,SER,"Sijua, Jharkhand",India,23.7745106829,86.3316696973,True
TGL,TUGGALI,Andhra Pradesh,SCR,"Kurnool, Andhra Pradesh",India,15.310975000000001,77.53014599999999,True
UBL,HUBLI JN,Karnataka,SWR,"Hubli, Karnataka",India,15.350302000000001,75.148104,True
TID,TAGDI,Gujarat,WR,"Tagadi, Gujarat",India,22.296445000000002,71.948621,True
ARGP,ARALAGUPPE,Karnataka,SWR,"State Highway 74, Karnataka",India,13.253131999999999,76.615439,True
UCA,UCHANA,Haryana,NR,"District Jind, Haryana",India,29.466064000000003,76.178544,True
TAK,Tarakeswar,West Bengal,ER,"Tarkeshwar, West Bengal",India,22.882582,88.013437,True
UMN,AMBLIYASAN,Gujarat,WR,"Mehsana, Gujarat",India,23.447386,72.423181,True
SZP,Shahjahanpur,Uttar Pradesh,NER,"Shahjahanpur, Uttar Pradesh",India,27.893402000000002,79.904536,True
TTQ,Thathankulam,Tamil Nadu,SR,"Thoothukudi, Tamil Nadu",India,8.627298,77.875152,True
TJH,Tajgadh,Gujarat,WR,"Vadodara, Gujarat",India,22.350958,73.90478800000001,True
UKC,UKSHI,Maharashtra,KR,"Maharashtra, Maharashtra",India,17.1297597205,73.4559422882,True
UAA,UPPALA,Kerala,SR,"Kasaragod, Kerala",India,12.6698,74.906488,True
TKQ,TRIKARPUR,Kerala,SR,"Kannur District, Kerala",India,12.142185,75.176143,True
VAPM,VALAPATTANAM,Kerala,SR,"Kannur District, Kerala",India,11.927728,75.346365,True
TUNG,Tung,West Bengal,NFR,"NH 55, West Bengal",India,26.921803,88.294811,True
TKT,TIKKOTTI,Kerala,SR,"Thikkodi, Kerala",India,11.490426,75.626246,True
UGWE,Ugwe,Maharashtra,SCR,"State Highway 204, Maharashtra",India,20.806248999999998,77.009265,True
TRDI,Tirodi,Madhya Pradesh,SECR,"Balaghat, Madhya Pradesh",India,21.688066,79.724564,True
TQA,Takia,Uttar Pradesh,NR,"State Highway 38, Uttar Pradesh",India,26.311678999999998,80.782017,True
TPU,Tanakpur,Uttarakhand,NER,"Tanakpur, Uttarakhand",India,29.067103,80.10904500000001,True
DHL,Devanhalli,Karnataka,SWR,"Near Bellary Road Bangalore Rural Dt., Karnataka",India,13.246834,77.70463099999999,True
TAV,Talala Junction,Gujarat,WR,"Junagadh, Gujarat",India,21.04184,70.522164,True
TPO,Tantpur,Rajasthan,NCR,"Tantpur, Rajasthan",India,26.83193514,77.47803025,True
THKU,Thallak,Karnataka,SWR,"Bellary-Hiriyur Rd, Karnataka",India,14.450854,76.675366,True
VD,VAGDIYA,Gujarat,WR,"State Highway 113, Gujarat",India,22.6141762638,71.2916898169,True
YGA,Yerra Goppa Halt,Karnataka,SWR,"Yerra Goppa, Karnataka",India,15.905354,75.64807800000001,True
AGQ,ASIRGARH ROAD,Madhya Pradesh,CR,"State Highway 27, Madhya Pradesh",India,21.378418,76.268065,True
AA,ATARIA,Uttar Pradesh,NER,"Sitapur National Highway 24, Uttar Pradesh",India,27.172456999999998,80.861033,True
WSD,WASUD,Maharashtra,CR,"solapur, Maharashtra",India,17.377406,75.14765299999999,True
AED,AULENDA,Uttar Pradesh,NCR,"Kiraoli, Uttar Pradesh",India,27.029152,77.612583,True
ARH,AMHERA,Uttar Pradesh,NR,"Amhera, Uttar Pradesh",India,29.26223824,78.28580221,True
SWDE,SIWAHA,Haryana,NR,"Jind, Haryana",India,29.340294,76.456292,True
BHWA,BECHHIWARA,Rajasthan,NWR,"Bichhiwara, Rajasthan",India,23.787792,73.535256,True
VRV,VIRAVADA,Gujarat,NWR,"National Highway 8, Gujarat",India,23.612331,73.07902999999999,True
YLG,YALVIGI,Karnataka,SWR,"Yalvigi, Karnataka",India,15.0342535867,75.4094012659,True
ADHL,ADIHALLI,Karnataka,SWR,"National Highway 206, Karnataka",India,13.2834201678,76.3472840454,True
WRGN,WARIGAON NEWADA,Uttar Pradesh,NR,"Warigaon, Uttar Pradesh",India,25.586146,82.56831600000001,True
APTA,APTA,Maharashtra,CR,"Raigad, Maharashtra",India,18.863471,73.152629,True
WC,WADHWAN CITY,Gujarat,WR,"Surendranagar, Gujarat",India,22.702931,71.67236,True
ADRA,ADRA JN,West Bengal,SER,"Purulia.Div HQ SER, West Bengal",India,23.495992,86.67466499999999,True
AKOT,Akot,Maharashtra,SCR,"Akola, Maharashtra",India,21.095661,77.047217,True
BHUJ,BHUJ,Gujarat,WR,"Bhuj, Gujarat",India,23.2660225,69.6778278,True
VLI,VALLIKUNNU,Kerala,SR,"Vallikkunnu, Kerala",India,11.09046,75.85165099999999,True
ATRR,ATRAURA,Uttar Pradesh,NER,"Handia, Uttar Pradesh",India,25.316112,82.314016,True
VPU,VELPURU,Andhra Pradesh,SCR,"Velupuru, Andhra Pradesh",India,16.725963999999998,81.662635,True
VJPJ,VIJAYPUR JAMMU,Jammu and Kashmir,NR,"Gadwal, Jammu and Kashmir",India,32.57197,75.020996,True
ZNP,Zindpura,Uttar Pradesh,NER,"State Highway 29, Uttar Pradesh",India,28.191347,79.849699,True
BHRL,BHAROLI JUNCTION,Punjab,NR,"Bharoli, Punjab",India,32.27104809,75.61637323000001,True
PQT,Puniyavant,Gujarat,WR,"Vadodara, Gujarat",India,22.332118,73.95733100000001,True
VRA,Valavanur,Tamil Nadu,SR,"Vallavanur, Tamil Nadu",India,11.917402000000001,79.573803,True
XBKJ,Bikramganj,Bihar,ECR,"Bikramganj, Bihar",India,25.218913999999998,84.27373100000001,True
VTG,Bhetaguri,West Bengal,NFR,"Bhetaguri, West Bengal",India,26.3029681,89.6653098,True
ATKS,Atwa Kursath,Uttar Pradesh,NR,"Atwa Kursath, Uttar Pradesh",India,27.134570267199997,80.2672099268,True
WDJ,Wanderjatana,Punjab,NR,"State Highway 16, Punjab",India,30.564802,74.740729,True
AMI,Amravati,Maharashtra,CR,"Amravati, Maharashtra",India,20.930082900000002,77.7577863,True
BIPR,Bheempura,Rajasthan,NWR,"Jalor, Rajasthan",India,25.129644,72.39224899999999,True
ARP,Atrampur,Uttar Pradesh,NR,"Atrampur Railway Station, Uttar Pradesh",India,25.572021,81.745663,True
WEL,Wellington,Tamil Nadu,SR,"Wellington, Tamil Nadu",India,11.3559,76.786078,True
ARKA,Arkha,Uttar Pradesh,NR,"Lucknow Allahabad Rd, Uttar Pradesh",India,25.867316000000002,81.331277,True
BAMA,BIRAMBAD,Rajasthan,NCR,"Dumariya, Rajasthan",India,26.922783000000003,77.32494000000001,True
AUR,ATRAULI ROAD,Uttar Pradesh,NR,"Dibai, Uttar Pradesh",India,28.0971879576,78.2201080066,True
BCB,Bhowra Junction,Jharkhand,SER,"KUSTORE, Jharkhand",India,23.67077,86.417009,True
BHBK,BODHADI BUJRUG,Maharashtra,SCR,"Kinwat, Maharashtra",India,19.4962759853,78.1952487683,True
BDHA,BADHADA,Gujarat,WR,"Badhada, Gujarat",India,21.2703,71.33741400000001,True
BHET,BHESTAN,Gujarat,WR,"Surat, Gujarat",India,21.1278829,72.8613128,True
BFZ,BHANDARTIKURI,West Bengal,ER,"State Highway 6, West Bengal",India,23.43319157,88.32981731,True
BATL,BAIHATOLA,Madhya Pradesh,SECR,"Boridand, Madhya Pradesh",India,23.231203999999998,82.05862,True
BGQ,BHONGAON,Uttar Pradesh,NCR,"Mainpuri, Uttar Pradesh",India,27.2590416,79.1657234,True
BGHU,Borraguhallu,Andhra Pradesh,ECoR,"Way to Rly Station, Andhra Pradesh",India,18.275624,83.040289,True
BELD,BELKHERA,Madhya Pradesh,WCR,"State Highway 22, Madhya Pradesh",India,22.981891,79.299879,True
BIF,BHAIRONPUR,Madhya Pradesh,WCR,"State Highway 15, Madhya Pradesh",India,22.432086,77.420409,True
BAU,BURHANPUR,Madhya Pradesh,CR,"Burhanpur, Madhya Pradesh",India,21.3343976,76.1986787,True
BJK,BIJORA,Rajasthan,WCR,"Antah, Rajasthan",India,25.145112400000002,76.3956989,True
BDT,BORDUBI ROAD,Assam,NFR,"Madhubon to Naoholia Rd, Assam",India,27.399181,95.314595,True
BPRS,BHOGPUR SIRWAL,Punjab,NR,"Bhogpur, Punjab",India,31.556593699999997,75.6452234,True
BIP,BAHILPURWA,Uttar Pradesh,NCR,"National Highway 76, Uttar Pradesh",India,25.137088000000002,80.998599,True
BGWD,BAGEWADI,Karnataka,SWR,"Gokak TQ, Karnataka",India,16.30777084,74.75360002999999,True
BGAN,Bangain,Uttar Pradesh,NER,"Bangain, Uttar Pradesh",India,27.238993,81.90592400000001,True
BID,BIDADI,Karnataka,SWR,"Bengaluru District, Karnataka",India,12.8004252,77.39029839999999,True
BNDI,Barundini,Rajasthan,WCR,"National Highway 76, Rajasthan",India,25.173406,74.93010100000001,True
BDCR,Bhadrachalam Road,Andhra Pradesh,SCR,"Kottagudem, Andhra Pradesh",India,17.550365,80.616024,True
KISN,KALISEN,,,,India,23.1816003962,87.1624991003,False
AYU,ABHAYAPURI ASSAM,Assam,NFR,"Abhayapuri, Assam",India,26.356599,90.641696,True
BFT,Bhabta,West Bengal,ER,"Bhabta, West Bengal",India,23.9869677,88.241584,True
BHLP,BHULANPUR,Uttar Pradesh,NER,"Varanasi, Uttar Pradesh",India,25.2878753,82.9575192,True
BAHP,Band Hamirpur,Uttar Pradesh,NR,"State Highway 38, Uttar Pradesh",India,26.32975,80.744382,True
BLSD,Balsamand,Rajasthan,NWR,"Didwana, Rajasthan",India,27.581307,74.473873,True
BEE,Bebejia,Assam,NFR,"National Highway 37, Assam",India,26.310185,92.640956,True
BAA,Barala,West Bengal,ER,"Murshidabad District, West Bengal",India,24.300532,88.039851,True
BDZ,Badkulla,West Bengal,ER,"State Highway 11, West Bengal",India,23.3046657,88.526557,True
BIGA,Bigga,Rajasthan,NWR,"National Highway 11, Rajasthan",India,28.0474529072,74.20137015629999,True
BAYD,Beyad,Gujarat,WR,"Sabarkantha, Gujarat",India,23.216364,73.20732600000001,True
BBLA,Bhyabla Halt,West Bengal,ER,"Basirhat, West Bengal",India,22.654259999999997,88.854932,True
BHAN,Bhoyani,Gujarat,WR,"State Highway 133, Gujarat",India,23.358779,72.234682,True
BK,Bakra Road,Rajasthan,NWR,"Jalor, Rajasthan",India,25.2130523,72.487603,True
BBJ,Babaganj,Uttar Pradesh,NER,"Babaganj, Uttar Pradesh",India,27.964290000000002,81.568611,True
BBT,Birati,West Bengal,ER,"Kolkata, West Bengal",India,22.66472,88.42761300000001,True
AWH,Alewahi,Maharashtra,SECR,"Palasgaon, Maharashtra",India,20.38793,79.71014699999999,True
BDMA,Budhma,Bihar,ECR,"National Highway 107, Bihar",India,25.902768,86.85700899999999,True
BGLI,Bargolai,Assam,NFR,"Ledo, Assam",India,27.287485999999998,95.703548,True
BLAX,BARLAI,Madhya Pradesh,WR,"Indore, Madhya Pradesh",India,22.894163,75.962109,True
BSAE,BANSH BARIA,West Bengal,ER,"Bansberia, West Bengal",India,22.957288000000002,88.395641,True
BRHL,BARYAL HIMACHAL,Himachal Pradesh,NR,"Baryal, Himachal Pradesh",India,32.025465000000004,76.100072,True
CHKE,Challakere,Karnataka,SWR,"Chitradurga, Karnataka",India,14.315154000000001,76.66001700000001,True
BRND,BORIDAND,Madhya Pradesh,SECR,"Shahdol, Madhya Pradesh",India,23.267799,82.178765,True
CHRM,Chirmiri,Chhattisgarh,SECR,"Chirimiri, Chhattisgarh",India,23.1894855,82.34955079999999,True
BPKA,BHOPALKA,Gujarat,WR,"Jamnagar, Gujarat",India,22.122780300000002,69.3687405,True
BNKH,BHAIRANAYAKANAH,Karnataka,SWR,"State Highway 74, Karnataka",India,13.194258,77.38339300000001,True
ALN,ALANDI,Maharashtra,CR,"Ramdara Rd, Maharashtra",India,18.451229,74.09309499999999,True
BRLA,BRAYLA CHAURASI,Madhya Pradesh,WR,"Badayla Chorasi Rd, Madhya Pradesh",India,23.5556827445,75.0927610413,True
BQG,Bhagwangola,West Bengal,ER,"Station Rd, West Bengal",India,24.333178,88.309816,True
BQM,Barelipur,Madhya Pradesh,CR,"Nayagaon, Madhya Pradesh",India,22.051583,78.407732,True
BNA,BANNI KOPPA,Karnataka,SWR,"National Highway 63, Karnataka",India,15.40662732,75.94180892,True
BKU,BHIKNUR,Andhra Pradesh,SCR,"Nizamabad, Andhra Pradesh",India,18.1644907169,78.39915082280001,True
BLSA,BOLSA,Maharashtra,SCR,"Dharmabad, Maharashtra",India,19.0012905282,77.7029205847,True
BMBE,BIMBARI,Maharashtra,SCR,"Bhokar, Maharashtra",India,19.164065,77.631226,True
BOKR,BHOKAR,Maharashtra,SCR,"Bhokar, Maharashtra",India,19.213965,77.666535,True
CAG,CHHABRA GUGOR,Rajasthan,WCR,"Baran, Rajasthan",India,24.680339,76.850989,True
CJW,CHAJAWA,Rajasthan,WCR,"Baren, Rajasthan",India,25.008594000000002,76.580569,True
BKTW,Baikunth,,,,India,21.489690999999997,81.777975,False
ADB,ADILABAD,Andhra Pradesh,SCR,"Adilabad, Andhra Pradesh",India,19.680104,78.535285,True
BPM,BAGPAT ROAD,Uttar Pradesh,NR,"Bagpat, Uttar Pradesh",India,28.957503,77.272589,True
CIV,Chinnaravuru,Andhra Pradesh,SCR,"Tenali, Andhra Pradesh",India,16.224010999999997,80.655843,True
CHI,CHIPLUN,Maharashtra,KR,"Chiplun, Maharashtra",India,17.542507399999998,73.522429,True
CAN,KANNUR,Kerala,SR,"Kannur, Kerala",India,11.870694199999999,75.3683267,True
BNG,Barnagar,Madhya Pradesh,WR,"Barnagar, Madhya Pradesh",India,23.0304117,75.6111208,True
MPL,Madanapalle Road,Andhra Pradesh,SCR,"Madanapalle Road Station, Andhra Pradesh",India,13.644442,78.55442400000001,True
BRQ,BAGRAKOT,West Bengal,NFR,"National Highway 31, West Bengal",India,26.87063169,88.58596154,True
BNQ,BANARHAT,West Bengal,NFR,"National Highway 31C, West Bengal",India,26.797885,89.025682,True
BMJ,Bridgemanganj,Uttar Pradesh,NER,"Bridgmanganj, Uttar Pradesh",India,27.195536999999998,83.197098,True
BRK,Bahraich,Uttar Pradesh,NER,"Bahraich, Uttar Pradesh",India,27.581536,81.6075183,True
BRMX,Barmi,Uttar Pradesh,NR,"Barmi, Uttar Pradesh",India,27.489413,80.56082099999999,True
BNW,Bhiwani,Haryana,NWR,"Bhiwani, Haryana",India,28.7984261,76.1255797,True
BNSA,Banbasa,Uttarakhand,NER,"H01, Uttarakhand",India,28.991685,80.0732101,True
BSHT,Basirhat,West Bengal,ER,"Basirhat, West Bengal",India,22.650516,88.86896,True
CHRU,CHAMRUA,Uttarakhand,NER,"Chamrua, Uttarakhand",India,28.796205999999998,79.13898800000001,True
ANP,ANANDTANDAVPUR,Tamil Nadu,SR,"Uluthakuppai, Tamil Nadu",India,11.143966349,79.6576745148,True
ANGR,ANGADGERI HALT,Karnataka,SWR,"Angadgeri, Karnataka",India,16.451873659999997,75.84589116000001,True
AAY,ARALVAYMOZHI,Tamil Nadu,SR,"Dist. Kanniyakumari, Tamil Nadu",India,8.2494513612,77.5292646945,True
ALNP,Akelahanspur Halt,Uttar Pradesh,NER,"Akelahanspur, Uttar Pradesh",India,28.34054,80.31557099999999,True
BAH,BHABHAR,Gujarat,WR,"SH 72, Gujarat",India,24.065279999999998,71.615774,True
AON,ARAON,Uttar Pradesh,NCR,"Araon, Uttar Pradesh",India,27.114343,78.692248,True
BZLE,BAZARSAU,West Bengal,ER,"Bazarsau, West Bengal",India,23.8757926,88.1828793,True
CHPD,CHEPPAD HALT,Kerala,SR,"Cheppad Railway Station Rd, Kerala",India,9.232679000000001,76.47674199999999,True
CGO,CHHIDGAON,Madhya Pradesh,WCR,"Harda, Madhya Pradesh",India,22.406953,77.314105,True
AJM,Adraj Moti,Gujarat,WR,"Adraj Moti, Gujarat",India,23.258801000000002,72.565608,True
CKR,CHIKODI ROAD,Karnataka,SWR,"Belagavi, Karnataka",India,16.3690477592,74.76949432980001,True
BSR,VASAI ROAD,Maharashtra,WR,"Thane Dist., Maharashtra",India,19.3824486,72.8322217,True
ABGT,ARBAGATTA HALT,Karnataka,SWR,"State Highway 47, Karnataka",India,13.907468,76.13497100000001,True
BTJ,BISHNATHGANJ,Uttar Pradesh,NR,"Pratapgarh, Uttar Pradesh",India,25.801897,81.935379,True
BUS,BADAUSA,Uttar Pradesh,NCR,"National Highway 76, Uttar Pradesh",India,25.248423000000003,80.651011,True
ANCR,ANCHURI,West Bengal,SER,"National Highway 60A, West Bengal",India,23.283904,86.993174,True
BSZ,Bharwa Sumerpur,Uttar Pradesh,NCR,"Hamirpur, Uttar Pradesh",India,25.825412999999998,80.167419,True
BSW,Baneswar,West Bengal,NFR,"Baneswar, West Bengal",India,26.388205,89.494466,True
PTN,PATAN,Gujarat,WR,"Patan, Gujarat",India,23.853292,72.13167200000001,True
ABZ,Adgaon Buzurg,Maharashtra,SCR,"Akola, Maharashtra",India,21.123876,76.955924,True
ADE,ADARI ROAD,Gujarat,WR,"kadukada to railway fatak, Gujarat",India,20.986794999999997,70.330818,True
AMC,Amritapura,Karnataka,SWR,"State Highway 48, Karnataka",India,14.1395487324,76.24556342560001,True
CDA,CHUDA,Gujarat,WR,"State Highway 38, Gujarat",India,22.495211350199998,71.7500982013,True
AKS,ANKUSPUR,Uttar Pradesh,NER,"National Highway 29, Uttar Pradesh",India,25.5713190547,83.4940121521,True
ANO,ANJANI,Maharashtra,KR,"Anjani, Maharashtra",India,17.620604999999998,73.399308,True
APDC,Alipur Duar Court,West Bengal,NFR,"Alipur Duar, West Bengal",India,26.499254999999998,89.526808,True
CDK,CHANDKHERA ROAD,Gujarat,WR,"Ahmedabad, Gujarat",India,23.111868,72.563224,True
CGHD,CHINNADAGUDI,Karnataka,SWR,"Nanjungudu-Chamarajanagara Rd, Karnataka",India,12.084594000000001,76.732445,True
CJS,CHARAMULA KUSUM,Chhattisgarh,ECoR,"Bhansuli Kotpad PMGSY Rd, Chhattisgarh",India,19.020403,82.401044,True
BTGH,Bettadnagenhali,Karnataka,SWR,"Amritapura, Karnataka",India,14.1738302683,76.2593350818,True
ADR,Mandi Adampur,Haryana,NWR,"Hisar, Haryana",India,29.283136000000002,75.468851,True
BSUR,Bisalpur,Uttar Pradesh,NER,"Bisalpur, Uttar Pradesh",India,28.290515999999997,79.812599,True
ANC,Annechakanahali,Karnataka,SWR,"Annechakanahali, Karnataka",India,12.7379,76.282814,True
CCI,Chinnekuntapali,Andhra Pradesh,SCR,"Chennai - Anantpur Rd, Andhra Pradesh",India,14.4427884187,77.8420563,True
BTRI,Bitrol,Uttar Pradesh,NER,"State Highway 33, Uttar Pradesh",India,27.984069,78.92398,True
AGCI,Angadi,Gujarat,WR,"National Highway 59, Gujarat",India,22.806751,73.282558,True
ALS,Amlori Sarsar,Bihar,NER,"Siwan, Bihar",India,26.2947140024,84.3455775659,True
BFE,BAHAWAL BASI,Punjab,NR,"National Highway 15, Punjab",India,30.147265,74.279311,True
AXK,ASOKHAR,Madhya Pradesh,NCR,"State Highway 19, Madhya Pradesh",India,26.525539,78.55585400000001,True
AXA,AMARSAR,Gujarat,WR,"Rajkot, Gujarat",India,22.585991,70.91711000000001,True
BENL,BENL,Karnataka,SWR,"Dam Inspection Rd, Karnataka",India,16.384407,75.882249,True
BBW,BODARWAR,Uttar Pradesh,NER,"State Highway 64, Uttar Pradesh",India,26.8780004923,83.6381910315,True
BAJE,Bajakare Halt,Karnataka,SWR,"Panja Kadaba Rd, Karnataka",India,12.720476000000001,75.508955,True
AMQ,AMMUGUDA,Andhra Pradesh,SCR,"Secunderabad, Andhra Pradesh",India,17.487039,78.527215,True
BBA,BABRALA,Uttar Pradesh,NR,"Babrala, Uttar Pradesh",India,28.2664932,78.4034137,True
ALW,ALWAL,Andhra Pradesh,SCR,"Secunderabad, Andhra Pradesh",India,17.505779,78.515006,True
ATE,ATARRA,Uttar Pradesh,NCR,"Dist. Banda(05192-224813), Uttar Pradesh",India,25.291367,80.576491,True
AWL,ALAWALPUR,Punjab,NR,"Jalandhar, Punjab",India,31.425164,75.642236,True
AZP,AYYAMPET,Tamil Nadu,SR,"Ayyampet, Tamil Nadu",India,10.896267,79.206701,True
ASK,ARSIKERE JN,Karnataka,SWR,"Arasikere, Karnataka",India,13.314425,76.2520848,True
BAL,BUDALUR,Tamil Nadu,SR,"SH 99, Tamil Nadu",India,10.782843000000002,78.981443,True
BAZ,BARAN,Rajasthan,WCR,"Baran, Rajasthan",India,25.0967701,76.50512839999999,True
AVRD,ARAVALI ROAD,Maharashtra,KR,"Kochi - Panavel Rd, Maharashtra",India,17.316531,73.53816,True
BBGN,Barua Bamungaon,Assam,NFR,"Barua Bamungaon, Assam",India,26.662157,93.944693,True
ANT,Anantnag,Jammu and Kashmir,NR,"Anantnag, Jammu and Kashmir",India,33.738534244499846,75.10713108815253,True
BDPA,Badalpur Ph,West Bengal,,"State Highway 4, West Bengal",India,21.710487,87.616227,True
AVS,Auvaneeswaram,Kerala,SR,"Avaneeswaram Pathanapuram Rd, Kerala",India,9.036513,76.852807,True
BDHN,Bodhan,Andhra Pradesh,SCR,"Bodhan, Andhra Pradesh",India,18.645933,77.8881657,True
BED,Baseri,Uttar Pradesh,NCR,"Baseri, Uttar Pradesh",India,26.74699159,77.54301509999999,True
BDBG,Badhai Balamgarh Halt,Punjab,NR,"Badhai Balamgarh, Punjab",India,30.459894,74.460168,True
AVK,Aravankadu,Tamil Nadu,SR,"Dist. Nilgiris, Tamil Nadu",India,11.359124,76.769203,True
ATW,Atwa Muthia Halt,Uttar Pradesh,NR,"Atwa Muthia, Uttar Pradesh",India,27.273989999999998,80.415479,True
BGMU,Bangarmau,Uttar Pradesh,NR,"Bangarmau, Uttar Pradesh",India,26.89181589,80.22205951000001,True
BCHL,Bacheli,Chhattisgarh,ECoR,"Dhurli-Basenpur Rd, Chhattisgarh",India,18.703461,81.238534,True
BBHT,Barabar Halt,Bihar,,"Vanavar Halt, Bihar",India,25.0558596095,84.9743682056,True
BFJ,Bhoras Budrukh,Maharashtra,CR,"Kargaon Tanda-Chalisgaon Rd, Maharashtra",India,20.538301,75.01429200000001,True
BARL,Baral,Uttar Pradesh,NR,"State Highway 18, Uttar Pradesh",India,28.494092,77.80997500000001,True
BDBA,Badabandha Road,Odisha,ECoR,"Badabandha, Orissa",India,20.276721000000002,86.519951,True
BGD,Bara Gudah,Haryana,NWR,"Bara Gudha, Haryana",India,29.697657,75.00164099999999,True
BLA,BAJALTA,Jammu and Kashmir,NR,"Khana Chorgol, Jammu and Kashmir",India,32.762368,74.953339,True
BHTL,BHATEL,Gujarat,WR,"Jamnagar, Gujarat",India,22.164096299999997,69.4936287,True
TSS,TALLI SAIDASAHU,Punjab,NR,"Talhi Saidasahu, Punjab",India,31.03264,74.748404,True
BDWS,BADARWAS,Madhya Pradesh,WCR,"Badarwas, Madhya Pradesh",India,24.983339819999998,77.56182792,True
BJPL,BAIJNATH PAPROLA,Himachal Pradesh,NR,"Paprola, Himachal Pradesh",India,32.050368999999996,76.632508,True
BLL,BANTANAHAL,Andhra Pradesh,SCR,"Rayalaseema Region, Andhra Pradesh",India,15.16290019,77.27572365,True
BMA,BAGMAR,Madhya Pradesh,CR,"East Nimar, Madhya Pradesh",India,21.7371288607,76.3616019397,True
BLWD,BOLWAD,Maharashtra,CR,"Bolwad, Maharashtra",India,16.823851,74.719998,True
BMNI,BAMANI,Maharashtra,CR,"State Highway 161, Maharashtra",India,17.512801,75.23764299999999,True
BNY,Barhni,Uttar Pradesh,NER,"Semari - Bisokhar Rd, Uttar Pradesh",India,27.4957951,82.7918337,True
BDVT,Bhadravati,Karnataka,SWR,"Bhadravati, Karnataka",India,13.842428700000001,75.702832,True
BMKI,BAPUDHAM MOTIHARI,Bihar,ECR,"Motihari, Bihar",India,26.655732999999998,84.90529000000001,True
BIRD,BHIWANDI ROAD,Maharashtra,CR,"Bhiwandi, Maharashtra",India,19.268544000000002,73.045654,True
BI,BARI SADRI,Rajasthan,NWR,"Bari Sadri, Rajasthan",India,24.411465,74.468715,True
BLD,BHILAD,Gujarat,WR,"Bhilad, Gujarat",India,20.275323200000003,72.887446,True
ALMW,ALMAW,Uttar Pradesh,NER,"Allahabad, Uttar Pradesh",India,25.259915,82.489941,True
BGX,BAGRI SAJJANPUR,Rajasthan,NWR,"Haripur, Rajasthan",India,25.916759000000003,73.821842,True
VTP,VASTRAPUR,Gujarat,WR,"Ahmedabad, Gujarat",India,23.00802,72.517982,True
BNTH,BANDHNATH,Gujarat,WR,"Shapur, Gujarat",India,21.434145,70.356879,True
BIJR,BIJOOR,Karnataka,KR,"Udupi, Karnataka",India,13.8221962,74.6420535,True
BNS,BANAS,Rajasthan,NWR,"Sirohi Road, Rajasthan",India,24.7131638,72.98872560000001,True
BILP,Bhilpur,Gujarat,WR,"Vadodara, Gujarat",India,22.196154999999997,73.323477,True
BGPR,BHAGWANPURA,Rajasthan,NWR,"Somesar, Rajasthan",India,25.419012000000002,73.36331200000001,True
BGG,BANTA RAGHUNATHGARH,Rajasthan,NWR,"Somesar, Rajasthan",India,25.60180707,73.52738176000001,True
BJPR,Bijaipur Road,Madhya Pradesh,NCR,"Bijaipur Road, Madhya Pradesh",India,26.196877,77.305586,True
BMY,Bamiana,Uttar Pradesh,NER,"To Vishartganj, Uttar Pradesh",India,28.26312382,79.3291058,True
BNHR,Banbihari Gwalipur,Odisha,ECoR,"State Highway 12, Orissa",India,20.33902661,86.20503345,True
BHAT,Bhatpura,Madhya Pradesh,NCR,"State Highway 2, Madhya Pradesh",India,26.327284000000002,77.674711,True
BINR,Brij Nagar,Rajasthan,NCR,"Bharatpur, Rajasthan",India,27.439639,77.089708,True
BKS,Balikotia,Assam,NFR,"Mathaouri Rd, Assam",India,26.46830942,92.57044308,True
BIR,Bir,Madhya Pradesh,WCR,"East Nimar, Madhya Pradesh",India,22.05264,76.547232,True
BHDR,Bhadri,Uttar Pradesh,NR,"National Highway 24B, Uttar Pradesh",India,25.6766583,81.56775470000001,True
BEDM,Bedham,Rajasthan,NCR,"State Highway 14, Rajasthan",India,27.453929,77.209461,True
BPB,BADARPUR JN,Assam,NFR,"03845-269546., Assam",India,24.865177499999998,92.5563227,True
GTU,GHAT NANDUR,Maharashtra,SCR,"Ghat Nadur, Maharashtra",India,18.722977999999998,76.563483,True
BNTL,Bantawala,Karnataka,SWR,"Bantwal, Karnataka",India,12.878545,75.034456,True
BRBL,Birahalli,Karnataka,SWR,"Birahalli, Karnataka",India,12.667132,76.38519600000001,True
BSCK,BASUCHAK,Uttar Pradesh,NER,"Basuchak-Rampur Mangha Rd, Uttar Pradesh",India,25.53140767,83.34822341,True
AND,ANDAMPALIAM,Tamil Nadu,SR,"Maniyam St, Tamil Nadu",India,12.088426380000001,79.16898527,True
BRZ,BARETA,Punjab,NR,"Bareta, Punjab",India,29.859333900000003,75.69240260000001,True
BRGW,BARGAWAN,Madhya Pradesh,WCR,"Bargawa, Madhya Pradesh",India,24.197002,82.455989,True
BSY,BARSATHI,Uttar Pradesh,NR,"State Highway 36, Uttar Pradesh",India,25.564132999999998,82.473946,True
BUF,Bimlagarh Junction,Odisha,SER,"Sundargarh, Orissa",India,21.964332,85.017326,True
BSKR,BASI KIRATPUR,Uttar Pradesh,NR,"Kiratpur, Uttar Pradesh",India,29.497228000000003,78.213283,True
CDS,CHANDISAR,Gujarat,WR,"Banaskantha, Gujarat",India,24.2064915,72.3128162,True
BTI,BHATINDA JN,Punjab,NR,"Bathinda, Punjab",India,30.209488,74.932083,True
BTZ,BALIMARA,Assam,NFR,"Naharkatiya to Nigam Rd, Assam",India,27.236867999999998,95.333576,True
PTK,PATHANKOT,Punjab,NR,"NH 20, Punjab",India,32.271804,75.644427,True
BVNR,BHAVANI NAGAR,Maharashtra,CR,"Tasgaon Rd, Maharashtra",India,17.156895,74.312946,True
BQP,Bighapur,Uttar Pradesh,NR,"State Highway 38, Uttar Pradesh",India,26.3551471,80.6934544,True
AMLR,AMALA NAGAR,Kerala,SR,"Thrissur, Kerala",India,10.561834,76.171838,True
BTC,Balaghat Junction,Madhya Pradesh,SECR,"Balaghat, Madhya Pradesh",India,21.8116285,80.19988529999999,True
BOTI,Baori Thikria,Rajasthan,NWR,"National Highway 11, Rajasthan",India,27.41454869,75.511335,True
BOF,Barog,Himachal Pradesh,NR,"Barog, Himachal Pradesh",India,30.890852900000002,77.0829696,True
BSTP,Basantapur,Odisha,ECoR,"National Highway 215, Orissa",India,21.548768,85.67658999999999,True
BTM,Battulapuram,Andhra Pradesh,SCR,"Battulapuram Station, Andhra Pradesh",India,13.74759508,78.30580244,True
BSWA,Baiswara,Uttar Pradesh,NR,"State Highway 38, Uttar Pradesh",India,26.284843000000002,80.83471200000001,True
AMJ,Amin Gaon,Assam,NFR,"Guwahati, Assam",India,,,True
AMNR,Ammanur,Tamil Nadu,SR,"Mazavarayanallu Rd, Tamil Nadu",India,,,True
BPC,Berhampore Court,West Bengal,ER,"Berhampore, West Bengal",India,24.0890841,88.263642,True
AMM,Atirampattinam,Tamil Nadu,SR,"Muthupet, Tamil Nadu",India,10.332285228976446,79.38580758869648,True
CRWA,Chirawa,Rajasthan,NWR,"SH 13, Rajasthan",India,28.223341365041605,75.65068451687694,True
ANKI,Anakhi,Gujarat,WR,"Bharuch, Gujarat",India,,,True
ANW,Anawal,Gujarat,WR,"Anawal, Gujarat",India,,,True
BWC,Banwali,Rajasthan,NWR,"Sri Ganganagar, Rajasthan",India,29.91997899999999,74.029894,True
BT,Barasat,West Bengal,ER,"Kolkata, West Bengal",India,22.723879999999998,88.48348299999999,True
BYP,Baijnathpur,Bihar,ECR,"State Highway 59, Bihar",India,25.901014,86.653766,True
BPD,Bahadurpur,West Bengal,ER,"Bahadurpur, West Bengal",India,23.438519499999998,88.4633792,True
BXF,Barsuan,Odisha,SER,"Sundargarh, Odisha",India,21.847398000000002,85.119799,True
AMO,Amolwa,Bihar,ECR,"Pashchim Champaran, Bihar",India,27.211161,84.478487,True
BXN,BAYANA JN,Rajasthan,WCR,"Bayana, Rajasthan",India,26.916354000000002,77.29713100000001,True
SKEN,Sukhshena,,,,India,25.790577,87.111962,False
DNRP,DUNGARPUR,Rajasthan,NWR,"State Highway 10, Rajasthan",India,23.867175000000003,73.69546199999999,True
CHBR,CHAURE BAZAR,Uttar Pradesh,NR,"State Highway 9, Uttar Pradesh",India,26.469531,82.118735,True
DDW,DUDWA,Uttar Pradesh,NER,"Dudwa, Uttar Pradesh",India,28.50831,80.672161,True
CKE,CHOKI SORATH,Gujarat,WR,"National Highway 8D, Gujarat",India,21.659142000000003,70.525813,True
CIH,Chilhia,Uttar Pradesh,NER,"State Highway 1A, Uttar Pradesh",India,27.35207,82.990864,True
DGLE,DHULIAN GANGA,West Bengal,ER,"National Highway 34, West Bengal",India,24.672086,87.937644,True
CDM,CHIDAMBARAM,Tamil Nadu,SR,"Chidambaram, Tamil Nadu",India,11.391471000000001,79.7033411,True
COO,CHHOTI ODAI,Rajasthan,WCR,"SH 25, Rajasthan",India,26.558703,76.805294,True
CAMU,CHAMUA,Bihar,ECR,"National Highway 28B, Bihar",India,27.137702177799998,84.40083419070001,True
DHLI,Dethli,Gujarat,WR,"State Highway 19, Gujarat",India,23.486172,72.10305100000001,True
DHAE,DAINHAT,West Bengal,ER,"Daihaat Rd, West Bengal",India,23.60191,88.17026899999999,True
DAD,DEVARGUDDA,Karnataka,SWR,"Hanumanamatti, Karnataka",India,14.66779,75.57614099999999,True
DEW,Dewalgaon,Maharashtra,SECR,"Warsa Rd, Maharashtra",India,20.8911603401,80.0792665497,True
BWSN,BIJWASAN,Delhi,NR,"Bijwasan, Delhi NCT",India,28.536700000000003,77.051292,True
DBS,DOBBSPET,Karnataka,SWR,"Dobbasapete, Karnataka",India,13.2331801567,77.2491554279,True
DCK,DHANDHUKA,Gujarat,WR,"Dhandhuka, Gujarat",India,22.384024,71.975613,True
COB,Cooch Behar,West Bengal,NFR,"Cooch Behar, West Bengal",India,26.3029681,89.6653098,True
CQA,Cherukara,Kerala,SR,"Cherukara, Kerala",India,10.929228,76.22811899999999,True
DEE,DELHI SARAI ROHILLA,Delhi,NR,"New Rohtak road, Delhi NCT",India,28.662992,77.187106,True
DBSI,DAYA BASTI,Delhi,NR,"Zakhira, Delhi NCT",India,28.667329000000002,77.17138999999999,True
CWN,Charawan,Punjab,NR,"State Highway 16, Punjab",India,30.501186999999998,74.578082,True
DOB,Dundlodh Mukundgarh,Rajasthan,NWR,"Mukandgarh, Rajasthan",India,27.93879936977548,75.23735384456813,True
BWK,Bawani Khera,Haryana,NWR,"Bawani Khera, Haryana",India,28.939509,76.032707,True
BARU,Baharu,West Bengal,ER,"Baharu, West Bengal",India,22.205278,88.44446,True
DOX,DOHNA,Uttar Pradesh,NER,"State Highway 37, Uttar Pradesh",India,28.434064000000003,79.432729,True
DKJ,DORNAKAL JN,Andhra Pradesh,SCR,"Garla, Andhra Pradesh",India,17.445987000000002,80.153157,True
GGC,GANGAPUR CITY,Rajasthan,WCR,"Gangapur, Rajasthan",India,26.468979,76.72770799999999,True
DMPR,DHARAMPUR,Uttar Pradesh,NR,"National Highway 93, Uttar Pradesh",India,28.150306,78.265728,True
DJI,DHORAJI,Gujarat,WR,"Dhoraji, Gujarat",India,21.72217,70.44478000000001,True
DLD,DALAUDA,Madhya Pradesh,WR,"Dalauda, Madhya Pradesh",India,23.948636999999998,75.105361,True
TKRU,TAKHRAU,Uttar Pradesh,NCR,"Takhrau, Uttar Pradesh",India,27.274196,79.212452,True
DSK,DUSKHEDA,Maharashtra,CR,"Jalgaon, Maharashtra",India,21.073708,75.839083,True
DING,Ding,Haryana,NWR,"Sirsa, Haryana",India,29.461053699999997,75.2606046,True
DHPD,DHAPARA DHAM,West Bengal,ER,"National Highway 34, West Bengal",India,24.195866000000002,88.246087,True
DNE,DHAMNI,Maharashtra,SCR,"Hingoli, Maharashtra",India,19.647058,77.177888,True
DHRJ,DHIRGANJ,Uttar Pradesh,NR,"State Highway 9, Uttar Pradesh",India,25.745642,81.924339,True
GDG,GADAG JN,Karnataka,SWR,"Gadag, Karnataka",India,15.437048,75.642481,True
DNJ,DAUNDAJ,Maharashtra,CR,"Indraprastha Rd, Maharashtra",India,18.2300065666,74.176780918,True
DVG,DAVANGERE,Karnataka,SWR,"Davanagere, Karnataka",India,14.467834,75.92229,True
DRGM,DEORAGRAM,Madhya Pradesh,WCR,"Gajarbahara, Madhya Pradesh",India,24.096925000000002,82.35246400000001,True
DMYA,DAMOY,Madhya Pradesh,WCR,"State Highway 11, Madhya Pradesh",India,23.971207999999997,80.99678700000001,True
DRU,KADUR,Karnataka,SWR,"Kadur, Karnataka",India,13.552501000000001,76.008846,True
DTN,DHAMTAN SAHIB,Haryana,NR,"Jind District, Haryana",India,29.688827,76.004006,True
FDK,FARIDKOT,Punjab,NR,"Faridkot, Punjab",India,30.682857,74.76137999999999,True
DULP,Daulatpur Haryana,Haryana,NR,"National Highway 65, Haryana",India,29.452122999999997,75.88859,True
DPSR,Dapsaura,Uttar Pradesh,NCR,"National Highway 86, Uttar Pradesh",India,25.983503,80.202954,True
DMF,Dumerta,Odisha,SER,"Rourkela, Orissa",India,22.185683,84.914683,True
DPJ,Dharmapuri,Tamil Nadu,SWR,"Dharmapuri, Tamil Nadu",India,12.126595,78.154742,True
DVA,Delvada,Gujarat,WR,"Delvada, Gujarat",India,20.773429,71.041529,True
DKU,Dumri Khurd,Maharashtra,SECR,"Dumri Khurd, Maharashtra",India,21.310416,79.312269,True
DNX,Dhansu,Haryana,NR,"National Highway 65, Haryana",India,29.211731,75.801658,True
DIBL,Dholi Bhal,Gujarat,WR,"Rayaka, Gujarat",India,22.44572,72.0826,True
DSPN,Deshpran Ph,West Bengal,,"Bajkul, West Bengal",India,22.029346999999998,87.817047,True
DTJ,Detroj,Gujarat,WR,"State Highway 133, Gujarat",India,23.332027810299998,72.1765459082,True
GRN,GURNAY,Punjab,NR,"MDR 102, Punjab",India,29.874366636999998,75.80467660219999,True
GILL,GILL,Punjab,NR,"Ludhiana, Punjab",India,30.840521000000003,75.848169,True
DTL,DARRITOLA,Chhattisgarh,SECR,"National Highway 78, Chhattisgarh",India,23.289638,82.395751,True
DWT,Dewan Hat,West Bengal,NFR,"Dewan, West Bengal",India,26.3029681,89.6653098,True
FNO,FUNGO HALT,Bihar,ECR,"Fungo, Bihar",India,25.6187302859,86.6044763025,True
FRD,FARHEDI,Uttar Pradesh,NR,"Moradabad- Chandausi Rd, Uttar Pradesh",India,28.711716968,78.7937161591,True
GKJ,GOLAKGANJ,Assam,NFR,"Golokganj, Assam",India,26.108359,89.83064999999999,True
FTC,Fatehpur Chursi,Uttar Pradesh,NR,"State Highway 38, Uttar Pradesh",India,26.843511,80.26179,True
GNGL,Gangauli,Uttar Pradesh,NER,"Jaunpur, Uttar Pradesh",India,25.668107000000003,82.86309299999999,True
GKK,GOKAK ROAD,Karnataka,SWR,"Belagavi, Karnataka",India,16.205164,74.738839,True
GRRG,GURLI RAMGARHWA,Uttar Pradesh,NER,"Ghughli Bazar, Uttar Pradesh",India,27.185738999999998,83.771432,True
FKB,FAKHRABAD,Andhra Pradesh,SCR,"Basara, Andhra Pradesh",India,18.824644,77.974481,True
GPR,GHORPURI,Maharashtra,CR,"Pune, Maharashtra",India,18.5278209233,73.893448392,True
GHL,GOLHALLI,Karnataka,SWR,"State Highway 74, Karnataka",India,13.148289,77.413983,True
FSW,Fateh Singhwala,Rajasthan,NWR,"Sri Ganganagar, Rajasthan",India,29.91997899999999,74.029894,True
DYK,DUDHIA KHURD,Uttar Pradesh,NER,"State Highway 21, Uttar Pradesh",India,28.46474,80.19780499999999,True
GND,Govindgarh Malikpur,Rajasthan,NWR,"Govindgarh, Rajasthan",India,27.240582,75.64500100000001,True
GNO,GOREGAON ROAD,Maharashtra,KR,"Raigad, Maharashtra",India,18.162498,73.30253,True
DWV,DIWANKHAVATI,Maharashtra,KR,"Maharashtra, Maharashtra",India,17.855413000000002,73.418174,True
GMDN,GIRIMAIDAN,West Bengal,SER,"Kharagpur, West Bengal",India,22.340478,87.306151,True
GSB,GARNA SAHIB,Punjab,NR,"National Highway 1A, Punjab",India,31.7805618081,75.65349208250001,True
GKL,GOKULPUR,West Bengal,SER,"Midnapore, West Bengal",India,22.375923,87.293716,True
GLMA,GULMA,West Bengal,NFR,"National Highway 31, West Bengal",India,26.802802,88.403784,True
EN,ISAND,Gujarat,WR,"Khodiyar, Gujarat",India,23.294039,72.484975,True
DXN,DUDDHINAGAR,Uttar Pradesh,ECR,"Sonebhadra, Uttar Pradesh",India,24.2090318514,83.21679153630001,True
GAJB,GAJARA BAHARA,Madhya Pradesh,WCR,"Gajarbahara, Madhya Pradesh",India,24.05344,82.31176099999999,True
GMM,Gumman,Himachal Pradesh,NR,"Parwanoo, Himachal Pradesh",India,30.842438,76.97194,True
GBRI,Gobarwahi,Maharashtra,SECR,"State Highway 251, Maharashtra",India,21.514747,79.723237,True
DRZ,Dalli Rajhara,Chhattisgarh,SECR,"Dalli Rajhara, Chhattisgarh",India,20.586729,81.067973,True
GRHM,Gir Hadmatiya,Gujarat,WR,"Jambur, Gujarat",India,20.988488,70.687208,True
GRKN,Gorakhnath,Odisha,ECoR,"Jagatsinghpur, Orissa",India,20.308158000000002,86.260098,True
BGL,Bagula,West Bengal,ER,"Bagula, West Bengal",India,23.335464709999997,88.64640372000001,True
GHS,Guru Harsahai,Punjab,NR,"Panjeke, Punjab",India,30.715001,74.399987,True
GEB,Garh Baruari,Bihar,ECR,"Garh Baruari, Bihar",India,26.019349,86.605596,True
GAD,Gevra Road,Chhattisgarh,SECR,"Korba, Chhattisgarh",India,22.348523999999998,82.64566,True
GHRI,Ghori Halt,Uttar Pradesh,NR,"sharda nehar, Uttar Pradesh",India,27.373959,80.503293,True
GJMB,Ganjmuradabad,Uttar Pradesh,NR,"Sharda Nehar, Uttar Pradesh",India,26.987889000000003,80.177008,True
GAJU,Gaju Halt,Uttar Pradesh,NR,"State Highway 25, Uttar Pradesh",India,27.204231,80.37297299999999,True
GNN,GANGINENI,Andhra Pradesh,SCR,"Yerrupalem, Andhra Pradesh",India,16.781754,80.498954,True
HRW,HARRAWALA,Uttarakhand,NR,"Dehradun, Uttarakhand",India,30.260892,78.097705,True
NGRS,NAGROTA SURIYAM,Himachal Pradesh,NR,"State Highway 22, Himachal Pradesh",India,32.051899,76.09101,True
HLN,Hole Narsipur,Karnataka,SWR,"Hassan District, Karnataka",India,12.786494999999999,76.24646,True
HGL,HARANGUL,Maharashtra,CR,"State Highway 77, Maharashtra",India,18.385198,76.48091199999999,True
HBL,HOMBAL,Karnataka,SWR,"Belavaniki, Karnataka",India,15.520135999999999,75.576122,True
HD,HARDA,Madhya Pradesh,WCR,"Harda, Madhya Pradesh",India,22.338414,77.10084,True
HTL,HATIKHALI,Assam,NFR,"North Cachar Hills, Assam",India,25.611069999999998,93.09084800000001,True
JAO,JAORA,Madhya Pradesh,WR,"Jaora, Madhya Pradesh",India,23.627772999999998,75.11563199999999,True
HMK,HINDUMALKOTE,Rajasthan,NR,"National Highway 15, Rajasthan",India,30.147102999999998,73.925834,True
GUNS,GHUNAS,Punjab,NR,"Ghunas Railway Station, Punjab",India,30.320113000000003,75.420592,True
HA,HARGAON,Uttar Pradesh,NER,"Hargaon, Uttar Pradesh",India,27.769192,80.728229,True
HMG,HAMIRGARH,Rajasthan,NWR,"Hamirgarh, Rajasthan",India,25.187264,74.616939,True
HGI,HAGARI,Karnataka,SCR,"National Highway 63, Karnataka",India,15.1512387259,77.0517473206,True
HPRD,HAPA ROAD,Gujarat,WR,"National Highway 8, Gujarat",India,23.540458,72.938107,True
PTB,PATTAMBI,Kerala,SR,"Pattambi, Kerala",India,10.8019329802,76.1813366473,True
PBJM,Pabnawa Jasmahinder Halt,Haryana,NR,"Haryana, Haryana",India,29.895695706599998,76.6527179736,True
HDD,HADDINAGUNDU,Karnataka,SCR,"National Highway 63, Karnataka",India,15.153264,76.979148,True
JMS,JAMSAR,Rajasthan,,"Bikaner, Rajasthan",India,28.24751,73.398985,True
GLPT,GOALPARA TOWN,Assam,NFR,"Goalpara Town Rail Station, Assam",India,26.126534999999997,90.62065899999999,True
HBS,HEBSUR,Karnataka,SWR,"Hebsur, Karnataka",India,15.42206,75.283878,True
GUK,GUNTAKONDURU,Andhra Pradesh,SCR,"P.P.Road, Andhra Pradesh",India,16.45715,81.077533,True
JAL,JAWALI,Rajasthan,NWR,"Rania, Rajasthan",India,25.462722,73.39687099999999,True
HZN,Hazrat Nagar Halt,Uttar Pradesh,NR,"Hazrat Nagar, Uttar Pradesh",India,28.633331000000002,78.665909,True
HLD,Haludpukur,Jharkhand,SER,"State Highway 50, Jharkhand",India,22.7428208,86.2607646,True
GSGJ,Ghausganj,Uttar Pradesh,NR,"Ghausganj, Uttar Pradesh",India,27.135126874500003,80.2918266571,True
JMV,Jambara,Madhya Pradesh,CR,"Amla, Madhya Pradesh",India,21.943048,78.251975,True
HAS,Hassan Junction,Karnataka,SWR,"Hassan, Karnataka",India,13.003182,76.117359,True
HHR,Hridaypur,West Bengal,ER,"Madhyamgram, West Bengal",India,22.711098,88.470282,True
HER,Her,Maharashtra,SCR,"Latur, Maharashtra",India,18.4269033932,76.97130647339999,True
JRKT,JADARAMA KUNTE,Karnataka,SWR,"National Highway 13, Karnataka",India,16.2842670722,75.83866138549999,True
JGW,JOGIWALA,Punjab,NR,"State Highway 19, Punjab",India,31.093842,75.067432,True
IKK,IKKAR,Uttarakhand,NR,"Haridwar, Uttarakhand",India,29.891989,78.099997,True
JCH,JETHA CHANDAN,Rajasthan,NWR,"Chandan, Rajasthan",India,26.999949,71.308307,True
QSR,KANSRAO,Uttarakhand,NR,"Dehradun, Uttarakhand",India,30.0785698608,78.1417954028,True
JSKA,JATAULA SAMPHKA,Haryana,NR,"Hailley Mandi, Haryana",India,28.372602,76.799492,True
JWS,JHARWASAA,Rajasthan,NWR,"Jharwasa, Rajasthan",India,26.210097,74.7074,True
JMKR,JAWLMUKHI ROAD,Himachal Pradesh,NR,"Jwalamukhi, Himachal Pradesh",India,32.015744000000005,76.226427,True
KAWL,KANDWAL HALT,Himachal Pradesh,NR,"Pathankot, Himachal Pradesh",India,32.282959,75.76982299999999,True
KAYR,KAYAR,Maharashtra,,"State Highway 233, Maharashtra",India,19.90643,78.907292,True
JTW,JAITWAR,Madhya Pradesh,WCR,"Jaitwar, Madhya Pradesh",India,24.740226,80.863876,True
JUK,JAULKA,Maharashtra,SCR,"Washim, Maharashtra",India,20.2854429153,77.0759090985,True
JKE,JUKEHI,Madhya Pradesh,WCR,"Jukehi, Madhya Pradesh",India,23.986873000000003,80.432389,True
KANO,Kanoh,Himachal Pradesh,NR,"Sadhupul, Himachal Pradesh",India,30.992082999999997,77.11800600000001,True
JIND,JIND JN,Haryana,NR,"Jind, Haryana",India,29.328875999999998,76.28961699999999,True
JDH,JAM JODHPUR JN,Gujarat,WR,"Jamjodhpur, Gujarat",India,21.906659,70.03138700000001,True
JKB,Jakhalabandha,Assam,NFR,"Jakhalabandha, Assam",India,26.563801,92.991109,True
JVT,JIVANTI HALT,West Bengal,ER,"State Highway 11, West Bengal",India,24.080516999999997,88.192446,True
JMK,JAMUNAMUKH,Assam,NFR,"National Highway 36, Assam",India,26.108194,92.741306,True
KDL,Kankroli,Rajasthan,NWR,"Rajsamand, Rajasthan",India,25.049118999999997,73.909586,True
JRQ,JHAROKHAS,Uttar Pradesh,ECR,"National Highway 75, Uttar Pradesh",India,24.1796156953,83.164150647,True
JEA,Nakaha Jungle,Uttar Pradesh,NER,"Gorakhpur, Uttar Pradesh",India,26.803135,83.360755,True
JOBA,JOBA,Madhya Pradesh,WCR,"Madhya Pradesh, Madhya Pradesh",India,24.096599,81.762682,True
JMN,JAMUAWAN,Bihar,,"Jamuawan, Bihar",India,24.81523,85.292477,True
JRLI,Jaroli,Odisha,,"Juruli, Orissa",India,21.952769,85.419294,True
JSS,JASIA,Haryana,,"National Highway 71A, Haryana",India,29.005748999999998,76.649455,True
KASU,KASU,Maharashtra,CR,"Maharashtra, Maharashtra",India,18.64059,73.079446,True
KAL,Kallai,Tamil Nadu,SR,"Kallal, Tamil Nadu",India,9.977293,78.670312,True
KAWR,KARWAR,Karnataka,KR,"Karwar, Karnataka",India,14.821387,74.183139,True
IPR,Islampur,Bihar,ECR,"Islampur, Bihar",India,25.138577101499997,85.2173007153,True
JDB,JAGDALPUR,Chhattisgarh,ECoR,"Jagdalpur, Chhattisgarh",India,19.066004,82.013757,True
CGKP,CHANDAGIRIKOPAL,Karnataka,SWR,"State Highway 7, Karnataka",India,12.478701999999998,76.716049,True
JWB,JAWAI BANDH,Rajasthan,NWR,"Pali, Rajasthan",India,25.114043000000002,73.14732500000001,True
JJJ,Jaijon Doaba,Punjab,NR,"Jaijon Doaba, Punjab",India,31.349656,76.134971,True
JJG,JiaGanj,West Bengal,ER,"Police Station Rd, West Bengal",India,24.244268,88.27698,True
NGRI,New Garia,,,,India,22.4727,88.397713,False
HSRA,Hosur,Tamil Nadu,SWR,"Hosur, Tamil Nadu",India,12.717606,77.822839,True
KBK,Khamil Ghat,Rajasthan,NWR,"State Highway 61, Rajasthan",India,25.626813000000002,73.864884,True
JCN,Junichavand,Gujarat,WR,"Junichavand, Gujarat",India,21.385151,70.683667,True
KANS,Kansiya Nes,Gujarat,WR,"State Highway 111, Gujarat",India,21.244101999999998,70.64004200000001,True
KDM,KESAMUDRAM,Andhra Pradesh,SCR,"Kesamudram, Andhra Pradesh",India,17.686252,79.89647099999999,True
CNHL,CHINK HILL,Maharashtra,CR,"State Highway 77, Maharashtra",India,18.099269000000003,75.45468500000001,True
KD,KUNDARKHI,Uttar Pradesh,NR,"Kundarki, Uttar Pradesh",India,28.680444428799998,78.7880650638,True
COA,Kakinada Port,Andhra Pradesh,SCR,"Kakinada, Andhra Pradesh",India,16.955204000000002,82.240057,True
JRLE,JANGIPUR ROAD,West Bengal,ER,"Raghunathganj, West Bengal",India,24.459515,88.04076,True
CKTD,CHITRAKUTDHAM KARWI,Uttar Pradesh,NCR,"Chitrakoot Karvi, Uttar Pradesh",India,25.217610999999998,80.922775,True
KCM,Kalasumudram,Andhra Pradesh,SCR,"Chennai - Anantpur Rd, Andhra Pradesh",India,14.21716,78.099683,True
KDK,KOHDAD,Madhya Pradesh,CR,"State Highway 15, Madhya Pradesh",India,21.7026228941,76.36547849,True
CHU,Champion,Karnataka,SWR,"KGF, Karnataka",India,12.936251,78.262564,True
CJR,CHAMARAJ,Gujarat,WR,"State Highway 17, Gujarat",India,22.735539,71.555883,True
CJL,CHAJLI,Punjab,NR,"Jakhal Rd, Punjab",India,30.042985535099998,75.81228634829999,True
KEK,KARKHELI,Maharashtra,SCR,"Biloli, Maharashtra",India,18.944571,77.73819999999999,True
CNPR,CHAINPUR,,ECR,,India,23.729821,85.582933,True
KDI,KUNDLI,Gujarat,WR,"State Highway 38, Gujarat",India,22.2788440574,71.68394941769999,True
CIA,CHHEHARTA,Punjab,NR,"Amritsar, Punjab",India,31.621878000000002,74.794278,True
CNO,CANCONA,Goa,KR,"Ph:-0832-2643331., Goa",India,15.006905999999999,74.039454,True
CJA,CHONGAJAN,Assam,NFR,"local Rd, Assam",India,26.062329,93.818104,True
CLR,CASTLE ROCK,Karnataka,SWR,"National Highway 4A, Karnataka",India,15.397879,74.334484,True
KDO,KADAKOLA,Karnataka,SWR,"Mysore District, Karnataka",India,12.190406999999999,76.663729,True
JPZ,JOGIGHOPA,Assam,NFR,"National Highway 31B, Assam",India,26.241537,90.576384,True
CMK,Chamak,Maharashtra,CR,"Amravati, Maharashtra",India,,,True
KGN,Kurseong,West Bengal,NFR,"Kurseong, West Bengal",India,26.877401000000003,88.277001,True
CKMI,Chhotaki Masaudhi Halt,,,,India,25.330397498299998,85.0317514441,False
KAWT,Kanwat,Rajasthan,NWR,"Kanwat, Rajasthan",India,27.5895214437,75.67626636840001,True
CNN,Chintaman Ganes,Madhya Pradesh,WR,"Ujjain, Madhya Pradesh",India,23.145849,75.741029,True
CMA,Cinnamara,Assam,NFR,"Cinnamora, Assam",India,26.715526999999998,94.169432,True
CMW,Chima Pahad,Andhra Pradesh,SCR,"Khammam, Andhra Pradesh",India,17.516012,80.463656,True
CHTT,Chitta Halt,Uttar Pradesh,NCR,"Chitta Halt, Uttar Pradesh",India,17.823439,77.53707700000001,True
CKD,Charkhi Dadri,Haryana,NWR,"Dist. Bhiwani, Haryana",India,28.600799,76.279921,True
CKSR,Chak Safaura Halt,Uttar Pradesh,NER,"Mighauna, Uttar Pradesh",India,28.211203,79.842478,True
CHWT,Chhaprawat,Uttar Pradesh,NR,"SH 18, Uttar Pradesh",India,28.541970328,77.79989095580001,True
KDBA,Kodimbala Halt,Karnataka,SWR,"Panja Kadaba Rd, Karnataka",India,12.718252,75.476631,True
KEMR,KEMRI,Uttar Pradesh,NER,"MDR 33W, Uttar Pradesh",India,28.809864,79.19779600000001,True
KHTX,KHED TEMPLE HALT,Rajasthan,NWR,"Tilwara, Rajasthan",India,25.886233999999998,72.109226,True
CPU,CHOPAN,Uttar Pradesh,ECR,"Chopan, Uttar Pradesh",India,24.51403,83.025843,True
DAC,DAHINSARA JN,Gujarat,WR,"SH 24, Gujarat",India,22.955606999999997,70.618291,True
PTZ,Patsul,Maharashtra,SCR,"MSH24, Maharashtra",India,21.0022,77.038231,True
KJA,KHAJURHAT,Uttar Pradesh,NR,"Bikapur, Uttar Pradesh",India,26.525308,82.126813,True
DBD,DEOBAND,Uttar Pradesh,NR,"Deoband, Uttar Pradesh",India,29.680031500000002,77.67087339999999,True
CRG,CHURAMAN NAGRI,Rajasthan,WCR,"SH 33, Rajasthan",India,27.40119,77.61766999999999,True
COR,CHITTAURGARH,Rajasthan,WR,"Chittorgarh, Rajasthan",India,24.874340999999998,74.623687,True
CVB,CAVALRY BARRCKS,Andhra Pradesh,SCR,"Secunderabad, Andhra Pradesh",India,17.494734,78.518694,True
CUK,CHURK,Uttar Pradesh,NCR,"State Highway 14, Uttar Pradesh",India,24.6496787,83.1032006,True
KIN,Kapasan,Rajasthan,NWR,"Kapasan, Rajasthan",India,24.86221,74.312762,True
KHRY,KHAIRAHI,Uttar Pradesh,NCR,"State Highway 5, Uttar Pradesh",India,24.8020366077,82.9857744763,True
DAB,DHARMABAD,Maharashtra,SCR,"Degaon, Maharashtra",India,18.888260310099998,77.8493415012,True
CRD,MUMBAI CURREY ROAD,Maharashtra,CR,"Mumbai, Maharashtra",India,18.9937,72.83265999999999,True
CTHT,CHATAR HALT,Bihar,ECR,"Chatar, Bihar",India,24.842143999999998,85.495374,True
CRND,Choranda Junction,Gujarat,WR,"Choranda, Gujarat",India,,,True
KLAD,KALANAD HALT,Kerala,SR,"Kasaragod, Kerala",India,12.467679,74.998515,True
DAS,DHASA JN,Gujarat,WR,"Dhasa, Gujarat",India,21.782545,71.51800800000001,True
KHD,KHODIYAR,Gujarat,WR,"Sarkhej Gandhinagar Hwy, Gujarat",India,23.156554,72.548244,True
CTRL,CHHATRAL,Gujarat,WR,"State Highway 133, Gujarat",India,23.26246,72.46851799999999,True
CTKT,Choti Khatu,Rajasthan,NWR,"Degana, Rajasthan",India,27.155534,74.35722999999999,True
KKD,Kalkund,Madhya Pradesh,WR,"Mhow, Madhya Pradesh",India,22.47801,75.85927000000001,True
DAVC,Jalalabad DAV College,Punjab,NR,"Jalalabad, Punjab",India,,,True
CRE,Charghat Piparia,Madhya Pradesh,SECR,"Guwarighat, Madhya Pradesh",India,23.044097,79.929889,True
D,Deula,West Bengal,ER,"National Highway 117, West Bengal",India,22.214924,88.28148300000001,True
KJV,Khijadiya Junction,Gujarat,WR,"Amreli, Gujarat",India,21.740875,71.275556,True
DARI,Dhari Junction,Gujarat,WR,"Dhari, Gujarat",India,21.326767,71.027594,True
DEA,Diara,West Bengal,ER,"State Highway 2, West Bengal",India,22.798157,88.280471,True
CRN,Charegaon,Madhya Pradesh,SECR,"State Highway 11, Madhya Pradesh",India,22.042038383999998,80.1401154919,True
CTL,Chital,Gujarat,WR,"SH 34, Gujarat",India,21.745689,71.218128,True
DPUR,Dadpur,,,,India,19.972516,83.250076,False
KHRI,Kharkhari,Jharkhand,SER,"National Highway 32, Jharkhand",India,23.760124,86.234894,True
KFH,Katphal,Maharashtra,CR,"Baramati, Maharashtra",India,18.23255147,74.59603216999999,True
KJPD,Kurinjipadi,Tamil Nadu,SR,"Kurinjippadi, Tamil Nadu",India,11.572583,79.595999,True
KLH,Khemli,Rajasthan,NWR,"Khemli, Rajasthan",India,24.690834,73.84238599999999,True
KLNK,Kalanaur Kalan,Haryana,NWR,"Kalanaur, Haryana",India,28.8349236,76.389612,True
DDK,Dhindsa,Punjab,NR,"Dhindsa, Punjab",India,30.895838,74.738503,True
KMT,KHAMMAM,Andhra Pradesh,SCR,"Khammam, Andhra Pradesh",India,17.249347,80.138491,True
DEU,Devsana,Gujarat,WR,"State Highway 133, Gujarat",India,,,True
DEWA,Dewa,Gujarat,WR,"Dewa, Gujarat",India,,,True
KTHA,KHUTAHA,Madhya Pradesh,WCR,"MDR 11, Madhya Pradesh",India,24.802248,80.86085,True
DGJ,DUNGAR JN,Gujarat,WR,"Dungar, Gujarat",India,21.078274,71.55322600000001,True
KMA,KAIMA,Madhya Pradesh,WCR,"Satna, Madhya Pradesh",India,24.611085,80.845912,True
KNRG,KANHARGAON NAKA,Maharashtra,SCR,"Washim, Maharashtra",India,19.9439708108,77.1462260938,True
KMLM,Kelamangalam,Tamil Nadu,SWR,"Krishnagiri, Tamil Nadu",India,12.616200000000001,77.865703,True
KTLR,KANTHALIYA ROAD,West Bengal,ER,"Khagraghat - Chowrigacha, West Bengal",India,23.991771,88.179001,True
KRPR,KAREPUR,Maharashtra,SCR,"State Highway 168, Maharashtra",India,18.589152000000002,76.681135,True
KNW,KHANDWA,Madhya Pradesh,CR,"Khandwa, Madhya Pradesh",India,21.823596,76.353227,True
KNG,Kathunangal,Punjab,NR,"National Highway 15, Punjab",India,31.7287,75.015194,True
DH,Diamond Harbour,West Bengal,ER,"Diamond Harbour, West Bengal",India,22.191902,88.18991600000001,True
DHY,DHARODI,Haryana,NR,"MDR 111, Haryana",India,29.6399235976,76.0559746887,True
KNAR,KHANPUR AHIR,Rajasthan,NWR,"MDR 61, Rajasthan",India,27.911754000000002,76.589847,True
KOP,C SHAHU M RAJ KOLHAPUR TERM,Maharashtra,CR,"Kolhapur, Maharashtra",India,16.70257,74.237695,True
KOLI,KESHOLI,Rajasthan,WCR,"Baren, Rajasthan",India,24.727194,76.790369,True
DGPP,DHENGLI PP GOAN,Maharashtra,SCR,"Satuna, Maharashtra",India,19.406622,76.49169,True
KTHD,Kothari Road,Chhattisgarh,SECR,"Kothari, Chhattisgarh",India,22.156964000000002,82.70858000000001,True
KMBL,KHAMBHALIYA,Gujarat,WR,"Khambhalia, Gujarat",India,22.217513,69.657344,True
KRDL,Kirandul,Chhattisgarh,ECoR,"Kirandul, Chhattisgarh",India,18.757486,81.25813099999999,True
KNLS,KANALAS JN,Gujarat,WR,"Jamnagar, Gujarat",India,22.319955,69.896549,True
KODN,KODUMUNDA,Kerala,SR,"Thrithala, Kerala",India,10.816930512899999,76.1428790756,True
KSDE,KARSINDHU,Haryana,NR,"Panipat, Haryana",India,29.392008,76.731866,True
KSC,KASHI CHAK,Bihar,ECR,"Nalanda, Bihar",India,25.070798999999997,85.718754,True
DGNH,DERGAON HALT,,,,India,25.088974,85.75131900000001,False
KRYA,KURRAIYA,Uttar Pradesh,NER,"Chauhan Rd, Uttar Pradesh",India,28.416819,80.24421199999999,True
KRJD,KARJODA,Gujarat,NWR,"Chhapi, Gujarat",India,24.218469000000002,72.45567100000001,True
KPKI,QASIMPUR KHERI,Uttar Pradesh,NR,"State Highway 57, Uttar Pradesh",India,29.182769999999998,77.28593,True
KMSD,Kumar Sadra,Chhattisgarh,ECoR,"National Highway 16, Chhattisgarh",India,18.912986,81.671506,True
KPE,Kauwapur,Uttar Pradesh,NER,"MDR 10E, Uttar Pradesh",India,27.5158216097,82.2979015082,True
KSUA,Kashipura,Gujarat,WR,"State Highway 59, Gujarat",India,23.120701,73.170262,True
KRA,Karepalli,Andhra Pradesh,SCR,"Karepally, Andhra Pradesh",India,17.511408000000003,80.27186499999999,True
KTRD,Katosan Road,Gujarat,WR,"State Highway 216, Gujarat",India,23.409181,72.246237,True
DHK,Dhakuria,West Bengal,ER,"Kolkata, West Bengal",India,22.51554,88.371504,True
KNL,Kalanwali,Haryana,NWR,"Kalanwali, Haryana",India,29.835057,74.97985,True
LHU,Loharu,Haryana,NWR,"Bhiwani Distt., Haryana",India,28.427051,75.801613,True
DNHK,DHINDHORA HKMKD,Rajasthan,WCR,"Dhindhora, Rajasthan",India,26.803925,77.103482,True
LKY,LAKHMAPUR,Karnataka,SWR,"Muttalageri, Karnataka",India,15.870282,75.627712,True
LPW,Loharpurwa,Uttar Pradesh,NER,"Loharpurwa, Uttar Pradesh",India,27.082641,83.268484,True
LNS,LUNSU HALT,Himachal Pradesh,NR,"Lunsu, Himachal Pradesh",India,32.018944,76.1797,True
LER,Lehra,Uttar Pradesh,NER,"Lehra Railway Station Rd, Uttar Pradesh",India,27.161243,83.23414199999999,True
MKRA,MAKRERA,Rajasthan,NWR,"Kharwa, Rajasthan",India,26.310925310800002,74.5333715979,True
LHN,LACHYAN,Maharashtra,SWR,"Solapur, Maharashtra",India,17.2795737583,75.9717014606,True
LAUL,LAUL,Maharashtra,CR,"State Highway 161, Maharashtra",India,18.0338728828,75.3950100488,True
KVC,KAPARPURA,Bihar,ECR,"National Highway 28, Bihar",India,26.179892000000002,85.309233,True
LDCY,LODI COLONY,Delhi,NR,"Najafkhan Rd, Delhi NCT",India,28.579455000000003,77.216548,True
MDPA,MANDPIYA,Rajasthan,NWR,"National Highway 79, Rajasthan",India,25.261369,74.63571300000001,True
KTE,KATNI,Madhya Pradesh,WCR,"Katni, Madhya Pradesh",India,23.833385,80.400543,True
KY,KARELI,Madhya Pradesh,WCR,"Kareli, Madhya Pradesh",India,22.932344,79.066765,True
LMD,LINGANENIDODDI,Andhra Pradesh,SCR,"Rayalaseema Region, Andhra Pradesh",India,15.399929,77.703397,True
KXX,KATA ROAD,Maharashtra,SCR,"Washim, Maharashtra",India,20.187338999999998,77.11088000000001,True
KURJ,KHAJURAHO,Madhya Pradesh,NCR,"National Highway 75, Madhya Pradesh",India,24.7969839,79.8900217,True
LKT,HULKOTI,Karnataka,SWR,"National Highway 63, Karnataka",India,15.434667000000001,75.531958,True
LAD,Lohardaga,Jharkhand,SER,"National Highway 75, Jharkhand",India,23.445967,84.70733,True
KVS,KALSUR,Karnataka,SWR,"haveri, Karnataka",India,14.888042065499999,75.40095653559999,True
KZPR,KAZIPARA,West Bengal,ER,"Khagraghat - Chowrigacha, West Bengal",India,23.909854000000003,88.188491,True
LMG,LUMDING JN,Assam,NFR,"Lumding. Ph:-03674-263366, Assam",India,25.750035999999998,93.17660000000001,True
LR,LADPURA,Rajasthan,NWR,"Ajmer, Rajasthan",India,26.504385,74.728726,True
KZX,KHUDDA KORALA,Punjab,NR,"Khuda, Punjab",India,31.729693,75.647484,True
MHJ,MAHAJAN,Rajasthan,NWR,"Mahajan, Rajasthan",India,28.793007,73.85366599999999,True
LKS,LUNKARANSAR,Rajasthan,NWR,"Lukhransar, Rajasthan",India,28.493395,73.743155,True
MJBT,MAJBAT,,,,India,26.784587,92.287814,False
LUNI,LUNI JN,Rajasthan,NWR,"Luni, Rajasthan",India,26.001255999999998,73.003175,True
KTRR,Kathara Road,Uttar Pradesh,NCR,"Kanpur Nagar, Uttar Pradesh",India,26.310011,80.228735,True
KWW,Kuswa,Uttar Pradesh,NCR,"MDR 106W, Uttar Pradesh",India,27.473814,78.40369700000001,True
KUDL,KUDAL,Maharashtra,KR,"Kudal, Maharashtra",India,16.017651,73.67813000000001,True
KUL,KALLAYI,Kerala,SR,"Calicut, Kerala",India,11.234606999999999,75.788884,True
KVM,Kavutaram,Andhra Pradesh,SCR,"Krishna, Andhra Pradesh",India,16.328919999999997,81.069608,True
DNZ,Dhanori,Maharashtra,CR,"SH244, Maharashtra",India,,,True
MAD,MADDUR,Karnataka,SWR,"Mandya District, Karnataka",India,12.604742,77.049522,True
KUPR,Khurdpur,Punjab,NR,"Adampur, Punjab",India,31.424854,75.72317,True
BDYR,Bidyadabri,,,,India,26.271855000000002,89.767506,False
MAH,Madhoganj,Uttar Pradesh,NR,"Hardoi, Uttar Pradesh",India,27.117963000000003,80.135457,True
LOV,Lovedale,Tamil Nadu,SR,"Ooty, Tamil Nadu",India,11.382403,76.704285,True
LKQ,Laukaha Bazar,Bihar,ECR,"Madhubani, Bihar",India,26.543198,86.463013,True
KVLR,Karuvalli,Tamil Nadu,SWR,"Salem district, Tamil Nadu",India,11.831114000000001,78.027912,True
LSG,Lawa Sardargarh,Rajasthan,NWR,"State Highway 56, Rajasthan",India,25.272755999999998,73.948453,True
MJL,MAJHOWLIA,Bihar,ECR,"Vikash Village, Bihar",India,26.802772,84.619139,True
JML,Jumnal,,,,India,16.723002286099998,75.7141335645,False
MNKB,MIYONKA BARA,Rajasthan,NWR,"Samdhari, Rajasthan",India,25.872726999999998,72.728511,True
MBG,MAIBANG,Assam,NFR,"North Cachar Hills, Assam",India,25.30497,93.13537099999999,True
MKR,MADDIKERA,Andhra Pradesh,SCR,"Guntakal, Andhra Pradesh",India,15.256635000000001,77.411496,True
MC,MANDAPAM CAMP,Tamil Nadu,SR,"Mandapam, Tamil Nadu",India,9.281533,79.134997,True
LUR,LATUR,Maharashtra,CR,"Latur, Maharashtra",India,18.429166,76.55604899999999,True
MJPB,Manjhra Purab,Uttar Pradesh,NER,"Manjhra Purab, Uttar Pradesh",India,28.300646,81.160402,True
LTRR,LATUR ROAD,Maharashtra,SCR,"SH 3, Maharashtra",India,18.506494,76.845289,True
MKHR,MARWAR KHARA,Rajasthan,NWR,"Jodhpur, Rajasthan",India,27.060569440800002,72.1300715057,True
MABD,MAHBUBABAD,Andhra Pradesh,SCR,"Mahbubabad, Andhra Pradesh",India,17.597561,79.999792,True
MGG,MANGLIYA GAON,Madhya Pradesh,WR,"Mangilya, Madhya Pradesh",India,22.815074,75.91805099999999,True
MGL,MANGELA,Karnataka,,"Mugalolli, Karnataka",India,16.223191,75.74938300000001,True
MDS,MANDASOR,Madhya Pradesh,WR,"Mandsaur, Madhya Pradesh",India,24.075937000000003,75.07634300000001,True
MAKH,MOKHAMPURA,Rajasthan,NWR,"National Highway 79, Rajasthan",India,26.030315,74.68323000000001,True
MAY,MARIAHU,Uttar Pradesh,NR,"Mariahu, Uttar Pradesh",India,25.597006,82.598166,True
MLDE,MADLAUDA,Haryana,NR,"Panipat, Haryana",India,29.399824,76.809711,True
MED,MEDCHAL,Andhra Pradesh,SCR,"Rangareddy, Andhra Pradesh",India,17.639335,78.474557,True
ME,MASAIPET,Andhra Pradesh,SCR,"Medak, Andhra Pradesh",India,17.8805365542,78.4669570667,True
MDVR,MADHAVNAGAR,Maharashtra,CR,"Sangli, Maharashtra",India,16.886605,74.575493,True
KDRD,KHULDIL ROAD,Uttar Pradesh,ECR,"Obra, Uttar Pradesh",India,24.368371999999997,82.86161,True
MLI,MANGALIYAWAS,Rajasthan,NWR,"Mangaliyawas, Rajasthan",India,26.278197000000002,74.492705,True
MDT,MADARIHAT,West Bengal,NFR,"National Highway 31C, West Bengal",India,26.694551388,89.274559021,True
DWDI,Dighwa Dubauli,Bihar,NER,"Saran, Bihar",India,26.2652295458,84.7432486377,True
MHV,MAHUVA JN,Gujarat,WR,"Mahuva, Gujarat",India,21.09412,71.756011,True
MHBZ,Mahtha Bazar,Uttar Pradesh,NER,"Mahtha Bazar, Uttar Pradesh",India,27.391561,82.957379,True
MIM,Maniram,Uttar Pradesh,NER,"National Highway 29, Uttar Pradesh",India,26.838267,83.342407,True
MBV,Mirzapur Bachhaud,Haryana,NWR,"State Highway 26, Haryana",India,28.077937000000002,76.198447,True
MDDG,Malad Gaon,Maharashtra,CR,"National Highway 9 Daund, Maharashtra",India,18.36212,74.596581,True
MNJR,Manjhlepur,Uttar Pradesh,NR,"State Highway 38, Uttar Pradesh",India,25.994578,81.178625,True
MGF,Mandagere,Karnataka,SWR,"Mandya District, Karnataka",India,12.730158,76.378905,True
GADH,Goaldih,Odisha,,"Padmapur, Orissa",India,21.726323,85.54626499999999,True
MDE,Makhdumpur Gaya,Bihar,ECR,"Jehanabad, Bihar",India,25.077130999999998,84.979105,True
MHQ,Mahuda,Jharkhand,SER,"National Highway 32, Jharkhand",India,23.747481,86.27078300000001,True
MMD,Maheshmunda,Jharkhand,ER,"Maheshmunda, Jharkhand",India,24.232416,86.38903300000001,True
MRHT,MORANHAT,Assam,NFR,"Sibsagar, Assam",India,27.1829782,94.9193076,True
MTMI,MOTIMARI,Andhra Pradesh,SCR,"Motimarri Station, Andhra Pradesh",India,16.956602,80.320896,True
MVN,MILAVITTAN,Tamil Nadu,SR,"Thoothukudi, Tamil Nadu",India,8.811577000000002,78.087335,True
MQC,MUNDKA,Delhi,NR,"Mundka, Delhi NCT",India,28.6884911989,77.0285688654,True
MRV,MARSUL,Maharashtra,SCR,"Purna, Maharashtra",India,19.233398,77.09815599999999,True
MY,MALLIYAM,Tamil Nadu,SR,"State Highway 64, Tamil Nadu",India,11.079116,79.595866,True
MOPR,MOHANPURA,Rajasthan,NR,"National Highway 15, Rajasthan",India,29.992445,73.845031,True
MSR,MASUR,Maharashtra,CR,"Satara, Maharashtra",India,17.404241,74.14420899999999,True
MPLM,MARTHIPALAYAM,Tamil Nadu,SR,"Erode - Unjalur - Kodumudi - Karur Rd, Tamil Nadu",India,11.021579000000001,78.023359,True
NRD,NARODA,Gujarat,WR,"Ahmedabad, Gujarat",India,23.085662,72.658017,True
MUUA,MAHUAWA KHURD,Uttar Pradesh,NER,"State Highway 64, Uttar Pradesh",India,26.854361,83.59392199999999,True
MSH,MAHESANA JN,Gujarat,WR,"Mehsana, Gujarat",India,23.602623,72.388708,True
NIIJ,NILAJE,Maharashtra,CR,"Nilaje, Maharashtra",India,19.155061999999997,73.079908,True
MUKE,MUKKALI,Kerala,SR,"Chombala, Kerala",India,11.68423,75.55036199999999,True
MVF,MANABAR,Odisha,ECoR,"Manabar Station, Orissa",India,18.839732,82.695903,True
MYS,MYSORE JN,Karnataka,SWR,"JLB Road Mysore, Karnataka",India,12.318946,76.646013,True
MRF,Marpalli,Andhra Pradesh,SCR,"Veerlapally, Andhra Pradesh",India,17.54542,77.771485,True
MSS,Masarahalli,Karnataka,SWR,"Shimoga, Karnataka",India,13.804192,75.735905,True
MPE,Malatipur,West Bengal,ER,"Malotipur Railway Station, West Bengal",India,22.651892,88.76282300000001,True
NPS,Napasar,Rajasthan,NWR,"Napasar, Rajasthan",India,27.980942000000002,73.56399,True
MZU,Marandahalli,Tamil Nadu,SWR,"Dharmapuri, Tamil Nadu",India,12.388944,78.01732899999999,True
MXP,Malupota,Punjab,NR,"Phagwara - Mohali Expy, Punjab",India,31.184014,75.965393,True
MPG,Manpur Nagaria,Uttar Pradesh,NER,"State Highway 33, Uttar Pradesh",India,27.908304,78.818201,True
MTND,Mattagajpur,Odisha,ECoR,"Mattagajpur, Orissa",India,20.441551999999998,85.946128,True
PAW,PANDABESWAR,West Bengal,ER,"Bardhaman, West Bengal",India,23.711965,87.277416,True
MYR,MAIHAR,Madhya Pradesh,WCR,"Maihar, Madhya Pradesh",India,24.255485,80.763148,True
NBUE,NIBKARORI,Uttar Pradesh,NCR,"Nibkarori, Uttar Pradesh",India,27.3287489158,79.40995965580001,True
PBN,PARBHANI JN,Maharashtra,SCR,"Parbhani, Maharashtra",India,19.257460000000002,76.774119,True
PAU,PURNA JN,Maharashtra,SCR,"Purna, Maharashtra",India,19.180526999999998,77.024985,True
OSN,OSIYAN,Rajasthan,NWR,"Osiyan, Rajasthan",India,26.729223,72.899779,True
NGTG,New Gitaldaha,West Bengal,NFR,"New Gitaldaha, West Bengal",India,26.0707762,89.5868746,True
PBM,PAMBAN JN,Tamil Nadu,SR,"Pamban, Tamil Nadu",India,9.279729,79.213482,True
ORDI,ORDI,Rajasthan,WR,"National Highway 79, Rajasthan",India,24.835766629899997,74.6304202759,True
NM,Naimisharanya,Uttar Pradesh,NR,"MDR 74C, Uttar Pradesh",India,27.355137,80.484435,True
PALM,PALAIYAM,Tamil Nadu,SR,"Karur, Tamil Nadu",India,10.718615000000002,78.129081,True
PHC,PANCHOT,Gujarat,WR,"State Highhway 55, Gujarat",India,23.635161999999998,72.339879,True
NVLN,NAWALGOHAN,Maharashtra,SCR,"Hingoli, Maharashtra",India,19.7986346861,77.1232722153,True
NLE,NILESHWAR,Kerala,SR,"Nileswaram, Kerala",India,12.255885000000001,75.13575,True
NWD,NAWADIH,Bihar,ECR,"Nawada, Bihar",India,24.886758,85.54864500000001,True
NNGL,Naya Nangal,Punjab,NR,"Near CAN plant nangal, Punjab",India,31.378961,76.35421099999999,True
JMM,JAIMURTINAGAR F,,,,India,26.836932,85.066065,False
NAU,NADAPURAM ROAD,Kerala,SR,"Madappallly, Kerala",India,11.639509,75.575581,True
NHF,Nihasta Halt,Uttar Pradesh,NR,"State Highway 38, Uttar Pradesh",India,26.212312999999998,80.92503500000001,True
PANP,PANDAVAPURA,Karnataka,SWR,"SH 19 Junction Mandya District, Karnataka",India,12.463018,76.681387,True
NVU,NAVALUR,Karnataka,SWR,"Dharwad - Hubli Hwy, Karnataka",India,15.415517999999999,75.055491,True
NYY,NEYYATTINKARA,Kerala,SR,"Thiruvananthapuram, Kerala",India,8.41041,77.08111000000001,True
NLQ,Nangal Pathani Halt,Haryana,NWR,"Nangal Pathani, Haryana",India,28.364489,76.496786,True
NRJ,Narimogaru,Karnataka,SWR,"Puttur subrahmanya state highway 100, Karnataka",India,12.7463856826,75.29242739200001,True
GNV,Gandevi,Gujarat,WR,"Gandevi, Gujarat",India,,,True
NRKP,Narkopi,Jharkhand,SER,"Ranchi, Jharkhand",India,23.3756204426,85.0156235815,True
GNS,Ghonsor,Madhya Pradesh,SECR,"Ghansor, Madhya Pradesh",India,22.658083,79.95091,True
NNP,Nanpara Junction,Uttar Pradesh,NER,"Nanpara, Uttar Pradesh",India,27.859887,81.512594,True
NMGY,Numaligarh,Assam,NFR,"NMGY, Assam",India,26.601184,93.865713,True
NPR,Nepalganj Road,Uttar Pradesh,NER,"Midwest, Uttar Pradesh",India,28.010872,81.60073,True
NKR,Nimar Kheri,Madhya Pradesh,WR,"State Highway 27, Madhya Pradesh",India,22.11119,76.150998,True
NTV,Nautanwa,Uttar Pradesh,NER,"Nautanwa, Uttar Pradesh",India,27.42688,83.42129700000001,True
NTM,Narthamalai,Tamil Nadu,SR,"Trchy - Pudukottai - Ramanathapuram Rd, Tamil Nadu",India,10.506577,78.78913999999999,True
PAQ,PADIYA NAQLA,Uttarakhand,NER,"National Highway 74, Uttarakhand",India,29.085837,78.90761,True
PKNA,PAKHNA,Uttar Pradesh,NCR,"Pakhna, Uttar Pradesh",India,27.302522,79.304318,True
PO,PARANGIPETTAI,Tamil Nadu,SR,"Parangipettai, Tamil Nadu",India,11.476847000000001,79.73604499999999,True
PPH,PIPRI DIH,Uttar Pradesh,NER,"State Highway 67, Uttar Pradesh",India,25.879046,83.500574,True
PPU,PIPARPUR,Uttar Pradesh,NR,"State Highway 9, Uttar Pradesh",India,26.137823,82.038949,True
PSLP,PASALAPUDI,Andhra Pradesh,SCR,"Putlacheruvu, Andhra Pradesh",India,16.470923000000003,81.095153,True
OTR,MOTURU,Andhra Pradesh,SCR,"Coastal Andhra Region, Andhra Pradesh",India,16.439968999999998,81.051142,True
PDZ,PILIODA,Rajasthan,WCR,"SH 1, Rajasthan",India,26.606366,76.86438199999999,True
PJK,PANJ KOSI,Rajasthan,NR,"Diwan Khera, Rajasthan",India,30.137676000000003,74.057408,True
PKK,PAKKI,Punjab,NR,"National Highway 15, Punjab",India,30.164759,74.35550400000001,True
NVT,NAVIPET,Andhra Pradesh,SCR,"Nizamabad, Andhra Pradesh",India,18.770457,78.013194,True
PGG,PENGANGA,Maharashtra,SCR,"Washim, Maharashtra",India,19.9603213601,77.1230451306,True
PBV,Paliba,Odisha,ECoR,"Paliba Station, Orissa",India,18.659914999999998,82.695712,True
PDG,PARADGAON,Maharashtra,SCR,"Usmanpur, Maharashtra",India,19.629143,76.14738700000001,True
PPDE,PANDU PINDARA,Haryana,NR,"Jind, Haryana",India,29.307976,76.37130800000001,True
PCL,Pulicherla,Andhra Pradesh,SCR,"Pulicherla Station, Andhra Pradesh",India,13.598983,79.040396,True
BNDA,BANDA JN,Uttar Pradesh,NCR,"Banda(05192-224813), Uttar Pradesh",India,25.477677,80.336246,True
QRP,KILA RAIPUR,Punjab,NR,"Delhon Pakhowal Rd, Punjab",India,30.759177,75.82748600000001,True
PLCJ,PHALODI JN,Rajasthan,NWR,"Phalodi, Rajasthan",India,27.124914,72.36686300000001,True
PDR,Payagpur,Uttar Pradesh,NER,"State Highway 30, Uttar Pradesh",India,27.407067,81.776186,True
PRDG,PORADANGA HALT,West Bengal,ER,"Lalgola, West Bengal",India,24.2602726462,88.2261646533,True
PAS,PASUR,Tamil Nadu,SR,"Namakkal, Tamil Nadu",India,11.236640999999999,77.85708699999999,True
PSAE,PURBASTHALI,West Bengal,ER,"Purbasthali, West Bengal",India,23.453302,88.323896,True
PNVT,PANCHARATNA,Assam,NFR,"Makri Rail Station, Assam",India,26.158866,90.55599600000001,True
HFG,Haflong Hill,Assam,NFR,"North Cachar Hills, Assam",India,,,True
PPW,Pachperwa,Uttar Pradesh,NER,"Semari - Bisokhar Rd, Uttar Pradesh",India,27.528038,82.657808,True
PKB,PATHARKHOLA S,Assam,NFR,"NH54, Assam",India,25.7789313494,93.1029777271,True
PNT,PANITOLA,Assam,NFR,"A T Rd, Assam",India,27.4967510918,95.2499423993,True
PNGI,Panangudi,Tamil Nadu,SR,"Madurai - Thondi Rd, Tamil Nadu",India,9.921169,78.612621,True
PCH,PACHHAPUR,Karnataka,SWR,"Rustumpur, Karnataka",India,16.093145,74.672174,True
PLV,PALSI,Maharashtra,CR,"Wathar-Koregaon Rd, Maharashtra",India,17.812195000000003,74.111907,True
PRSP,PRASADPUR,Uttar Pradesh,NER,"Prasadpur, Uttar Pradesh",India,28.54694,80.08117200000001,True
PJ,Peppeganj,Uttar Pradesh,NER,"Sahibganj, Uttar Pradesh",India,26.930569,83.294438,True
PN,PANSAR,Gujarat,WR,"Palanpur, Gujarat",India,23.307875,72.47975,True
PDY,Puducherry,Puducherry,SR,"South Blvd, Puducherry",India,11.925445999999999,79.828127,True
PIS,Piska,Jharkhand,SER,"Ranchi, Jharkhand",India,23.3295427441,85.20610187930001,True
PFU,Padua,Odisha,ECoR,"Paduwa Station, Orissa",India,18.396744,82.687882,True
NUJ,Nujella,Andhra Pradesh,SCR,"Krishna, Andhra Pradesh",India,16.386599,81.022402,True
HT,Hotar,West Bengal,ER,"Sherpur Dhamua Rd, West Bengal",India,22.308540999999998,88.39900800000001,True
PRSL,Pandrasali,Jharkhand,SER,"National Highway 75, Jharkhand",India,22.63341,85.806909,True
PHM,Patapatnam,Andhra Pradesh,ECoR,"Srikakulam District, Andhra Pradesh",India,18.7407526287,84.081469892,True
PM,PALAM,Delhi,NR,"Sadh Nagar I, Delhi NCT",India,28.585656,77.09295,True
PTAE,PATULI,West Bengal,ER,"State Highway 6, West Bengal",India,23.5475854116,88.25171385990001,True
BKIT,BINKADAKATTI,,,,India,15.4367140478,75.5954738599,False
PVR,PANDHARPUR,Maharashtra,CR,"Pandharpur Ph:02186-223227, Maharashtra",India,17.66849,75.319283,True
ROS,RAJOSI,Rajasthan,NWR,"MDR 79, Rajasthan",India,26.312897,74.671814,True
RJT,RAJKOT JN,Gujarat,WR,"Rajkot, Gujarat",India,22.312206,70.803446,True
INDB,INDORE JN BG,Madhya Pradesh,WR,"Indore, Madhya Pradesh",India,22.71757,75.868429,True
RGI,RAMGIRI,Karnataka,SWR,"Shivani Rd, Karnataka",India,13.9501446899,76.1254542236,True
RBG,RAYBAG,Karnataka,SWR,"Belagavi, Karnataka",India,16.483374512,74.80682566349999,True
SBNR,SHRI VIJAINAGAR,Rajasthan,NWR,"Vijaynagar, Rajasthan",India,29.240494,73.523389,True
PNHR,PANIHAR,Madhya Pradesh,WCR,"Gwalior, Madhya Pradesh",India,26.099221,78.014931,True
KRBR,KERKHABARI,,,,India,26.300344,90.625041,False
PVZ,Parvezpur,Rajasthan,NWR,"damkora, Rajasthan",India,28.510828,75.728178,True
PP,PURANPUR,Uttar Pradesh,NER,"Puranpur, Uttar Pradesh",India,28.514911,80.150951,True
RKZ,RAJKIAWAS,Rajasthan,NWR,"Marwar, Rajasthan",India,25.75038,73.52353600000001,True
RMGM,RAMANAGARAM,Karnataka,SWR,"Ramanagara, Karnataka",India,12.720096,77.283451,True
RKY,KOTHARIYA,Gujarat,WR,"State Highway 122, Gujarat",India,22.176807,70.81438200000001,True
RBR,RIBADA,Gujarat,WR,"State Highway 233, Gujarat",India,22.124961,70.80095200000001,True
CKA,Chak Pakhhewala,Punjab,NR,"Chimne Wala, Punjab",India,30.434234,74.19716,True
RN,RATNAGIRI,Maharashtra,KR,"Ratnagiri 02352228951, Maharashtra",India,17.002793,73.356938,True
MIX,Manipuram Cabin,,,,India,16.29953,80.45759,False
REJ,Rejinagar,West Bengal,ER,"National Highway 34, West Bengal",India,23.850089999999998,88.259255,True
RHMA,Rahama,Odisha,ECoR,"Nathang, Orissa",India,20.298605,86.405224,True
RMPH,Rampahari,Madhya Pradesh,NCR,"State Highway 2, Madhya Pradesh",India,26.2365,77.357146,True
RDV,Radha Balampur,Uttar Pradesh,NR,"State Highway 13A, Uttar Pradesh",India,26.083856,81.107034,True
PUW,Patuwas Mehrana,Haryana,NWR,"Mehrana, Haryana",India,28.557035,76.33368800000001,True
RGU,Ragaul,Uttar Pradesh,NCR,"Maudaha, Uttar Pradesh",India,25.686945,80.129683,True
PTYR,Patiyara,Uttar Pradesh,NR,"Patiyara, Uttar Pradesh",India,26.627948,80.476502,True
PUMU,Penumarru,Andhra Pradesh,SCR,"Koteparu, Andhra Pradesh",India,16.131433,80.77586000000001,True
RNGG,Rangaliting,Assam,NFR,"Rangaliting, Assam",India,26.656417,93.918286,True
RYP,RAYANAPAD,Andhra Pradesh,SCR,"Rayanapad Station, Andhra Pradesh",India,16.577504,80.562937,True
RMD,RAMANATHAPURAM,Tamil Nadu,SR,"Ramanathapuram, Tamil Nadu",India,9.358387,78.83686200000001,True
SFPR,Safipur,Uttar Pradesh,NR,"Unnao, Uttar Pradesh",India,26.744343999999998,80.35476700000001,True
RSH,Ratan Shahr,Rajasthan,NWR,"Jhunjhunu, Rajasthan",India,28.158119435028283,75.52398098632693,True
JLY,Jhilmili,Madhya Pradesh,SECR,"Jhilmili, Madhya Pradesh",India,22.054052000000002,79.154333,True
SDD,SINDHAWADAR,Gujarat,WR,"Sindhavadar, Gujarat",India,22.546528000000002,70.894135,True
SII,SITIMANI,Karnataka,SWR,"Dam Inspection Rd, Karnataka",India,16.31992,75.865598,True
SHSK,SAHARSRAKUND,Maharashtra,SCR,"Nanded, Maharashtra",India,19.402665,78.00795299999999,True
SFM,SUNAM,Punjab,NR,"Sunam, Punjab",India,30.130335000000002,75.808761,True
SBLT,SHRI BHADRIYA LATHI,Rajasthan,NWR,"Lathi, Rajasthan",India,27.030421,71.515941,True
SBZ,SISWA BAZAR,Uttar Pradesh,NER,"Siswa Bazar, Uttar Pradesh",India,27.1495669522,83.7563490747,True
SGL,SAGAULI JN,Bihar,ECR,"Sugauli, Bihar",India,26.758187,84.73934,True
SGW,SINGWAL,Rajasthan,NWR,"National Highway 79, Rajasthan",India,26.061014999999998,74.68275899999999,True
SDH,SARADHNA,Rajasthan,NWR,"Mangaliyawas, Rajasthan",India,26.3404260124,74.5662047516,True
SBH,SULEBHAVI,Karnataka,SWR,"Belagavi, Karnataka",India,15.912563,74.641724,True
SDT,SADAT,Uttar Pradesh,NER,"Mahpur Sadat Marg, Uttar Pradesh",India,25.673309,83.308384,True
SHAN,SRINIVASA NAGAR,Andhra Pradesh,SCR,"Ramanthapur, Andhra Pradesh",India,17.9099557799,78.4619205481,True
SCP,SIRNAPALLI,Andhra Pradesh,SCR,"Sirnapalli, Andhra Pradesh",India,18.487478,78.271132,True
RJI,RAJAWARI,Uttar Pradesh,NER,"National Highway 29, Uttar Pradesh",India,25.497689,83.130772,True
SEU,SENDRA,Rajasthan,NWR,"Sendra, Rajasthan",India,26.077973999999998,74.194143,True
SKLR,Sakleshpur,Karnataka,SWR,"Sakleshpur, Karnataka",India,12.945368,75.778745,True
SHV,SHIVANI,Karnataka,SWR,"Shivani Rd, Karnataka",India,13.8111396742,76.0582362866,True
RWO,RANAVAV,Gujarat,WR,"Ranavav, Gujarat",India,21.698214,69.726078,True
SHMI,SHIROOR,Karnataka,KR,"Uttara Kannada, Karnataka",India,13.930712,74.59396600000001,True
S,SHRIRANGAPATNA,Karnataka,SWR,"Mandya District, Karnataka",India,12.4247,76.678033,True
RXL,RAXAUL JN,Bihar,ECR,"Raxaul, Bihar",India,26.987018000000003,84.84456399999999,True
SDS,Sadulshahr,Rajasthan,NWR,"Sadul Shahar, Rajasthan",India,29.902641430417788,74.17270445264876,True
SMPR,Shri Madhopur,Rajasthan,NWR,"Sri Madhopur, Rajasthan",India,27.457628,75.59829400000001,True
SCQ,Sham Chaurasi,Punjab,NR,"Distt. Hoshiarpur, Punjab",India,31.45851,75.76642,True
NDRT,Nangal Degrota,,,,India,28.367897,76.067464,False
SDBH,Sindri Block Hut,Jharkhand,ECR,"Pathardih, Jharkhand",India,23.692944,86.447091,True
JWKA,Jandwala Kharta,,,,India,30.3576339273,74.0290537952,False
SMLT,SAMLOTI,Himachal Pradesh,NR,"National Highway 20, Himachal Pradesh",India,32.098872,76.360945,True
SKGH,SAKTESGARH,Uttar Pradesh,NCR,"Saktesgarh Railway Station, Uttar Pradesh",India,24.999741,82.821887,True
SNGR,SANGANAPUR,Maharashtra,SCR,"State Highway 148, Maharashtra",India,19.188596,76.7364,True
SPDR,SHEOPRASADNAGER,Chhattisgarh,SECR,"National Highway 78, Chhattisgarh",India,23.303628,82.78985700000001,True
SRU,SALEMPUR JN,Uttar Pradesh,NER,"Salempur, Uttar Pradesh",India,26.298048,83.923271,True
SNAP,SONA ARJUNPUR,Uttar Pradesh,NR,"State Highway 57, Uttar Pradesh",India,29.7582805083,77.4525283289,True
SQD,SATTIRAKKUDI,Tamil Nadu,SR,"Ramanathapuram, Tamil Nadu",India,9.400229,78.704868,True
SNKG,SANKARAGUMMANUR HALT,Andhra Pradesh,SCR,"National Highway 63, Andhra Pradesh",India,15.167166,77.235523,True
SONI,SONI,Madhya Pradesh,NCR,"SH 19, Madhya Pradesh",India,26.527305000000002,78.55522599999999,True
SMAE,SAMUDRAGARH,West Bengal,ER,"Samudragarh, West Bengal",India,23.335767,88.324967,True
SFX,SAFILGUDA,Andhra Pradesh,SCR,"Secunderabad, Andhra Pradesh",India,17.461671,78.53311000000001,True
SLGH,SHELGOAN H,Maharashtra,SCR,"Mudkhed, Maharashtra",India,19.080130931400003,77.5883907849,True
SNH,SAUNSHI,Karnataka,SWR,"Saunshi, Karnataka",India,15.206786,75.295781,True
SSGJ,SURSARAIGHAT JH,Madhya Pradesh,WCR,"Shidi, Madhya Pradesh",India,24.023428,82.124918,True
PAV,Pedana,Andhra Pradesh,SCR,"Pedana, Andhra Pradesh",India,16.252107000000002,81.143792,True
SJPM,SUJATA PURAM HALT,Karnataka,SWR,"Nanjangudu, Karnataka",India,12.140253000000001,76.675521,True
STR,SATARA,Maharashtra,CR,"SH 58, Maharashtra",India,17.688361,74.063727,True
SRVN,Sravanur,Karnataka,SWR,"Sravanur, Karnataka",India,12.743443,76.355604,True
SKU,Sikroda,Madhya Pradesh,NCR,"Morena(0753-2226392), Madhya Pradesh",India,26.336915,77.73236299999999,True
SLB,SALBONI,West Bengal,SER,"Salbani, West Bengal",India,22.640971,87.321899,True
SRJM,SIRJAM,West Bengal,SER,"Purulia District, West Bengal",India,23.403864,86.83509699999999,True
SSB,SHAKURBASTI,Delhi,NR,"Pitampura, Delhi NCT",India,28.680227328700003,77.1299115857,True
SML,Shimla,Himachal Pradesh,NR,"Shimla, Himachal Pradesh",India,31.102794,77.159932,True
KARO,Khario P.H.,,,,India,23.835655,86.192092,False
SN,Sukna,West Bengal,NFR,"Hill Cart Rd, West Bengal",India,26.790887,88.363493,True
SMKT,Somankatti,Karnataka,SWR,"State Highway 30, Karnataka",India,15.766715999999999,75.632594,True
SIRA,Sirhi Itara,Uttar Pradesh,NCR,"Sirhiltara, Uttar Pradesh",India,26.367008000000002,80.21523499999999,True
SOT,Shohratgarh,Uttar Pradesh,NER,"Railway Station, Uttar Pradesh",India,27.374710999999998,82.96929300000001,True
SRMP,Sirsi Mukhdumpr,Uttar Pradesh,NR,"Sirsi Mukhdumpr, Uttar Pradesh",India,28.633209,78.635169,True
SURP,Suratpura,Rajasthan,NWR,"National Highway 65, Rajasthan",India,28.661958,75.406758,True
PTS,Patansaongi,Maharashtra,SECR,"Nagpur, Maharashtra",India,21.344445,79.010677,True
SIY,Sirry,Chhattisgarh,SECR,"National Highway 43, Chhattisgarh",India,20.990441,81.731233,True
KBPR,Kabakaputtur,Karnataka,SWR,"Puttur, Karnataka",India,12.7683965,75.2045015,True
SWO,Sonwara,Himachal Pradesh,NR,"National Highway 22, Himachal Pradesh",India,30.894075,77.004229,True
SRTN,SIBSAGAR TOWN,Assam,NFR,"Sibsagar, Assam",India,26.989967999999998,94.643517,True
JMD,Jamdha,Maharashtra,CR,"Jamda, Maharashtra",India,20.574085,74.98554700000001,True
THAN,THAN JN,Gujarat,WR,"Thangadh, Gujarat",India,22.578960000000002,71.20653300000001,True
TIP,TATTAPPARAI,Tamil Nadu,SR,"State Highway 77, Tamil Nadu",India,8.828581,78.022486,True
TJ,THANJAVUR,Tamil Nadu,SR,"Thanjavur, Tamil Nadu",India,10.778085,79.138296,True
THPR,TIPPAPUR,Andhra Pradesh,SCR,"National Highway 7, Andhra Pradesh",India,18.1941221367,78.3773798279,True
SUNR,SURENDRANAGAR,Gujarat,WR,"Surendra Nagar, Gujarat",India,22.7443,71.630056,True
TLMG,TALMADUGU,Andhra Pradesh,,"Sitagondi, Andhra Pradesh",India,19.6417758258,78.3963542407,True
TL,TILONIYA,Rajasthan,NWR,"Ajmer, Rajasthan",India,26.652675,74.93419399999999,True
SUNM,SUNAMAI HALT,Uttar Pradesh,NR,"Sunamai, Uttar Pradesh",India,28.097372,78.22052500000001,True
THM,THALYAT HAMIRA,Rajasthan,NWR,"Hamira, Rajasthan",India,26.992725999999998,71.077426,True
TGT,TINAI GHAT,Karnataka,SWR,"National Highway 4A, Karnataka",India,15.449131999999999,74.404471,True
SVL,Sevaliya,Gujarat,WR,"Sevaliya, Gujarat",India,22.807897,73.344328,True
THX,TOVALAI,Tamil Nadu,SR,"Thovalai, Tamil Nadu",India,8.2282578413,77.5062158319,True
THW,THARWAI,Uttar Pradesh,NR,"Tharwai, Uttar Pradesh",India,25.539218856799998,81.91469331479999,True
SVNR,SAVANUR,Karnataka,SWR,"State Highway 6, Karnataka",India,14.9617089325,75.4063188531,True
STE,Sagarkatte,Karnataka,SWR,"Sagarkatte, Karnataka",India,12.423381703999999,76.4788766602,True
TBTN,THANA BHAWAN TN,Uttar Pradesh,NR,"Thana Bhawan, Uttar Pradesh",India,29.581129999999998,77.402047,True
TIC,TIMMACHIPURAM,Tamil Nadu,SR,"Karur, Tamil Nadu",India,10.952368,78.37531,True
TDO,TANDA URMAR,Punjab,NR,"Urmar Tanda, Punjab",India,31.672179,75.637595,True
SZN,Shahbaznagar,Uttar Pradesh,NER,"Shahbaznagar, Uttar Pradesh",India,27.928906,79.88703000000001,True
SZV,Sivadi,Tamil Nadu,SWR,"Dharmapuri, Tamil Nadu",India,12.039871999999999,78.118844,True
TBA,Timba Road,Gujarat,WR,"National Highway 59, Gujarat",India,22.781628,73.385859,True
SUBR,Subhagpur,Uttar Pradesh,NER,"MDR 10E, Uttar Pradesh",India,27.26251,82.01764299999999,True
SRBA,Saragbundia,Chhattisgarh,SECR,"Janjgir-Champa, Chhattisgarh",India,22.212297,82.732324,True
SZY,Silak Jhori,Chhattisgarh,ECoR,"National Highway 16, Chhattisgarh",India,18.982188,81.672904,True
TKP,Takipur,West Bengal,ER,"National Highway 60, West Bengal",India,24.303242,87.92059400000001,True
SRJN,Sirajnagar Halt,West Bengal,ER,"Sirajnagar, West Bengal",India,23.818590999999998,88.27076000000001,True
SXC,Sondalia,West Bengal,ER,"Sondalia Railway Station, West Bengal",India,22.682186,88.58227500000001,True
TBD,Telibandha,Chhattisgarh,SECR,"Telibandha, Chhattisgarh",India,21.235642,81.67053,True
TNUE,TINDAULI,Uttar Pradesh,NCR,"Tindauli, Uttar Pradesh",India,27.183053,78.92129,True
TRM,TIRUNAGESVARAM,Tamil Nadu,SR,"Ayyavadi, Tamil Nadu",India,10.975208,79.428212,True
TWL,TILWARA,Rajasthan,NWR,"Barmer, Rajasthan",India,25.893262,72.078131,True
TTI,TURTIPAR,Uttar Pradesh,NER,"Mujouna Gawn, Uttar Pradesh",India,26.16121,83.89084100000001,True
UPW,UPPALAVAI,Andhra Pradesh,SCR,"Uppalwai Main Rd, Andhra Pradesh",India,18.424892,78.316108,True
URPR,UGRASENPUR,Uttar Pradesh,NR,"Janghai, Uttar Pradesh",India,25.568212,82.189171,True
VBN,VALLABHNAGAR,Rajasthan,NWR,"MDR 36A, Rajasthan",India,24.690424,74.018709,True
TUWA,Tuwa,Gujarat,WR,"National Highway 59, Gujarat",India,22.800702,73.463163,True
UJA,UNJHA,Gujarat,WR,"Unjha, Gujarat",India,23.796456,72.381669,True
VND,VENDRA,Andhra Pradesh,SCR,"Mogollu Rd, Andhra Pradesh",India,16.578434,81.56909499999999,True
VP,VIRAPUR,Andhra Pradesh,SCR,"Anantapur, Andhra Pradesh",India,15.158976,77.131692,True
TVG,TAVARGATTI,Karnataka,SWR,"State Highway 34, Karnataka",India,15.414853643999999,74.6628751227,True
TP,TIRUCHIRAPPALLI FORT,Tamil Nadu,SR,"Tiruchirapalli Fort Station Road, Tamil Nadu",India,10.825594,78.688891,True
UNLA,UNAULA,Uttar Pradesh,NER,"Gorakhpur, Uttar Pradesh",India,26.788432,83.471435,True
KPB,KHARPOKHRA,,ECR,,India,27.1425658407,84.1526926862,True
VRL,VERAVAL,Gujarat,WR,"Veraval, Gujarat",India,20.913351,70.370689,True
VEER,VEER,Maharashtra,KR,"Lonere - Mangaon 02145270055, Maharashtra",India,18.113401793300003,73.3300770068,True
VBW,VAIBHAVWADI RD,Maharashtra,KR,"Sindhudurg, Maharashtra",India,16.512013,73.707645,True
THA,Tehta,Bihar,ECR,"Tehta, Bihar",India,25.1130684669,84.98502287230001,True
VEN,VERNA,Goa,KR,"South Goa 0832-2754289, Goa",India,15.353587,73.912519,True
TPB,Trilokpur,Uttar Pradesh,NER,"Semari - Bisokhar Rd, Uttar Pradesh",India,27.508190000000003,82.701077,True
DBNR,Dibnapur,Uttar Pradesh,NER,"Dibnapur, Uttar Pradesh",India,28.524363,79.51619,True
TMKA,Tomka,Odisha,ECoR,"Orissa, Orissa",India,21.107333,85.975352,True
UJH,Ujhani,Uttar Pradesh,NER,"Ujhani, Uttar Pradesh",India,27.995236,79.01491,True
UBN,Ubarni,Uttar Pradesh,NR,"National Highway 24B, Uttar Pradesh",India,26.118214000000002,81.163629,True
TMS,Tumsar Town,Maharashtra,SECR,"State Highway 249, Maharashtra",India,21.383833000000003,79.741784,True
TXD,Tyada,Andhra Pradesh,ECoR,"Vishakhapatnam, Andhra Pradesh",India,18.217966999999998,83.04218999999999,True
UMG,Uttangal Mangalam,Tamil Nadu,SR,"State Highway 10, Tamil Nadu",India,11.535044000000001,79.419161,True
MPKT,CHENNAI PARK TOWN,Tamil Nadu,SR,"Chennai, Tamil Nadu",India,13.07995,80.27598499999999,True
WL,WARANGAL,Andhra Pradesh,SCR,"Warangal, Andhra Pradesh",India,17.972477,79.604929,True
MRPR,MAU RANIPUR,Uttar Pradesh,NCR,"NH 75, Uttar Pradesh",India,25.261270999999997,79.136793,True
VVA,VARVALA,Gujarat,WR,"Jamnagar, Gujarat",India,22.2995032641,68.9678414502,True
MGO,MAHISGAON,Maharashtra,CR,"State Highway 77, Maharashtra",India,18.111324,75.501817,True
ZW,ZAWAR,Rajasthan,NWR,"National Highway 8, Rajasthan",India,24.358621,73.731959,True
WRS,WARIS ALEGANJ,Bihar,ECR,"Warisaliganj, Bihar",India,25.015425,85.642177,True
VZPH,Vazeerpur Halt,Uttar Pradesh,NER,"Lilhar Mudia Link Rd, Uttar Pradesh",India,28.148542000000003,79.86398899999999,True
WTJ,JAM WANTHALI,Gujarat,WR,"Ranuja Village Rd, Gujarat",India,22.429409,70.321802,True
PRI,PATHRI,Uttarakhand,NR,"Haridwar, Uttarakhand",India,29.851996,78.076506,True
VPG,VENTRAPRAGADA,Andhra Pradesh,SCR,"Krishna, Andhra Pradesh",India,16.473819,80.914447,True
VVKP,VIVEKANAND PURI HALT,Delhi,NR,"Sarai Rohilla, Delhi NCT",India,28.664098,77.183702,True
PUS,PHUSRO,,ECR,,India,23.767488999999998,86.01025,True
VSG,VASCO DA GAMA,Goa,SWR,"Mormugao, Goa",India,15.397241000000001,73.813425,True
VLTR,Vadali Luter Road,Gujarat,WR,"Vadali Luter, Gujarat",India,23.078738,73.135398,True
LOD,Lekoda,Madhya Pradesh,WR,"Ujjain, Madhya Pradesh",India,23.075768,75.69849099999999,True
VJR,VIJAYANAGAR,Maharashtra,SWR,"Miraj Road, Maharashtra",India,16.7778119655,74.696289906,True
VRR,VIRPUR,Gujarat,WR,"Rajkot, Gujarat",India,21.848343,70.707212,True
OREH,Ore Halt,,,,India,24.915065,84.991898,False
YFP,YUSUFPUR,Uttar Pradesh,NER,"MDR 94E, Uttar Pradesh",India,25.639006,83.74868400000001,True
VJD,VIJPADI ROAD,Gujarat,WR,"Dolti-Rajula Rd, Gujarat",India,21.17981,71.449442,True
MVS,MANAVASI,Tamil Nadu,SR,"Manavasi, Tamil Nadu",India,10.934013,78.220496,True
VINH,VINHERE,Maharashtra,KR,"Raigad, Maharashtra",India,17.907649,73.38400999999999,True
MRDW,MURDESHWAR,Karnataka,KR,"Murudeshwara, Karnataka",India,14.100277,74.50524700000001,True
KUDA,KUNDAPURA,Karnataka,KR,"Basrur, Karnataka",India,13.612909,74.728366,True
KZE,KANHANGAD,Kerala,SR,"Kanhangad, Kerala",India,12.320267999999999,75.08524799999999,True
NROD,NARI ROAD,Gujarat,WR,"SH 6, Gujarat",India,21.758482,72.08143399999999,True
WDG,Wadegaon,Maharashtra,SECR,"Warsa Rd, Maharashtra",India,20.76451,79.981617,True
VSW,Visavadar,Gujarat,WR,"Visavadar, Gujarat",India,21.341738000000003,70.755622,True
NRPD,Narayanpet Road,Karnataka,SCR,"SH 51, Karnataka",India,,,True
SBY,Solan Brewery,Himachal Pradesh,NR,"Solan, Himachal Pradesh",India,,,True
KSJF,Kasganj Mg,Uttar Pradesh,NER,"Kasganj, Uttar Pradesh",India,27.801268,78.64517,True
WND,Wan Road,Maharashtra,SCR,"Dhulghat, Maharashtra",India,21.21501,76.82043300000001,True
VLU,Vadalur,Tamil Nadu,SR,"Vadalur, Tamil Nadu",India,11.557654999999999,79.547974,True
VLV,Vallivedu,Andhra Pradesh,SCR,"Vallivedu, Andhra Pradesh",India,13.528576,79.068221,True
MANI,Mani Halt,Bihar,ECR,"Mani, Bihar",India,25.1739936806,84.23126776609999,True
TAA,TADLA PUSAPALLI,Andhra Pradesh,SCR,"Mahbubabad, Andhra Pradesh",India,17.626312868499998,79.9541837128,True
CHRG,CHORGI,Karnataka,SWR,"Bijapur, Karnataka",India,17.175076999999998,75.869711,True
SNAD,Saniyad,Gujarat,WR,"Palej, Gujarat",India,,,True
SRDR,Sardarshahr,Rajasthan,NWR,"SH 6, Rajasthan",India,28.439590510764504,74.47905756533146,True
SRGR,Saraygarh,Bihar,ECR,"Saraygarh, Bihar",India,,,True
PTU,PARTUR,Maharashtra,SCR,"Jalna, Maharashtra",India,19.575715,76.212767,True
AGY,AGORI KHAS,Uttar Pradesh,NCR,"State Highway 5, Uttar Pradesh",India,24.59896,83.056105,True
SVPI,SHIVPURI,Madhya Pradesh,WCR,"Shivpuri, Madhya Pradesh",India,25.438444,77.638246,True
MUO,MASANGAON,Madhya Pradesh,WCR,"Harda, Madhya Pradesh",India,22.272733000000002,77.005257,True
KWAE,KATWA,West Bengal,ER,"Katwa, West Bengal",India,23.640315,88.124085,True
VNRD,VANI ROAD,Gujarat,WR,"State Highway 17, Gujarat",India,23.0950624331,72.0035287323,True
JAN,JARANGDIH,,ECR,,India,23.769553,85.92881,True
BOR,BOISAR,Maharashtra,WR,"Boisar, Maharashtra",India,19.7985273,72.76189900000001,True
WGI,Waghai,Gujarat,WR,"Waghai, Gujarat",India,20.772638155885446,73.50047372281551,True
BMF,BASMAT,Maharashtra,SCR,"Basmath, Maharashtra",India,19.3334723149,77.15177759640001,True
CGF,CHARALI,Assam,NFR,"Madhubon to Naoholia Rd, Assam",India,27.4496656596,95.3509509503,True
CJ,KANCHIPURAM,Tamil Nadu,SR,"Kanchipuram, Tamil Nadu",India,12.848947,79.70314900000001,True
CKDL,CHAKDAYALA,Jammu and Kashmir,NR,"Chhan Rorian, Jammu and Kashmir",India,32.478914,75.304858,True
CJN,CHHATNA,West Bengal,SER,"Chhatna, West Bengal",India,23.305386000000002,86.975734,True
SVX,SAVARDA,Maharashtra,KR,"Ratnagiri, Maharashtra",India,17.405007,73.515528,True
URP,Udairampur,West Bengal,ER,"Udairampur, West Bengal",India,22.100085,88.273732,True
STD,Satrod,Haryana,NWR,"Haryana, Haryana",India,29.108936,75.82118,True
CHHU,Chhanva,Odisha,SER,"Mayurbhanj, Orissa",India,22.3355771,86.194643,True
PASA,PARASHSHALA,Kerala,SR,"Parassala, Kerala",India,8.3398400051,77.16548966,True
KDPA,KHADAPA,,ECoR,,India,19.00582,82.445719,True
NMK,Nim Ka Thana,Rajasthan,NWR,"Neem Ka Thana, Rajasthan",India,27.741573,75.779691,True
KLAT,Khelpatta,,,,India,21.274489000000003,77.872524,False
MUHI,Murhari Halt,,,,India,25.341408340100003,85.5330143262,False
SZH,Saonga Halt,Madhya Pradesh,SECR,"Saonga, Madhya Pradesh",India,21.520105,78.871166,True
DDC,Dum Dum Cantt.,West Bengal,ER,"Dum Dum Cantt, West Bengal",India,22.636349000000003,88.411641,True
PLY,Plassey,West Bengal,ER,"Plassey, West Bengal",India,23.777986000000002,88.28447,True
CKX,Chakur,Maharashtra,SCR,"MSH3, Maharashtra",India,18.4875607596,76.8840283246,True
PCMK,Pacharmalikpura,Rajasthan,NWR,"State Highway 19, Rajasthan",India,27.201471,75.389317,True
BCRD,Barchi Road,Madhya Pradesh,CR,"State Highway 26, Madhya Pradesh",India,21.951502,78.311632,True
BUDI,Bundi,Rajasthan,WCR,"Bundi, Rajasthan",India,25.407922,75.65069899999999,True
CJQ,Champajharam,Odisha,SER,"National Highway 23, Orissa",India,22.101526,84.90421199999999,True
VRG,VIKRAMNAGAR,Madhya Pradesh,WR,"Ujjain, Madhya Pradesh",India,23.162187,75.817754,True
BYC,BELLARY CANT,Karnataka,SWR,"Bellary, Karnataka",India,15.150286000000001,76.89450500000001,True
BWF,BUTEWALA,Punjab,NR,"Village Sadhara Rd, Punjab",India,31.080357,74.896803,True
SPY,Sarsonpuri,Chhattisgarh,SECR,"National Highway 43, Chhattisgarh",India,20.780632,81.638003,True
BSDA,BANIYA SANDA DHORA,Rajasthan,NWR,"Barmer, Rajasthan",India,25.860229999999998,71.668563,True
BXP,BARPATHAR,Assam,NFR,"Railway Station, Assam",India,26.274562,93.899672,True
GRF,GAMBHIRI ROAD,Rajasthan,WR,"National Highway 79, Rajasthan",India,24.693873,74.671009,True
BEC,BERACH JN CABIN,,,,India,24.896441999999997,74.61523199999999,False
PPNI,PARAS PANI,,,,India,24.38141,83.04895300000001,False
NDT,Nathdwara,Rajasthan,NWR,"SH 49, Rajasthan",India,24.92025,73.909396,True
JNU,JAUNPUR JN,Uttar Pradesh,NR,"Jaunpur, Uttar Pradesh",India,25.762849,82.69969599999999,True
UMRI,UMRI,Maharashtra,SCR,"Nanded, Maharashtra",India,19.0418,77.642682,True
BXLL,BILLI,Uttar Pradesh,ECR,"Obra, Uttar Pradesh",India,24.453381,83.011944,True
BHPA,Bahrupiya Halt,West Bengal,ER,"Bahirpuya, West Bengal",India,22.22962,88.349067,True
SPP,SHAHPUR PATOREE,Bihar,ECR,"Samastipur, Bihar",India,25.639425999999997,85.5813,True
MSSD,Maheshari Sandhuan,Punjab,NR,"Firozpur Rd, Punjab",India,30.848579,74.992929,True
ASSH,AISHBAGH,,,,India,26.836088,80.908616,False
BDJ,VADAKARA,Kerala,SR,"Calicut, Kerala",India,11.593321399999999,75.5869409,True
KADH,Khairadih Halt,Bihar,ECR,"Khairadih, Bihar",India,25.035047,84.054715,True
BXL,BHEDUASOL,West Bengal,SER,"National Highway 60, West Bengal",India,23.1943639299,87.13517327999999,True
AMPR,AMARPURA RATHAN,Rajasthan,NWR,"MDR 103, Rajasthan",India,29.483399000000002,74.078953,True
BWA,BHINWALIYA,Rajasthan,NWR,"Pindwara, Rajasthan",India,25.5596627,73.4924808,True
JNX,Jagnath Road Halt,Rajasthan,NWR,"Jalor, Rajasthan",India,25.270948,72.62821,True
MBSK,Marwar Balia,Rajasthan,NWR,"Marwar, Rajasthan",India,27.357827,74.545106,True
BEJ,Beniganj,Uttar Pradesh,NR,"Sitapur, Uttar Pradesh",India,27.299916,80.440599,True
BSDR,Bansadhara Halt,Andhra Pradesh,ECoR,"Lihuri Rd, Andhra Pradesh",India,18.970276000000002,83.822754,True
SPR,Sonarpur Junction,West Bengal,ER,"Kolkata, West Bengal",India,22.443359,88.429773,True
SPB,Sonekpur Halt,Uttar Pradesh,NR,"Bilari, Uttar Pradesh",India,28.630277,78.69314200000001,True
PQA,Pipla Halt,Maharashtra,SECR,"Pipla, Maharashtra",India,21.312575,79.06675999999999,True
BIRL,Biraul,Bihar,ECR,"Darbhanga, Bihar",India,25.937062,86.233733,True
GRZ,Gurthuri,,NR,,India,29.648169000000003,76.177379,True
JNT,Jaintipura,Punjab,,"National Highway 15, Punjab",India,31.773393000000002,75.10219199999999,True
PQH,Pindkepar Halt,,,,India,21.304069,80.18200300000001,False
JNZ,Jenal,Gujarat,NWR,"Bhildi, Gujarat",India,24.3273122158,72.0377359918,True
PQN,Pariawan Kalakankar Road,Uttar Pradesh,NR,"Pwn Klaknder Rd, Uttar Pradesh",India,25.825794000000002,81.368601,True
JNN,Jamuniatand,Jharkhand,ECR,"Jamuniatand, Jharkhand",India,23.75454,86.191952,True
CKM,Chauki Man,Punjab,NR,"Chauki Maan, Punjab",India,30.814885999999998,75.56567299999999,True
BEI,Shimoga Bidare,,,,India,13.9025358525,75.64768061160001,False
BEM,Budaun,Uttar Pradesh,NER,"Badaun, Uttar Pradesh",India,28.0274922,79.1360237,True
METR,Methi Tikur,,,,India,26.698845,80.418467,False
BWV,Bhiwapur,Maharashtra,SECR,"Bhiwapur, Maharashtra",India,20.76925671,79.51148736,True
SMDC,SAWAI MADHOPUR D CABIN,,,,India,26.0356,76.375851,False
APQ,ADITPARA,,,,India,21.67359117,69.6779178894,False
MOTA,MOTA,Uttar Pradesh,NCR,"Mota, Uttar Pradesh",India,27.2889777447,79.2537294641,True
SWNR,SEWA NAGAR,Delhi,NR,"South Extension 1, Delhi NCT",India,28.579299000000002,77.22770799999999,True
LO,LOLIYA,Gujarat,WR,"State Highway 1, Gujarat",India,22.512244,72.166923,True
NON,Nonar Halt,,,,India,25.2864711772,84.3707734497,False
HLB,HADALA BHAL,Gujarat,WR,"Limbadi to Hadala Rd, Gujarat",India,22.487223,72.13179600000001,True
RLR,RAILA ROAD,Rajasthan,NWR,"Raila, Rajasthan",India,25.630348,74.596325,True
EDA,ITWAN DUNDAILA,,,,India,24.939958728,80.84270550779999,False
PDJ,PHIDING,,,,India,25.221835000000002,93.14983,False
SMDP,SHAHABAD MOHAMADPUR,Delhi,NR,"Dwarka, Delhi NCT",India,28.560927,77.071838,True
KTOA,KOTANA,Rajasthan,NWR,"Kotana, Rajasthan",India,23.916929999999997,73.72634199999999,True
TJM,TURINJAPURAM,,,,India,12.336963,79.090728,False
KYV,KOYILVENNI,Tamil Nadu,SR,"Kovilvenni, Tamil Nadu",India,10.776294,79.368646,True
ROHN,ROHEDNAGAR HALT,Haryana,NR,"Delhi-Rohtak Corridor, Haryana",India,28.7611280103,76.8140929907,True
SPL,SUNDARAPERUMAL KOVIL,Tamil Nadu,SR,"Thanjavur, Tamil Nadu",India,10.941722,79.30063,True
NOY,NOYAL,,,,India,11.060239,77.93176899999999,False
KCYN,KACHHIYANA HALT,,,,India,25.1331170814,85.98011055180001,False
LW,LORWADA,,,,India,24.217193,72.08968,False
EDD,EDDULADODDI,Andhra Pradesh,SCR,"Pyapili, Andhra Pradesh",India,15.329698,77.589906,True
RLP,HARLAPUR,Karnataka,SWR,"National Highway 63, Karnataka",India,15.434833000000001,75.799259,True
GRH,GHORASAHAN,,,,India,26.82028731,85.12762727,False
NOH,Nigohi,Uttar Pradesh,NER,"Nigohi, Uttar Pradesh",India,28.0989194076,79.8785035535,True
AIH,ALAWALPUR I PUR,Uttar Pradesh,NR,"Alawalpur, Uttar Pradesh",India,29.0477960432,77.27163889890001,True
DPU,DIPHU,Assam,NFR,"Diphu, Assam",India,25.83725,93.438384,True
MPRD,Mathurapur Road,West Bengal,ER,"State Highway 3, West Bengal",India,22.140587,88.390923,True
DLDE,DALDALI,Assam,NFR,"Diphu, Assam",India,25.820221,93.51715200000001,True
LD,LONDA JN,Karnataka,SWR,"Londa, Karnataka",India,15.450273,74.496982,True
BYH,BHITI,Uttar Pradesh,NER,"Handia, Uttar Pradesh",India,25.333548,82.261348,True
DPO,DAMANPUR,,,,India,26.53866,89.53636700000001,False
HLR,Halisahar,West Bengal,ER,"Kanchrapara, West Bengal",India,22.921498999999997,88.436792,True
TJW,Tejpurwa Halt,,,,India,25.940085,84.819703,False
HLE,Heelalige,Karnataka,SWR,"Chandapura -Dommasandra Road Bengaluru, Karnataka",India,12.813180000000001,77.710974,True
DPW,Dhapewara,Madhya Pradesh,SECR,"State Highway 11, Madhya Pradesh",India,21.872721159199997,80.1913272595,True
SMDT,Semmandappatti,Tamil Nadu,SWR,"Salem, Tamil Nadu",India,11.7955548355,78.0260572961,True
BAWA,Balwara,Rajasthan,NWR,"State Highway 38, Rajasthan",India,25.5031445488,72.5545000909,True
RKJE,Rakhitpur,Jharkhand,ECR,"Jairampur More to Baliapur, Jharkhand",India,23.725742,86.490871,True
LMU,Limarua,Madhya Pradesh,SECR,"Chiraidongri, Madhya Pradesh",India,22.524250000000002,80.349702,True
KLLF,Kalol Jn,,,,India,23.244426,72.50348000000001,False
LB,Lain Bazar,,,,India,26.429190879300002,84.2806012268,False
KNYR,Kaniuru Halt,Karnataka,SWR,"Kaniyoor, Karnataka",India,12.717207,75.365526,True
APP,Ambapendarpur Halt,,,,India,25.2669627882,85.5297094055,False
KADI,Kadi,Gujarat,WR,"Kadi, Gujarat",India,23.292133,72.326105,True
APU,Anipur,Assam,NFR,"Anipur, Assam",India,24.545735999999998,92.43452699999999,True
APJ,Amarpur Jorasi,Rajasthan,NWR,"Narnaul, Rajasthan",India,28.02178,76.07610899999999,True
APK,Aruppukkottai,,,,India,9.524631680999999,78.10189147,False
API,Akkaraippatti,,,,India,10.3998079865,77.92262799379999,False
KTKH,Kotlakheri,Madhya Pradesh,WR,"East Nimar, Madhya Pradesh",India,22.078204,76.173654,True
KXZ,KESARIYA ROAD,,,,India,22.908845999999997,71.814406,False
SABD,SALABAD,,,,India,26.984965,77.310319,False
KURN,KHUKRANA,,,,India,29.400184,76.924226,False
KXR,KURIA,,,,India,26.468217,85.005407,False
KLKH,Kalladaka,,,,India,12.845834,75.05984199999999,False
BTYA,Bhatariya,,,,India,23.438252,72.274465,False
RJK,RAJA KA SAHASPUR,Uttar Pradesh,NR,"Bilari, Uttar Pradesh",India,28.626216,78.780097,True
KTMA,KOTMA,Madhya Pradesh,SECR,"Kotma, Madhya Pradesh",India,23.202833000000002,81.979022,True
BSBN,BHUSAWAL B CABIN,,,,India,21.049919000000003,75.822458,False
PSRY,PASHWASHRAYA,,,,India,26.763435,88.40378299999999,False
CKLA,Chak Banwala,Punjab,NR,"Chimne Wala, Punjab",India,30.423043,74.133437,True
JIGT,JIRIGHAT,,,,India,24.8100917,93.08687905000001,False
KADR,Kadiyadra,Gujarat,WR,"State Highway 10, Gujarat",India,23.885219,73.057502,True
TJD,TAJPUR DEHMA,Uttar Pradesh,NER,"Gosalpur Rd, Uttar Pradesh",India,25.728138,83.92969,True
CLI,CHALGERI,Karnataka,SWR,"Chalageri, Karnataka",India,14.5614031141,75.73529039,True
JGBR,JOGESHWAR BIHAR,,,,India,23.746057,85.6267,False
SDVL,SOLDEVANAHALLI,Karnataka,SWR,"Bengaluru, Karnataka",India,13.091395,77.490385,True
LOL,LOLIEM,,,,India,14.939155,74.08778,False
KMMD,Kirmiti Mendha,,,,India,20.593933,79.774173,False
KRPC,KHARIA-PIPRA HALT,,,,India,18.807373000000002,82.724227,False
BLRE,BELSIRI,,,,India,26.800480999999998,92.51446299999999,False
DRQ,DHARMINIYA,,,,India,26.865524999999998,84.793439,False
DRE,DHOGRI,Punjab,NR,"Dhogri, Punjab",India,31.40278,75.635791,True
KKLR,KAIKOLUR,Andhra Pradesh,SCR,"Kaikalur, Andhra Pradesh",India,16.551026,81.21831599999999,True
KYSD,KAIYAL SEDHAVI,Gujarat,WR,"State Highway 217, Gujarat",India,23.427144,72.428861,True
KLYH,Kallur Yedahli,Karnataka,SWR,"Kallur Yedahli, Karnataka",India,12.421123999999999,76.497258,True
KYSB,KAIYAL SEDHAVI,,,,India,23.426814,72.428531,False
DHE,Dodhi,Uttar Pradesh,NER,"Dodhi, Uttar Pradesh",India,25.604879,82.998947,True
BRDV,Baradev,Uttar Pradesh,NR,"State Highway 38, Uttar Pradesh",India,26.7017793648,80.4119287744,True
TKLN,Tarrakalan,Madhya Pradesh,NCR,"Tarrakalan, Madhya Pradesh",India,25.971659,76.901807,True
MKHI,Makhi,Uttar Pradesh,NR,"Unnao, Uttar Pradesh",India,26.661427,80.46113700000001,True
CLU,Chilakalapudi,Andhra Pradesh,SCR,"Machilipatnam, Andhra Pradesh",India,16.202721,81.162137,True
BRDH,Bardhana Halt,,,,India,22.136014999999997,78.799478,False
PSV,Parsneu,,,,India,28.037882999999997,74.378783,False
HNZM,Delhi Hazrat Nizamuddin,,,,India,28.58701,77.253929,False
TKLB,Takli Bhansali,Maharashtra,SECR,"National Highway 69, Maharashtra",India,21.361133,78.983053,True
PSX,Patansaongi Town Halt,Maharashtra,SECR,"Patansaongi, Maharashtra",India,21.335452,79.025915,True
BCT,Mumbai Central,Maharashtra,WR,"Mumbai, Maharashtra",India,18.970667,72.819383,True
PDF,PADAMPUR,,,,India,23.519468000000003,70.836786,False
TDH,Tindharia,West Bengal,NFR,"National Highway 55, West Bengal",India,26.851551,88.332848,True
KZA,KHADA,Uttar Pradesh,NER,"Khadda Katai Bharpurva Bandh, Uttar Pradesh",India,27.182926,83.868376,True
RGBD,RAMGANGA,,,,India,28.297728,79.37463899999999,False
QBW,QUBARWALA,,,,India,30.175886000000002,74.417372,False
PPRH,PIPARAHAN HALT,,,,India,26.224332999999998,85.246908,False
DET,DET,,,,India,25.01154,74.641128,False
ACN,ADHICHCHANUR,,,,India,12.05415,79.182478,False
KPLR,KOPARLAHAR,Himachal Pradesh,NR,"National Highway 88, Himachal Pradesh",India,32.05191,76.25044299999999,True
MU,MAKANSAR,,,,India,22.7603546992,70.90609338009999,False
RKSH,RISHIKESH,Uttarakhand,NR,"Rishikesh, Uttarakhand",India,30.107173,78.287498,True
NZG,NAZARBAG,,,,India,22.814612,70.855228,False
MPF,MUIRPUR ROAD,,,,India,24.206087,83.094386,False
AVC,AMRAVATHI COLONY,,,,India,14.498218999999999,75.854093,False
KLRS,KOLARAS,Madhya Pradesh,WCR,"Shivpuri, Madhya Pradesh",India,25.224926,77.590411,True
CSMA,Chanasma Junction,Gujarat,WR,"Chanasma, Gujarat",India,23.710492,72.11188299999999,True
CGKR,CHANDAGIRIKOPAL,Karnataka,,"State Highway 7, Karnataka",India,12.485166999999999,76.730177,True
BDJR,BHADORA JAGIR,,,,India,24.786919,77.41188299999999,False
KAG,KODAGANUR,Karnataka,SWR,"State Highway 47, Karnataka",India,14.3305086886,76.033542879,True
BMRN,BHIMRANA,,,,India,22.389889,68.992445,False
CAPA,Chhapra Jn,,,,India,25.787896,84.724365,False
NDPL,NDPL,,,,India,15.456312,78.520612,False
BAR,BAR,Rajasthan,NWR,"Haripur, Rajasthan",India,26.063048,74.113189,True
KJGY,Khanalampura Gy,,,,India,29.929192999999998,77.58350800000001,False
RLA,RAJULA JN,Gujarat,WR,"Baraf Tana, Gujarat",India,21.103699,71.479251,True
TKND,Trivikramdeo Nagar,,,,India,26.3019109091,84.7089663623,False
DVGM,DEVGAM,,,,India,23.938342,71.59185599999999,False
SNBR,SONUABARY,,,,India,26.172784,92.310137,False
HRSN,HARISINGA,,,,India,26.72438,91.985001,False
SPGN,SRIPURIA GAON,,,,India,27.4659128037,95.3515292572,False
TNJR,TAJ NAGAR,,,,India,28.3853476007,76.82424935060001,False
LIM,SONALIUM,,,,India,15.309987,74.292427,False
PPRN,PIPRAN,,,,India,29.265794999999997,73.928281,False
GPPR,GOPALPUR,,,,India,23.083595579100002,70.1030164429,False
BMNL,BAMANWALI HALT,,,,India,28.361736,73.555273,False
UDKN,UDAYPUR KHURD,,,,India,28.486234,80.178413,False
JUL,JHULASAN,Gujarat,WR,"Mehsana, Gujarat",India,23.326699,72.471355,True
KGVE,Konagavalli Halt,,,,India,14.024984822,75.496473584,False
DOT,Dhakia Tiwari,Uttar Pradesh,NER,"Dhakia Tiwari, Uttar Pradesh",India,28.028812000000002,79.88587199999999,True
BHTH,Bhairopatti Halt,,,,India,25.894911,86.90718700000001,False
MTWN,Mitewani,,,,India,21.424028,79.712797,False
KVNJ,Kapadvanj,Gujarat,WR,"Kapadvanj, Gujarat",India,23.01905,73.078323,True
NCN,Nachinda Ph,,,,India,21.881341,87.75496600000001,False
VINA,Vina,,,,India,22.764138999999997,72.903227,False
LIJ,Lakshmiganj,,,,India,26.927786,83.788161,False
KULH,Kulha-Halt,,,,India,26.369411,80.656456,False
KTKS,Kantakosh Halt,,,,India,25.333656684799998,87.673891665,False
STB,Shantipur,West Bengal,ER,"National Highway 34, West Bengal",India,23.262660999999998,88.435028,True
NCE,Nalacheruvu East,,,,India,13.988212499000001,78.1854899005,False
DSN,Darsana,,,,India,23.523411,88.795843,False
TKMG,Tikamgarh,,,,India,24.7672962666,78.8406655457,False
NKPU,Nekpur,,,,India,24.995699000000002,85.338857,False
KGVL,Kadagaravalli,,,,India,12.83778,75.696016,False
MDPJ,Madanapur Halt,,,,India,19.549184,78.189939,False
PATR,Paramjeevar Tarajeevar,,,,India,26.256947,85.448635,False
NLNR,NULEMURU HALT,,,,India,14.007537361799999,76.12580920779999,False
LKU,LAL KUAN,Uttarakhand,NER,"Lalkuan, Uttarakhand",India,29.071574,79.517641,True
KAJG,KARANJGAON,,,,India,19.9493826187,74.9240362146,False
MRX,MURUD,Maharashtra,CR,"State Highway 162, Maharashtra",India,18.380482,76.251585,True
SKAR,SAKARIYA,,,,India,24.607481,80.90078,False
NLL,NALLI,,,,India,9.269174,77.92223899999999,False
PDGM,PUDUNAGARAM,,,,India,10.683752,76.684608,False
KLVD,KALAVAD,,,,India,21.8996981538,69.8083238586,False
JHL,JAKHAL JN,Haryana,NR,"Jakhal, Haryana",India,29.8018131127,75.8245009833,True
MCLA,Macherla,Andhra Pradesh,SCR,"Macherla, Andhra Pradesh",India,16.4695102,79.4382772,True
MEG,MELENG,,,,India,26.794394999999998,94.305982,False
WWA,VAVANIYA,,,,India,23.0072062075,70.61468985409999,False
DEIT,Dehit,,,,India,25.300468743099998,75.85015269780001,False
TMGN,Thamla Mogana,,,,India,24.875571,73.93477800000001,False
AMRI,ANAJ MANDI,,,,India,28.187504999999998,76.605319,False
BMPT,Banni Mahamman,,,,India,25.891285,84.778666,False
TKA,TEHARKA,Uttar Pradesh,NCR,"National Highway 75, Uttar Pradesh",India,25.300234,78.917318,True
CKHS,Chikhale,,,,India,18.97295,73.152541,False
DSBC,DELHI SHAHDARA BLOCK CABIN,,,,India,28.677356999999997,77.30022000000001,False
SDPN,SINDPAN,,,,India,24.164576,75.03158,False
AHJU,AHJU,Himachal Pradesh,NR,"National Highway 20, Himachal Pradesh",India,32.02843,76.690156,True
LLKN,LAL KALAN,,,,India,30.827548999999998,76.101493,False
BOZ,BOLARUM BAZAR,Andhra Pradesh,SCR,"Secunderabad, Andhra Pradesh",India,17.517847537100003,78.5159651358,True
SVN,SIVUNGAON,Maharashtra,SCR,"Nanded, Maharashtra",India,19.1086533083,77.54447048829999,True
PNSD,PANGARSHINDE HALT,,,,India,19.526469000000002,77.24009,False
RJJN,RAJAJAN HALT,,,,India,25.6149631854,85.6709042426,False
UMNF,Ambliyasan Jn,,,,India,23.446636,72.422431,False
PPTA,PATLIPUTRA,,,,India,25.621426,85.068505,False
LKBR,LAKSHMI BAI NAGAR,,,,India,22.741887,75.85816200000001,False
DBLA,Dabla,Rajasthan,NWR,"National Highway 79, Rajasthan",India,27.888685430000002,75.9464005609,True
VPDA,VIDYAPATIDHAM,,,,India,25.602064857400002,85.80243268800001,False
GTLW,GUNTAKAL WEST,,,,India,15.167523391300001,77.3426508783,False
SVDK,S M V D KATRA,,,,India,32.982814,74.935736,False
RPAN,RANGAPARA NORTH,,,,India,26.8215934,92.682658,False
VEK,VELLARAKKAD,Kerala,SR,"Vellarakkad Railway Station, Kerala",India,11.4723,75.653412,True
CGON,CHAYGAON,Assam,NFR,"National Highway 37, Assam",India,26.064069106999998,91.3952511639,True
GNAN,Gonda Jn,,,,India,27.153922,81.97761799999999,False
DIE,Demai,,,,India,23.159049,73.210181,False
PTKC,PATHANKOT CANTT,,,,India,32.2593,75.636044,False
EC31,Kharuara Halt,,,,India,25.4316280874,85.5436173315,False
PWA,Powai,,,,India,27.35353,95.646229,False
NAB,Nagbhir Junction,Maharashtra,SECR,"Nagbhir, Maharashtra",India,20.579811999999997,79.700138,True
NAK,Naksalbari,,,,India,26.682578,88.20223499999999,False
UDPR,Udaipura,,,,India,24.775688911699998,78.65148636960001,False
KNWF,Khandwa Jn,,,,India,21.823905999999997,76.353537,False
SVS,Srinivaspur,,,,India,13.328283,78.206169,False
NMDR,Nimdanri,West Bengal,ER,"Madhyampur Station Rd, West Bengal",India,22.608628,88.905624,True
KCU,Kachhiaa,Uttar Pradesh,NER,"Badaun, Uttar Pradesh",India,27.973382,78.88310899999999,True
MHPR,Mahiyarpur,,,,India,25.411453041399998,87.613385199,False
BTCN,Balaghat,,,,India,21.8111685,80.1994253,False
MHPE,Mhope,,,,India,18.943255,73.19412,False
JLRF,Jetalsar Jn,,,,India,21.729584,70.57412,False
SDPH,Sardar Patel Halt,,,,India,25.050378,85.424114,False
IMBG,Imlibigha Halt,,,,India,25.3007943293,85.53137103520001,False
XKA,Kamta,,,,India,25.336573948,85.27774552000001,False
MKZ,Mahkepar Road,,,,India,21.632916,79.67892,False
SKAP,SK Para,Tripura,NFR,"National Highway 44, Tripura",India,23.971989,91.94712,True
MMCC,MOOR MARKET,,,,India,13.084876000000001,80.275222,False
DKR,Dekpura Halt,,,,India,25.2611531167,85.52942276,False
KRHT,KHARAHAT,,,,India,27.070551000000002,94.74965900000001,False
JDW,JARAUDA NARA,Uttar Pradesh,NR,"MuzaffarNagar, Uttar Pradesh",India,29.42673,77.705438,True
MAYR,Mayar,,,,India,29.100107,75.86074699999999,False
VKM,VENKATESAPURAM,,,,India,11.9307785279,79.442293656,False
SXQ,SUAHERI,,,,India,29.436815999999997,78.19083099999999,False
PPVL,PIRAPPANVALASAI,Tamil Nadu,SR,"Pirappan Valasai, Tamil Nadu",India,9.299159000000001,79.043777,True
NARA,NARA HALT,,,,India,29.390441641,76.759969657,False
KER,KIRIHRAPUR,Uttar Pradesh,NER,"Kirihrapur, Uttar Pradesh",India,26.045500525999998,83.73706466189999,True
PLVR,PALAM VIHAR HALT,,,,India,28.515463592299998,77.0327645691,False
GGKR,GOVINDGARH KHOKHAR,Punjab,NR,"Govindgarh, Punjab",India,29.992439273899997,75.80832813660001,True
PLVA,PALLEVADA,Andhra Pradesh,SCR,"Pallevada, Andhra Pradesh",India,16.576700082699997,81.2878959662,True
NDIM,NANDAIGRAM HALT,,,,India,23.311548007099997,88.31706186039999,False
MGD,MUGAD,Karnataka,SWR,"State Highway 34, Karnataka",India,15.46241,74.915401,True
TBAE,TRIBENI,West Bengal,ER,"Tribeni, West Bengal",India,22.990357999999997,88.398096,True
URL,UNJALUR,Tamil Nadu,SR,"Unjalur, Tamil Nadu",India,11.127976,77.875839,True
BMM,BHASKARPARA,,,,India,22.988208,71.90540899999999,False
DKW,DHANAKWADA,,,,India,24.146307,71.823472,False
IVL,ILAVELANGAL,Tamil Nadu,SR,"Ottanatham - Maniyachi Rd, Tamil Nadu",India,8.937878,77.87235,True
GZS,GIANI ZAIL SINGH SANDHWAN,Punjab,NR,"Distt Faridkot, Punjab",India,30.613851,74.801905,True
SHB,Shahibag,,,,India,23.035546,72.600949,False
BMC,Bhimalgondi,Madhya Pradesh,SECR,"State Highway 19, Madhya Pradesh",India,21.740994,78.914582,True
TBR,Taiabpur,,,,India,26.392839,88.154497,False
BSWD,BHEMSWADI,,,,India,21.485727,71.357286,False
TKTB,THAKURBARI,,,,India,26.797642000000003,92.699488,False
RMC,Ram Chaura Road,Uttar Pradesh,NR,"National Highway 24B, Uttar Pradesh",India,25.609488,81.686954,True
GHLU,Ghallu,,,,India,30.2566065213,74.1078213831,False
BMN,BHIMANA,Rajasthan,NWR,"Abu Road, Rajasthan",India,24.595571,72.886302,True
PRDH,PIR DULHE SHAH HALT,,,,India,25.873873,73.155686,False
KEJ,Kathleeghat,Himachal Pradesh,NR,"Shoghi, Himachal Pradesh",India,31.021478000000002,77.103224,True
MRDG,Maradanga,,,,India,26.301078,89.55668499999999,False
MRDA,Maroda,,,,India,20.095174,79.660732,False
LUA,Laluri Khera,,,,India,28.607969,79.74624299999999,False
KEMP,Kempalsad,,,,India,21.087653,79.263378,False
SGUD,Siliguri,,,,India,26.723574,88.414033,False
CHNH,Channi Halt,,,,India,27.890151968,73.01665499389999,False
KTGO,Kotgaon,,,,India,20.625413,79.674577,False
PAAL,Pala,,,,India,21.3760800242,78.0183333807,False
SXV,Suku,,,,India,18.715021,82.726431,False
NARD,Naika Road,,,,India,25.4485799037,85.2923767371,False
RAKD,Radha Kund,,,,India,27.537943,77.523598,False
BHMA,Baghmara Halt,,,,India,25.365523628400002,87.6174634106,False
ZPR,Zorawar Pura Halt,,,,India,29.762905,73.44881699999999,False
OM,Omkareshwar Road,Madhya Pradesh,WR,"SH 27, Madhya Pradesh",India,22.215082,76.04654,True
AGTR,Agauthar Halt,,,,India,26.008145546599998,84.8437572205,False
NES,Natesar,,,,India,24.963884576399998,85.2718057104,False
KNLE,Kanale,,,,India,14.2250994053,74.9593667969,False
BRMT,Baramati,Maharashtra,CR,"Baramati, Maharashtra",India,18.1536772,74.5781969,True
MHKT,MOHKHUTI,,,,India,27.106537,94.80821,False
GNGR,GUNGRANA,,,,India,30.714577,75.82596,False
MCO,MOTIHARI COURT,,,,India,26.62564,84.90543100000001,False
MXM,MINATCHIPURAM,,,,India,10.629748000000001,76.87534699999999,False
OPN,ONNUPURAM HALT,,,,India,12.711563669599999,79.17972008790001,False
GDH,Gidnahali,,,,India,13.406514,77.82513399999999,False
KUKA,Khui Khera,,,,India,30.305205841499998,74.0778039648,False
BNJN,BINJANA,,,,India,22.9311978995,75.98680179930001,False
GDW,Gadhwala,,,,India,27.970288,73.454923,False
MCL,MADIMANGALAM,,,,India,12.598975000000001,79.1862,False
BUGN,BHURJIHA BARAGN,,,,India,27.638101,80.726312,False
LKJN,LINK JN. CABIN,,,,India,25.356832,81.841869,False
JHH,JHALRA HALT,,,,India,29.420302,78.17640399999999,False
KTES,KATNI SOUTH,,,,India,23.824725,80.401113,False
KGH,Kotegangur,,,,India,13.9821624414,75.5206561768,False
CLKN,CHUCHELA KALAN,,,,India,29.014595999999997,78.272803,False
GDI,GUDGERI,Karnataka,SWR,"Gudgeri, Karnataka",India,15.1249217339,75.3596044824,True
DLPR,DAYALPUR,,,,India,25.6322106511,81.8894849231,False
CKRD,CHAKMAKRAND,,,,India,25.6975316046,85.2740297845,False
BHCH,BLOCK CABIN CHAKKI BANK,,,,India,32.2419748422,75.651062146,False
KNSN,KARNA SUBARNA,West Bengal,ER,"Khagraghat - Chowrigacha, West Bengal",India,24.035537,88.176458,True
APCH,ALIPURDUAR COLLEGE,,,,India,26.5016791611,89.5274862292,False
CRZ,CARANZOL,,,,India,15.3607491302,74.3061977655,False
KNSR,KANASAR,Rajasthan,NWR,"Lalgarh, Rajasthan",India,28.145913,73.324726,True
HSDA,Hansdiha,,,,India,24.6141943022,87.0849798193,False
GUSB,GHUMASAN BG,,,,India,23.378259,72.449413,False
MXZ,Mohdara Halt,,,,India,20.960497,79.34702300000001,False
OHAN,OHANCABIN,,,,India,25.102455000000003,81.017247,False
BIE,BHISTENHATTI,,,,India,15.41363,74.705805,False
AWT,Alwar Tirunagri,Tamil Nadu,SR,"Thoothukudi, Tamil Nadu",India,8.602296,77.941809,True
MUDI,Mududi,,,,India,13.151294369,76.2332042139,False
BUGY,Bugia Halt,,,,India,29.38048,73.608155,False
IGTA,Ingohta,Uttar Pradesh,NCR,"National Highway 86, Uttar Pradesh",India,25.758384,80.126678,True
GNGT,Gangatolia,,,,India,22.392169,79.986339,False
DHOA,Dhaulpur,,,,India,26.697202,77.905659,False
SHER,Sher,,,,India,26.3516649204,84.628290531,False
BICI,Barkichampi,,,,India,23.483611,84.709751,False
JBPN,Jabalpur Jn (Ng),,,,India,23.164248,79.950772,False
SLQ,Salona Assam,,,,India,26.448981,92.961877,False
DGT,Dhulghat,Maharashtra,SCR,"Amlakhurd, Maharashtra",India,21.296281999999998,76.74963299999999,True
DGY,Dighori Buzurg,,,,India,21.107513,79.230454,False
PH,Panoh,,,,India,31.551327999999998,76.19991700000001,False
MCY,Machriawan,,,,India,25.4624795686,85.29441999630001,False
KIK,Karaikal,,,,India,10.925606,79.839712,False
KIF,Kuri,,,,India,9.035098526,76.8173945569,False
PSJ,Patasahi,Odisha,SER,"National Highway 23, Orissa",India,22.020127,84.923705,True
JLT,Jhamat Halt,,,,India,27.200025999999998,83.340382,False
CKN,CHINTA KANI,Andhra Pradesh,SCR,"Chinta Kani Station, Andhra Pradesh",India,17.126458999999997,80.201337,True
CBSA,Chaibasa,Jharkhand,SER,"National Highway 75, Jharkhand",India,22.560494000000002,85.812342,True
KKR,KHAKHRALA ROAD,,,,India,22.897133,70.722232,False
SPPA,SHERPUR DHIPURA,,,,India,25.5999397486,85.8481621063,False
DNWF,Dangarwa,,,,India,23.401545,72.441313,False
PSS,PADSALI,,,,India,18.0060618945,75.38808359379999,False
CHRA,CHHARRA,West Bengal,SER,"Purulia, West Bengal",India,23.375747,86.42299399999999,True
PKNS,POKHARNI NARASIMHA,Maharashtra,SCR,"Pokharni Nrsnha, Maharashtra",India,19.118747261,76.7316388525,True
BHAS,BHOJRAS,,,,India,25.7882166,74.63427990000001,False
HNL,HINGOLI DECCAN,Maharashtra,SCR,"Hingoli, Maharashtra",India,19.726357,77.146758,True
ALAL,ALAL,,,,India,30.378176,75.72420699999999,False
KARR,KHARAR,,,,India,30.7263803992,76.6360518042,False
BHAL,BHATIEL,,,,India,22.477066,72.834624,False
AGM,AGARAM SIBBANDI,,,,India,12.414388,79.11334699999999,False
ASAR,ASRA HALT,,,,India,29.249760774200002,77.29144328,False
CTZ,CHAUNTRA BHATERH,Himachal Pradesh,NR,"Chauntra Bhater, Himachal Pradesh",India,32.005534999999995,76.74671000000001,True
MUY,MUGAIYUR,,,,India,11.976522,79.30532600000001,False
PAY,PAYYANUR,Kerala,SR,"Kannur District, Kerala",India,12.092248,75.195107,True
KRLR,KARAILA ROAD JN,Madhya Pradesh,ECR,"Main Road Singrauli-Jayant, Madhya Pradesh",India,24.261080999999997,82.719311,True
DAV,DEVALGAON AVCHAR,Maharashtra,SCR,"Parbhani, Maharashtra",India,19.322430999999998,76.60520100000001,True
NMY,NOONMATI,,,,India,26.180382,91.806851,False
VNEC,Vijayawada North East,,,,India,16.532028,80.630413,False
CKW,CHALKHOA,Assam,NFR,"Dibrugarh, Assam",India,27.4656628037,94.9592046722,True
MNDV,MANDAWARIYA,,,,India,26.621071999999998,74.890472,False
JLG,JULGAON DECCAN,,,,India,19.384261,77.790475,False
TKPY,TURAKAPALLI,,,,India,15.0927135285,77.6285053778,False
DAH,DEHARE,,,,India,19.2418554705,74.6741555884,False
ULG,UDALGURI,,,,India,26.744291,92.094329,False
NMM,NEW MISAMARI,,,,India,26.810166,92.57545400000001,False
MSMI,MISAMARI,,,,India,26.811265,92.595773,False
AMBR,Ambika Rohina,Maharashtra,SCR,"Ambika Devi Rd, Maharashtra",India,18.442254377900003,76.9437206531,True
ORC,ORCHHA,Uttar Pradesh,NCR,"National Highway 75, Uttar Pradesh",India,25.401119,78.644228,True
NTVT,NETHRAVATHI,,,,India,12.844375000000001,74.856475,False
HNEO,Hathbandh,,,,India,21.6319185846,81.8457729333,False
BSSL,Basi Beriasal,Rajasthan,WCR,"Bassi, Rajasthan",India,25.024084,74.764318,True
CIP,Chichpalli,,,,India,19.966168,79.443249,False
SNTD,Santaldih,West Bengal,SER,"Purulia, West Bengal",India,23.596660999999997,86.48312299999999,True
SNTN,Santinagar Halt,,,,India,23.292974228200002,88.6377553125,False
SNTH,Sonthaliya,Rajasthan,NWR,"National Highway 11, Rajasthan",India,27.400358,75.531666,True
DPNR,Deepnagar Halt,,,,India,25.140667,85.48327400000001,False
GKV,Gottihalli Halt,,,,India,13.260622,78.155685,False
JAMA,Jama,Jharkhand,ER,"Jama, Jharkhand",India,24.345509,87.14492,True
HIVR,Hiwarkheda,,,,India,21.431848000000002,78.112944,False
PETA,Pandetola,,,,India,24.7415365882,87.0603205811,False
BWP,Bhawanipur Kalan,Uttar Pradesh,NER,"Bhawanipur Kalan, Uttar Pradesh",India,27.415623,82.161102,True
LSE,Laseri,,,,India,28.713124,75.47962399999999,False
KKV,Kunkavav Junction,Gujarat,WR,"SH 104, Gujarat",India,21.653448,70.975052,True
LOK,Loknath,West Bengal,ER,"Loknath Railway Station, West Bengal",India,22.871717999999998,88.03392099999999,True
CKH,Chakand,Bihar,ECR,"Chakand, Bihar",India,24.8901416,84.9954942,True
CKK,Chakarpur,Uttarakhand,NER,"National Highway 125, Uttarakhand",India,28.951978,80.002313,True
DCA,DAMCHARA,Assam,NFR,"Diakkawn Rd, Assam",India,25.012661,92.749675,True
MOX,MORAN,,,,India,27.147109999999998,94.88840400000001,False
BRMR,BHARMAR,Himachal Pradesh,NR,"State Highway 22, Himachal Pradesh",India,32.167399,75.954299,True
CVV,CHERUVU MADHAVARAM,Andhra Pradesh,SCR,"Cheruvu Madhavaram Station, Andhra Pradesh",India,16.746018,80.518783,True
WDL,WANDAL,Karnataka,SWR,"Dam Inspection Rd, Karnataka",India,16.416601,75.86371000000001,True
WDN,VADGAON NILA,,,,India,18.929059,76.643889,False
MOJ,MOHANA,Madhya Pradesh,WCR,"Mohana, Madhya Pradesh",India,25.980207999999998,77.83395499999999,True
KMV,KARMAD,Maharashtra,SCR,"Aurangabad, Maharashtra",India,19.872663603099998,75.5378981451,True
DRS,DHARESHWAR,Rajasthan,NWR,"Sojat Road, Rajasthan",India,25.777583999999997,73.667743,True
KNJJ,KANNJARA HALT,,,,India,19.6039649812,77.2102291101,False
BAGD,BAGWADA,,,,India,20.43948,72.916866,False
MRYA,MERIYANA,,,,India,21.201567,71.415981,False
RDRA,RAMDEVRA,Rajasthan,NWR,"Ramdevra, Rajasthan",India,27.006279,71.929837,True
SGNR,SHRI GANGANAGAR,Rajasthan,NWR,"Sri Ganganagar, Rajasthan",India,29.931792,73.87141700000001,True
GKPE,GORAKHPUR EAST,,,,India,26.7587697881,83.387390437,False
KPCM,KUWARCHINTAWA,,,,India,26.51743,84.942114,False
SAPR,SARANGPUR ROAD,Gujarat,WR,"State Highway 38, Gujarat",India,22.236682000000002,71.748617,True
GPAE,GUPTIPARA,West Bengal,ER,"Guptipara Railway Station, West Bengal",India,23.197355,88.4178,True
WDM,WYNDHAMGANJ,Uttar Pradesh,ECR,"Sonebhadra, Uttar Pradesh",India,24.264112,83.401605,True
KMD,KODUMUDI,Tamil Nadu,SR,"Kodumudi, Tamil Nadu",India,11.076073000000001,77.885771,True
BUU,BHADANPUR,Madhya Pradesh,WCR,"National Highway 7, Madhya Pradesh",India,24.16808,80.679777,True
ETB,ITARSI B CABIN,,,,India,22.591346,77.709215,False
CVP,KOVILPATTI,Tamil Nadu,SR,"Kovilpatti, Tamil Nadu",India,9.182578,77.872848,True
PAL,PALASNER,Madhya Pradesh,WCR,"Harda, Madhya Pradesh",India,22.304246,77.050174,True
RNIS,Ranolishishu,Rajasthan,NWR,"National Highway 11, Rajasthan",India,27.517012,75.301025,True
GBB,GUBBI,Karnataka,SWR,"Gubbi, Karnataka",India,13.321429,76.939264,True
PERN,PERNEM,Goa,KR,"North Goa, Goa",India,15.707894,73.81653700000001,True
NAWN,NAWAN,Rajasthan,NWR,"State Highway 7, Rajasthan",India,29.653071999999998,74.353285,True
AEX,Adderi,,,,India,14.141045,75.157978,False
JNDO,Jehanabad Court,,,,India,25.2012234752,84.98423622680001,False
MCLE,MANCHILI,Andhra Pradesh,SCR,"Coastal Andhra Region, Andhra Pradesh",India,16.662928,81.613684,True
AEK,Anekal Road,Karnataka,SWR,"Karnataka, Karnataka",India,12.723885,77.71072699999999,True
DCU,Damalcheruvu,Andhra Pradesh,SCR,"National Highway 18, Andhra Pradesh",India,13.478885,79.05643400000001,True
GBE,Gayabari,,,,India,26.860039999999998,88.260998,False
GKPI,Gate Karepalli,,,,India,17.500295,80.25510299999999,False
KNJI,Karanjali,,,,India,22.0353,88.245999,False
BAGA,Bhagega,Rajasthan,NWR,"State Highway 37B, Rajasthan",India,27.677209949999998,75.72088996,True
BAGJ,Barharagani,,,,India,26.921354215,83.9195740283,False
SLPR,Silpaprabesh,,,,India,22.058566000000003,88.10654500000001,False
PLNI,Palani,,,,India,10.458722,77.52118300000001,False
CNDM,Chandi Mandir,Chandigarh,NR,"Panchkula, Chandigarh",India,30.727071000000002,76.88683900000001,True
CNDB,Chandur Bazar,,,,India,21.219451,77.741807,False
MMVR,Murga Mahadev Road,,,,India,22.06048608,85.46586180999999,False
HSJ,HUSSAIN SAGAR J,,,,India,17.426453000000002,78.461904,False
SRBG,Sarobag,,,,India,25.272851221,86.4760352539,False
NWBV,NWBV,,,,India,16.529876,80.62039399999999,False
JSPR,JASHAPAR,,,,India,21.837130552799998,69.87358352049999,False
RUP,Rupahigaon,Assam,NFR,"Nagaon, Assam",India,26.4125623913,92.74226717410001,True
RF,RAFALESHWAR,,,,India,22.7738973454,70.8969253271,False
SGLA,SANGOLA,Maharashtra,CR,"Sangole, Maharashtra",India,17.435563000000002,75.187581,True
BSA,BHAINSA,,,,India,27.391523,77.673452,False
BNNR,BHINDAR,,,,India,24.528647,74.179638,False
KOX,KACHUJOR,,,,India,23.8426777354,87.4650456,False
INK,INTAKANNE,Andhra Pradesh,SCR,"Intikanne Station, Andhra Pradesh",India,17.727522,79.860507,True
KZJF,KAZIPET F CABIN,,,,India,17.974824,79.57727100000001,False
JDPT,Jagdishpur,,,,India,25.1482278323,86.9846195752,False
UBCN,ULHAS BRIDGE CABIN,,,,India,19.246247,73.069462,False
RG,RAJGHAT NARORA,Uttar Pradesh,NR,"Babrala, Uttar Pradesh",India,28.235655,78.353587,True
SRDH,SARSADH,,,,India,29.184058,76.731812,False
IGRL,INGORALA,,,,India,21.8234176248,71.6869809839,False
LGCE,LAGARGAWAN,Madhya Pradesh,WCR,"Lagargawan, Madhya Pradesh",India,24.464248,80.81431,True
JDPR,Jagdishpur,Jharkhand,,"Giridih, Jharkhand",India,24.273108999999998,86.52550400000001,True
HSM,HAUSNAGAR,,,,India,24.646721000000003,87.94988,False
VST,BIJAYSOTA,Madhya Pradesh,WCR,"State Highway 10, Madhya Pradesh",India,23.978724,81.11095900000001,True
SKPA,SHRIKALYANPURA,,,,India,25.189878,76.094182,False
DYS,DALAPATHY SAMUDRAM,Tamil Nadu,SR,"Dhalapathisamudram, Tamil Nadu",India,8.430572,77.638091,True
RGNH,RAGHUNATHGARH,,,,India,29.311679,73.65157199999999,False
KVLS,Karakavalasa,Andhra Pradesh,ECoR,"Coastal Andhra Region, Andhra Pradesh",India,18.292228,82.991426,True
SULH,Sulhani,Punjab,NR,"Machhi Bugra, Punjab",India,30.871949,74.865129,True
QCAB,QCAB,,,,India,22.229374,84.88480200000001,False
AJLE,AZIMGANJ JN CABIN,,,,India,24.23827,88.257363,False
XCBN,Xcbn,,,,India,25.303843,83.16958199999999,False
TWI,Totewahi Halt,,,,India,20.014659,79.600455,False
INP,INDAPUR,Maharashtra,KR,"Indapur, Maharashtra",India,18.297688,73.24465000000001,True
INJ,INNANJE,,,,India,13.2555864292,74.7612195679,False
BJLP,BARAI JALALPUR,Uttar Pradesh,NER,"Sitapur National Highway 24, Uttar Pradesh",India,27.449608,80.800122,True
KLGD,KOLLENGODE,,,,India,10.626984,76.697715,False
DWJN,DIVA JN. CABIN,,,,India,19.188667,73.042923,False
BRWH,BAHERWA HALT,,,,India,25.251877498200002,82.7922887817,False
STKW,Sultanpur Kalia,,,,India,28.4605176414,76.8692637848,False
HCNR,Harichandanpur,Odisha,ECoR,"Rd, Orissa",India,21.328476000000002,85.795395,True
NMUE,Numaishgarh Halt,,,,India,28.407739616900002,77.8423063,False
PTP,Patal Pani,Madhya Pradesh,WR,"Mhow, Madhya Pradesh",India,22.514232000000003,75.797002,True
PTA,Patiala,Punjab,NR,"Patiala, Punjab",India,30.344248999999998,76.4041,True
DRPH,Devri P.H.,Madhya Pradesh,SECR,"Kaladehi, Madhya Pradesh",India,22.85663,79.836698,True
NLKT,Nalkata,,,,India,24.0683888436,91.999618396,False
PCZ,Pocharam,Andhra Pradesh,SCR,"Khammam To Yellanddu Rd, Andhra Pradesh",India,17.486717000000002,80.234583,True
BSD,Basuldanga,West Bengal,ER,"National Highway 117, West Bengal",India,22.20374787,88.23393947000001,True
KOM,Kodikkalpalaiym,,,,India,10.786311,79.64869900000001,False
TFGN,Tufanganj,,,,India,26.303308,89.667639,False
MWAD,Mowad,,,,India,21.455554,78.451335,False
COAC,Coac,,,,India,16.964553,82.238213,False
KPAW,Kanchrapara Workshop Gate,,,,India,22.935794,88.445352,False
NLBR,Nilambazar,Assam,NFR,"NH 44, Assam",India,24.743292,92.36512599999999,True
KADL,Kumradol,,,,India,24.695170582,87.075560105,False
SKPR,Sikarpur Halt,,,,India,21.984896,78.946006,False
MRSH,Morshi,,,,India,21.326057,77.995446,False
CHTL,Churaru Takrala,,,,India,31.597665,76.166445,False
SUNW,Surendra Nagar (W) Cabin,,,,India,22.734875,71.636363,False
SUNE,Sune,,,,India,22.753791000000003,71.644706,False
XGN,Gokulnagar,,,,India,25.4879748709,85.30219143549999,False
HSX,Hoshiarpur,Punjab,NR,"Phagwara Road-Hoshiarpur, Punjab",India,31.5240737,75.9055848,True
TSG,SITAPUR CITY (THOMASGANJ),,,,India,27.569887,80.69025900000001,False
GUB,GULARBHOJ,Uttarakhand,NER,"Gular Bhoj Railway Station, Uttarakhand",India,29.11078373,79.30114461,True
LRNC,LAKSAR NORTH CABIN,,,,India,29.7715518226,78.0113177722,False
LDU,Lunidhar,Gujarat,WR,"State Highway 104, Gujarat",India,21.715431000000002,71.085551,True
HOH,HONAGANAHALLI,Karnataka,SWR,"National Highway 218, Karnataka",India,16.679401000000002,75.732815,True
SE,SEMLA,,,,India,22.039641,70.79367,False
TELI,TELI,,,,India,11.933093999999999,79.405133,False
ILA,SILSIMAN,Tamil Nadu,SR,"Silaiman Railway station, Tamil Nadu",India,9.8674013383,78.2001819324,True
MMRB,MANMAD B CABIN,,,,India,20.231473570600002,74.44955586180001,False
NSN,NASIRPUR HALT,,,,India,28.604529,77.109242,False
REP,RESAULI,,,,India,16.3096804,80.4578628,False
COP,Kanpur M. G. Goods,,,,India,26.45248,80.34196899999999,False
PEM,Peralam Jn,,,,India,10.959358,79.656384,False
UDR,AMDARA ROAD,Madhya Pradesh,WCR,"Amdara, Madhya Pradesh",India,24.099500875799997,80.5779045111,True
SFR,SAFRAI,Assam,NFR,"Suffry Station Chariali, Assam",India,27.029014999999998,94.942883,True
BURN,BURNPUR,West Bengal,SER,"CHITRA CINEMA HALL MORE, West Bengal",India,23.6719137,86.9386234,True
KQX,KACHUJOR,,,,India,23.841224628400003,87.46277400209999,False
RWTB,ROWTA BAGAN,,,,India,26.736799,92.21490999999999,False
CAO,CHAURADANO,,,,India,26.85049224,85.01767731,False
RSNA,RASANA HALT,,,,India,24.224697000000003,72.256353,False
GRNA,GURHANWA,,,,India,26.74758,85.215756,False
PDPR,Purandarpur,Uttar Pradesh,NER,"National Highway 29, Uttar Pradesh",India,27.209982,83.34747200000001,True
HJLI,HUGRAJULI,,,,India,26.805203,92.35864099999999,False
NSO,Nashipur Road,,,,India,24.21105,88.274766,False
ULTL,Kulti Link Cabin,,,,India,23.734566,86.865534,False
PMDB,PAMIDI,,,,India,14.9811881952,77.5990888062,False
DCTL,DOMBIVLI CTL,,,,India,19.203604,73.08419099999999,False
KQZ,Kolar,,,,India,13.124594,78.13204400000001,False
SVTN,SHIVATHAN,,,,India,15.477666,74.518905,False
GMI,Gond Umri,,,,India,21.003133000000002,80.082136,False
BMGN,BAMUNI GAON,,,,India,26.01201,91.282876,False
BQU,Bhattiprolu,Andhra Pradesh,SCR,"Bhattiprolu, Andhra Pradesh",India,16.105632000000004,80.787953,True
CMGR,Chikkamanglur,,,,India,13.3038846483,75.7887762634,False
BURA,Bahuara,,,,India,25.8968700235,84.7834807544,False
BHKA,Bahira Kalibari,West Bengal,ER,"Bahira Kalibari Railway Station, West Bengal",India,22.685772,88.563588,True
GNRD,Genoli Road,,,,India,25.203127000000002,75.152338,False
BYPA,Baiyyappanahalli,,,,India,12.991200000000001,77.651853,False
VGDC,Viramgam D Cabin,,,,India,23.137395,72.042828,False
URML,Upramal,,,,India,25.247947,75.276627,False
NEYT,Ntpc Exchange Yard Talcher,,,,India,20.919626,85.20809999999999,False
JRRI,Jrri,,,,India,25.308243,83.17854700000001,False
NCPM,Nishchindapur Market Halt,West Bengal,ER,"National Highway 117, West Bengal",India,21.987443000000003,88.21710499999999,True
BRSA,Barwa Kalan,,,,India,27.391265999999998,83.408343,False
JWK,Jawaharpur Kamsan,,,,India,27.52481,78.588278,False
TMZJ,Tmzj,,,,India,22.246668,87.933497,False
HUN,Hunsenahalli,,,,India,13.399832,77.94645,False
DYW,Diyawan Halt,,,,India,25.3817289022,85.2839236682,False
GHB,Gahri Bhagi,,,,India,30.116782999999998,74.944234,False
JREA,Jhareda,,,,India,27.476347999999998,77.032106,False
JSL,JASSOWAL HALT,,,,India,30.799159,75.831803,False
KOWN,KHOWANG,,,,India,27.299563,94.895843,False
IDGH,INDARGARH,,,,India,25.775115,77.73819999999999,False
BROR,BERORE,,,,India,29.200034,73.300793,False
MWZ,MAHISHADAHARI,,,,India,23.916311,87.649654,False
CHAH,CHAILAHA HALT,,,,India,26.6748122335,84.89464732670001,False
LHD,LOHOGAD,Maharashtra,SCR,"Akola, Maharashtra",India,20.467176,77.07850599999999,True
GHGL,GHAGWAL,Jammu and Kashmir,NR,"Vijaypur Jammu, Jammu and Kashmir",India,32.504286,75.213604,True
ADTL,ADHARTAL,Madhya Pradesh,WCR,"Jabalpur, Madhya Pradesh",India,23.227389,79.972274,True
SISN,SISAUNA,,,,India,29.216155,78.28054900000001,False
JSI,JASALI,,,,India,24.169914000000002,71.914081,False
NWN,Nanwan,,,,India,28.371336999999997,76.014318,False
PRWA,PARWAKHURD HALT,,,,India,19.365201,77.764414,False
KWC,KUNDWA CHAINPUR,,,,India,26.771884,85.183119,False
KSMB,KASTLA KASMABAD,Bihar,ECR,"Kastla Kasmabad, Bihar",India,25.114943999999998,85.79836399999999,True
DKJR,DHEKIAJILI ROAD,,,,India,26.809213999999997,92.452548,False
AADR,Amb Andora,,,,India,31.670727,76.110391,False
BHHZ,BEHTA HAZIPUR HALT,Uttar Pradesh,NR,"Behta Hazipur, Uttar Pradesh",India,28.719730000000002,77.304041,True
BYNR,MOOKAMBIKA ROAD,Karnataka,KR,"Baindur, Karnataka",India,13.87259,74.63279,True
KWH,KACHHWA ROAD,Uttar Pradesh,NER,"Kachhwa, Uttar Pradesh",India,25.250465000000002,82.706617,True
IBH4,IBH4,,,,India,22.029943999999997,82.431192,False
IBH5,IBH5,,,,India,22.019762,82.620084,False
IBH6,IBH6,,,,India,22.021243000000002,82.73791700000001,False
IBH3,IBH3,,,,India,22.016209999999997,82.892472,False
BRMO,BERMO,,ECR,,India,23.772498,85.955893,True
IBH1,IBH1,,,,India,21.861847,83.625911,False
IBH2,IBH2,,,,India,21.87477,83.794136,False
IBHG,Ibhg,,,,India,21.775184,81.98842900000001,False
NGHW,Nageshwadi Halt,,,,India,18.4615191344,76.91610235659999,False
SISM,Singuli Shyam,,,,India,25.186362,75.00444200000001,False
SSGR,Sisai Gulabrai,,,,India,26.282385,83.776865,False
MWR,Mahansar,Rajasthan,NWR,"Ramgarh, Rajasthan",India,28.199841000000003,75.031292,True
MGDR,Magardharra Ph,,,,India,21.9661929569,80.12555929080001,False
FGH,Fatehgarh Haryana,,,,India,28.647921,76.243784,False
DASF,Dhasa Jn,,,,India,21.782515,71.517978,False
KAMR,Khurrampur,,,,India,25.1687228764,85.2213155725,False
SHTS,Sambhal Hatim Sarai,Uttar Pradesh,NR,"Chandausi, Uttar Pradesh",India,28.596912,78.568241,True
BECN,Bikaner East,,,,India,27.972495,73.368894,False
PKM,Periyanaikanpalayam,Tamil Nadu,SR,"Periyanaickenpalayam, Tamil Nadu",India,11.144776,76.948477,True
IBHE,Ibhe,,,,India,21.600830000000002,81.815212,False
SRJK,Suraj Kunda,,,,India,26.142698000000003,81.20291900000001,False
IBHF,Ibhf,,,,India,21.682533000000003,81.89613299999999,False
IBHC,Ibhc,,,,India,21.38637,81.741998,False
PKRH,Parsa Kerwan Halt,,,,India,26.053610138099998,84.8273760669,False
TOR,Titur,,,,India,21.059452,79.288957,False
TOI,Tamkuhi Road,,,,India,26.721823999999998,84.228415,False
BFF,Barabhati,,,,India,20.862984,80.06084100000001,False
MROA,Mora,,,,India,27.516762,77.612747,False
SGDV,Soma Guddu,,,,India,14.288569,76.633302,False
KWB,Kaniwara,Madhya Pradesh,SECR,"Kanhiwada, Madhya Pradesh",India,22.218261000000002,79.73291400000001,True
DJHR,Deojhar,,,,India,22.08071726,85.47699312,False
DEPI,Deenapatti,,,,India,25.89498,86.937159,False
IBHA,Ibha,,,,India,21.206629,81.384639,False
DKJB,Dornakal Bye Pass,,,,India,17.429209999999998,80.157907,False
JUYA,Jodhpuriya,,,,India,25.070196,74.81465299999999,False
DUE,Dhuri Jn,,,,India,26.8008621515,84.139379776,False
BKRH,Brij Kishor Halt,,,,India,26.31374,84.69461,False
SMGR,Samaguri,Assam,NFR,"Samaguri, Assam",India,26.416262999999997,92.84983299999999,True
BTDR,Batadrowa Road,Assam,NFR,"Mathaouri Rd, Assam",India,26.466939,92.538085,True
RTJ,Rantej,Gujarat,WR,"State Highway 19, Gujarat",India,23.471537,72.153828,True
NRKG,NARKATIAGANJ JN,,,,India,27.105025,84.46403500000001,False
KGLE,KHAGRAGHAT ROAD,West Bengal,ER,"Khagraghat, West Bengal",India,24.106842,88.22648099999999,True
BDK,BEDAG,,,,India,16.823512,74.756723,False
PRK,PARKHAM,,,,India,27.299256,77.711657,False
DWL,DHUWALA,,,,India,25.487150094300002,74.5819742755,False
BYO,BAYALUVADDIGERI,,,,India,15.230476,76.533248,False
RJMA,RAJOMAJRA,,,,India,30.375339,75.79810400000001,False
LNT,LINGTI,Maharashtra,,"State Highway 234, Maharashtra",India,19.86677,78.901334,True
BYE,BANSI BOHERA,,,,India,24.363232999999997,74.38867400000001,False
PPS,PIPILIYA ROAD,,,,India,22.930873000000002,70.67825500000001,False
SQZ,VANCHANGIRI,,,,India,17.9512834252,79.6671534143,False
KLMJ,Kalhe Majra,,,,India,30.3358409881,76.21149321899999,False
KMHT,KARMAHAT,,,,India,23.712696086799998,85.5410748871,False
KLMD,Kollumangudi,,,,India,10.980702,79.65593299999999,False
BDA,VADODARA C CABIN,,,,India,22.318357,73.17783,False
GAGA,Galgalia,,,,India,26.52752005,88.11348526,False
NAKD,NAIK DIH,,,,India,25.847026,83.466008,False
KSIH,Khodseoni,,,,India,21.1558479072,80.1127146875,False
POY,POLLACHI JN,,,,India,10.653079,77.001342,False
BRIH,Bairi Halt,,,,India,25.158611596700002,84.2113217236,False
SDLK,SUNDLAK,,,,India,25.121481000000003,76.455842,False
ISM,ISMAILA HARYANA,Haryana,NR,"National Highway 10, Haryana",India,28.796977000000002,76.74656300000001,True
PPK,Pachpokharia,,,,India,26.894084,84.981145,False
KYG,KIDIYANAGA,,,,India,23.47934,70.768891,False
VBU,VEMBUR,,,,India,10.5893388627,78.0723825452,False
NNM,Nannilam,,,,India,10.8837044,79.6509052,False
KYO,KHANDIKAR,,,,India,26.463321,91.642769,False
BATM,Batala Sugar Mills,,,,India,31.856906,75.228493,False
HIS,Hisua,,,,India,24.859600999999998,85.417826,False
LLD,Lalavadi,,,,India,21.930346999999998,78.189646,False
IDS,Ishardaspur,,,,India,25.947848999999998,81.253954,False
CGE,Charghat Pipari,,,,India,23.037538,79.922584,False
DLCB,Durg Link Cabin,,,,India,21.197156,81.300896,False
SRSO,Sarsoo,,,,India,24.9197820804,85.35368317140001,False
DGPI,Durgapuri,,,,India,25.865541,76.809686,False
IDT,Sidlaghatta,,,,India,13.39218973,77.86536472,False
BYQ,Bahai,,,,India,26.122334,81.01527999999999,False
SPBG,Sipra Bridge,,,,India,23.173483,75.757499,False
BWO,Buramara,,,,India,22.107567000000003,86.650295,False
PRNT,Periyanagathunai,,,,India,12.559346408400001,77.9110166815,False
IFFC,Iffco Cabin,,,,India,23.212087,72.52010800000001,False
TKG,Thakurganj,,,,India,26.426933,88.129704,False
MTRA,Matigara,,,,India,26.716817,88.384065,False
BRKH,Bisapur Kalan Halt,Madhya Pradesh,SECR,"State Highway 19, Madhya Pradesh",India,21.914681,78.923701,True
SUPR,Surajpur,,,,India,30.782451000000002,76.888897,False
HMB,Harebetta,,,,India,12.794145,75.593582,False
SSU,Sasa Musa,,,,India,26.527558,84.357082,False
BGDI,Bagadia Ph,,,,India,20.279033000000002,86.586249,False
POT,Pothia,,,,India,26.310567000000002,88.179429,False
POU,Padrauna,,,,India,26.897709199999998,83.982606,False
HAN,HINDAUN CITY,Rajasthan,WCR,"Karauli, Rajasthan",India,26.756164000000002,77.03168600000001,True
MGRP,MEGH RAJ PURA,Himachal Pradesh,NR,"State Highway 22, Himachal Pradesh",India,32.079397,76.07141899999999,True
GPSA,Ghatparsia Halt,,,,India,22.0597389624,79.0528523303,False
GHAI,GHATIGAON,Madhya Pradesh,WCR,"Ghatigaon, Madhya Pradesh",India,26.054864000000002,77.92678000000001,True
SBIC,SABARMATI BRIDGE,,,,India,23.067094,72.58875599999999,False
DSX,DESANG,,,,India,27.056054999999997,94.686324,False
SUC,Sunak,,,,India,23.604089,73.209986,False
CKKD,CHARKHERA KHURD,,,,India,21.938836,76.642615,False
AMPA,AMBALAPUZHA,Kerala,SR,"ph 0477-2272620, Kerala",India,9.386059,76.363817,True
SBID,SABARMATI D CABIN,,,,India,23.101488,72.57027500000001,False
SUI,Sui,,,,India,28.8992313011,76.0614295142,False
MHWL,MACHROWAR,,,,India,31.516333,75.636644,False
KTLN,KHAT LABANA,,,,India,30.0390118497,73.8612473071,False
SUJH,Sujangarh,Rajasthan,NWR,"Sujangarh, Rajasthan",India,27.708763,74.463659,True
NTDM,NITYANAND DHAM,,,,India,23.414967,75.057507,False
TEK,Tekkali Halt,Andhra Pradesh,ECoR,"Tekkali, Andhra Pradesh",India,18.605282,84.231178,True
SLBS,SALSALA BARI,,,,India,26.486646999999998,89.594991,False
BTDF,BOTAD JN,,,,India,22.182670599999998,71.6653966,False
SBIS,SABARMATI SOUTH,,,,India,23.083452,72.56375499999999,False
GJT,Gannaghatta,,,,India,13.244119000000001,78.146705,False
DQV,DAULA KOT BHAI,,,,India,30.206149,74.703438,False
LHK,LAIHRA KHANA,,,,India,30.2258549701,75.1389845972,False
DNU,Dalsanur,,,,India,13.274642,78.171853,False
GKHT,GRAM KHARIKA,,,,India,25.6720446969,85.3879062933,False
RKO,RAMAKRISHNAPURAM GATE,Andhra Pradesh,SCR,"Secunderabad, Andhra Pradesh",India,17.476299,78.52847299999999,True
MWG,Mindala,,,,India,20.515625999999997,79.71680900000001,False
DSAP,DELHI SHAHDARA A PANEL,,,,India,28.673349,77.31954,False
SNCA,SONACHARA,,,,India,25.984617,91.143131,False
RKL,Ramkola,,,,India,26.90674,83.836714,False
RKK,Ratangarh Kanakwal,,,,India,29.922760999999998,74.966758,False
DLGS,Duklangia,,,,India,26.692531,94.273103,False
KTLP,Katalpur Halt,,,,India,26.229288579,84.7728427332,False
SETB,Sessa,,,,India,27.32406,94.85767,False
AUI,Aurahi,Bihar,ECR,"Purnia, Bihar",India,25.823021,87.135054,True
AUN,Aurang Nagar,,,,India,29.043935,75.974542,False
BNLS,Bangi Nihal Singh,,,,India,30.008326,74.95528499999999,False
HAR,Hamirpur Road,Uttar Pradesh,NCR,"Hamirpur, Uttar Pradesh",India,26.016513,80.190689,True
WTP,Water Pipe,,,,India,19.009064,73.290406,False
SLHI,Shilhauri Halt,,,,India,25.9530212347,84.8337491992,False
RTG,Rangtong,West Bengal,NFR,"Hill Cart Rd, West Bengal",India,26.836122,88.342388,True
BLLT,Ballupete,,,,India,12.969667999999999,75.908903,False
RTU,Ratan Sarai,,,,India,26.373540000000002,84.573582,False
SDRA,Sudharana,Haryana,NWR,"Sudharana, Haryana",India,28.453681,76.425807,True
BVRM,Bhimavaram Junction,Andhra Pradesh,SCR,"Bhimavaram, Andhra Pradesh",India,16.543097,81.538335,True
NKW,Nilakantheswar,Odisha,ECoR,"Orissa, Orissa",India,21.426066,85.798221,True
SKY,Shikara,Madhya Pradesh,SECR,"Shikara - Dhooma Rd, Madhya Pradesh",India,22.798847000000002,79.858161,True
DJB,DIJAOBRA,,,,India,25.5507,93.093936,False
BLR,BALGANUR,Karnataka,SWR,"Gadag, Karnataka",India,15.59262851,75.60251865000001,True
MSHW,MUSHARWA HALT,,,,India,27.0516270621,84.48696237120001,False
CHIT,CHITHARI HALT,,,,India,25.228309,79.89076200000001,False
BRGP,BAJRANGPURA,,,,India,22.8387443721,71.7400647568,False
BRGT,BHERAGHAT,Madhya Pradesh,WCR,"Bheraghat, Madhya Pradesh",India,23.1697663,79.7978789,True
SWU,SANAURA,,,,India,31.579622,75.64132599999999,False
MHDA,MAHDEIYA,Madhya Pradesh,ECR,"Singrauli, Madhya Pradesh",India,24.210039,82.588309,True
BRGJ,BARGAON GUJAR,,,,India,21.7849180856,76.3562287756,False
DHWS,DHOSAWAS,,,,India,23.383691,75.051031,False
VDK,VADAKANNIKAPURM,,,,India,10.641667,76.686919,False
KHNR,KACHNARA,,,,India,23.808778,75.101024,False
MMDA,MUTHALAMADA,,,,India,10.626386,76.77172300000001,False
DV,DHUVA,,,,India,22.7223787434,70.9335792004,False
FRG,Faringapete Halt,,,,India,12.875341,74.957082,False
CASA,CHHANSARA,,,,India,23.767566,71.276337,False
SNLR,SANTALPUR,Gujarat,WR,"Santalpur, Gujarat",India,23.759161000000002,71.181545,True
SIA,SHIVLANKHA,,,,India,23.380465,70.620232,False
SNMR,Soniyana Mewar,,,,India,25.080389,73.971244,False
MSHM,MAHESANA,,,,India,23.606146717799998,72.38875601560001,False
SWW,Shahanagar Timarua,Uttar Pradesh,NCR,"Shahnagar, Uttar Pradesh",India,27.416456999999998,78.25971,True
NKV,NAKARDEI,,,,India,26.948956,84.89193900000001,False
MMDL,MOHINI MANDAL(H,,,,India,26.678676999999997,85.389062,False
GVR,GORESUAR,,,,India,26.526055630000002,91.72046680000001,False
SRRB,SHORANUR B CABIN,,,,India,10.759868,76.271,False
KBY,KHOIRABARI,,,,India,26.626143000000003,91.840413,False
PCAB,PCAB,,,,India,22.237662,84.912165,False
TNL,TANGLA,,,,India,26.658355,91.912274,False
SWT,Shivwala Tehu,,,,India,27.382935,78.224585,False
NGPB,Nagpur (Se),,,,India,21.145332,79.088256,False
PLHL,PALLAHALLI HALT,,,,India,12.4115632692,76.6601677197,False
NJPS,New Jalpaiguri,,,,India,26.682355,88.442721,False
BARS,Barsana,,,,India,27.443262999999998,77.15025299999999,False
LKMN,Lokmanya Nagar,Madhya Pradesh,WR,"Indore, Madhya Pradesh",India,22.691279,75.847166,True
MSHF,Mahesana,,,,India,23.603326,72.38937,False
TVTN,Thambawati Nagri,,,,India,24.958315,74.68691899999999,False
SPYA,Sipaya,,,,India,26.564981,84.326498,False
JUBS,Jubbasahani,,,,India,26.17489,85.369793,False
LSGS,Lavan Satyagraha Smarak P.H,,,,India,22.096296,87.850571,False
HPLB,Hatpuraini,,,,India,25.1553455368,86.9845895752,False
CHT,Champahati,West Bengal,ER,"Baruipur-Champahati Rd, West Bengal",India,22.402193,88.493624,True
MMDP,Mohamadpur,,,,India,24.877385999999998,85.41562499999999,False
NEHL,Nethranahalli H,,,,India,14.674986,76.71037,False
KBS,Kusmuda Block Station,,,,India,22.342991,82.680149,False
SVGL,Shrivagilu,,,,India,12.755498000000001,75.584174,False
GVP,Gate Vanampalli,,,,India,17.448472,77.892616,False
GOX,GOBINDPUR DUGLI,,,,India,26.085299,83.791513,False
KAKN,Kaimarkalan,Madhya Pradesh,NCR,"Kaimarkalan, Madhya Pradesh",India,26.176561,77.22272699999999,True
BLV,Bhelwa,,,,India,26.994131,84.77836099999999,False
BLF,Balajan,,,,India,26.09571,89.887371,False
APRD,Ashapurna Devi,,,,India,21.727401,87.638201,False
KNVH,Kanivehalli,,,,India,13.327121199099999,75.8986612061,False
SEPN,SEPON,,,,India,27.117144,94.85643400000001,False
HBG,HOWBAGH JABALPUR,Madhya Pradesh,WCR,"Jabalpur, Madhya Pradesh",India,23.156295999999998,79.932199,True
BHBT,BLOCK HUT BASANTPUR,,,,India,32.559965,75.059067,False
JMBL,JAMBHALI HALT,,,,India,19.167016,77.59293500000001,False
TNNH,TAPASWINARAYAN NAGAR HALT,,,,India,26.631615,85.445955,False
STDB,SITAFALMANDI B,,,,India,17.428299000000003,78.52024899999999,False
AYD,AYANDUR,,,,India,11.966731999999999,79.34081,False
AJKI,AJITKHERI,Madhya Pradesh,WR,"Devas, Madhya Pradesh",India,23.040004,76.045323,True
MSDG,MASOBA DONGARGAON,,,,India,17.265553999999998,75.136269,False
HXR,HANSAPORE,,,,India,20.906867,72.925984,False
MDUN,Madhura Nagar,,,,India,16.5253522399,80.6476081836,False
DDS,DUDH SAGAR,,,,India,15.31821,74.306568,False
KFN,KANOR,,,,India,24.459564,74.266275,False
CQS,CAPPER QUARRY,Tamil Nadu,SR,"Cuddalore Township, Tamil Nadu",India,11.694558,79.75366600000001,True
AYN,AIYANAPURAM,Tamil Nadu,SR,"Chinnakankeyampatti, Tamil Nadu",India,10.788547000000001,78.929033,True
FTH,FATUHI,Rajasthan,NR,"National Highway 15, Rajasthan",India,30.056984,73.871319,True
BDUA,BASUDEOPUR CHANDAIL HALT,,,,India,25.6487380699,85.5426915326,False
KLVR,Kolvihir,,,,India,21.26585,77.854259,False
HBQ,HUBLI EAST CAB,,,,India,15.348063,75.155355,False
MITA,MITHA,,,,India,24.082494,71.672422,False
BNWS,BHANWASA,,,,India,26.8333020399,75.2170497089,False
BUBR,BHUTAKIA BHIMSA,,,,India,23.533540000000002,70.908462,False
GEK,GEGAL AKHRI,Rajasthan,NWR,"Kishangarh, Rajasthan",India,26.540366000000002,74.775574,True
SLWR,SILAWAR,Uttar Pradesh,NR,"State Highway 57, Uttar Pradesh",India,29.505405,77.345001,True
LJKR,LAJKURA CABIN,,,,India,21.809025000000002,83.888267,False
MDN,MIDNAPORE,West Bengal,SER,"Medinipur, West Bengal",India,22.42498,87.307379,True
MYX,METYAL SOHAR,West Bengal,SER,"West Bengal, West Bengal",India,23.482582,86.748784,True
JGF,JOGIDIH,,,,India,24.2769136737,83.052288244,False
PWK,PIPARIYA KALAN,Madhya Pradesh,WCR,"State Highway 11, Madhya Pradesh",India,23.859295,80.73642199999999,True
KMTI,Kumarhatti,Himachal Pradesh,NR,"Kumarhatti, Himachal Pradesh",India,30.889186,77.05598099999999,True
KRTN,KIRTI NAGAR,Delhi,NR,"Kirti Nagar, Delhi NCT",India,28.6469294838,77.145074025,True
TCH,Tiruchchuli,,,,India,9.537360695,78.19753187,False
ADRE,ADRA EAST CABIN,,,,India,23.492772000000002,86.69287100000001,False
KLSP,Kushal Pura,,,,India,28.484266,75.764732,False
TERH,Terha Halt,,,,India,25.995645525199997,84.8493670618,False
LVR,Lokvidyapith Nagar,Uttar Pradesh,NER,"National Highway 29, Uttar Pradesh",India,27.154414,83.306841,True
LVK,Lakkavarapukota,,,,India,18.018465,83.14744900000001,False
JGP,Jalalpur,,,,India,26.586308000000002,84.311942,False
BNWD,Bhandewadi Halt,,,,India,21.141189,79.159229,False
HEN,Heria Ph,,,,India,21.974916,87.79556600000001,False
KDHI,Kaladehi,Madhya Pradesh,SECR,"National Highway 7, Madhya Pradesh",India,22.879170000000002,79.83489,True
ICBN,Icbn,,,,India,25.296734999999998,83.156976,False
JBCN,Joda Block Cabin,,,,India,22.024168000000003,85.43383,False
PPTN,Piprithan,,,,India,26.484618,88.124798,False
SKLI,Sukli,,,,India,21.677859,79.683653,False
ANGM,Aungari Dham,,,,India,25.1913324416,85.2261571069,False
KATI,Kanthi P Halt,West Bengal,,"Kanthi, West Bengal",India,21.788742999999997,87.734128,True
NTS,Nattrasankottai,Tamil Nadu,SR,"Madurai - Thondi Rd, Tamil Nadu",India,9.880423,78.54142999999999,True
KDHN,Kandharan Halt,,,,India,28.594924,75.45245,False
BWBN,Bewar Bhojan,,,,India,28.5476822027,75.5683413623,False
GNDM,Gunrajpur Dhama,,,,India,26.069449321900002,84.8211345959,False
KBKN,Khabra Kalan,,,,India,29.322476,75.412296,False
KRKM,Khara-Kameri,,,,India,25.427702,73.929025,False
JES,Jaitsar,,,,India,29.342839,73.65228900000001,False
GGG,Gangagarh Halt,,,,India,27.850344000000003,78.739109,False
MDLM,MUNDALARAM,,,,India,23.687953,75.102087,False
KTDD,KATAIYA DANDI,Uttar Pradesh,NCR,"Kataiya, Uttar Pradesh",India,25.149062471199997,81.3984808771,True
KNRI,KUNURI,,,,India,23.9163057543,87.6115177704,False
KHW,KHERODA,,,,India,24.570580999999997,74.06853600000001,False
AJIT,AJIT,Rajasthan,NWR,"State Highway 68, Rajasthan",India,25.860076969999998,72.67795462,True
BKAC,BARKAKANA AVOIDING CABIN,,,,India,23.640520000000002,85.46359199999999,False
CMMG,CHAMUNDA MARG,Himachal Pradesh,NR,"Chamunda Marg, Himachal Pradesh",India,32.110941000000004,76.421027,True
X108,Aman Lodge,,,,India,18.997761,73.27608000000001,False
BLDL,BALLE-DA-PIR-LA,Himachal Pradesh,NR,"Balle da pir larath, Himachal Pradesh",India,32.215731,75.932732,True
GURN,Gurudas Nagar,West Bengal,ER,"Diamond Harbour Rd, West Bengal",India,22.199323,88.214928,True
SOA,SANOSRA,Gujarat,WR,"State Highway 25, Gujarat",India,21.748110299,71.7894786566,True
BGRR,BAGARPUR HALT,,,,India,29.079065999999997,78.278043,False
FZR,FIROZPUR CANT,Punjab,NR,"Firozpur, Punjab",India,30.942486,74.61843900000001,True
LMGF,LUMDING JN,,,,India,25.750176,93.17674000000001,False
MDJN,Madar Jn,,,,India,26.464294,74.686507,False
TZH,TAKAZHI,,,,India,9.3702,76.408316,False
BVI,BORIVALI,Maharashtra,WR,"Mumbai, Maharashtra",India,19.228739,72.85641199999999,True
PNTR,PENNATHUR HALT,,,,India,12.849960168399999,79.1235368176,False
GM,GARMADI,,,,India,23.72788,71.13394,False
MBU,MELPATTAM BAKKAM,Tamil Nadu,SR,"Pattampakkam, Tamil Nadu",India,11.784898,79.622949,True
BANR,Bhaner,,,,India,22.879185725,72.9756196179,False
CUD,TIRUPPAPPULIYUR,Tamil Nadu,SR,"Cuddalore, Tamil Nadu",India,11.748845000000001,79.753441,True
KWBR,KATWAR BAZAAR,,,,India,25.562644,82.448864,False
NXH,NIDAGHATTA,,,,India,12.6253503,77.0880662097,False
LCAE,LALBAGH COURT ROAD,West Bengal,ER,"Lalbagh Court Road, West Bengal",India,24.173693,88.246307,True
DKGN,DEKARGAON,,,,India,26.681165999999997,92.763075,False
KBGB,Komagata Maru Budge Budge,,,,India,22.49283248,88.19442228000001,False
BTJL,BHATKAL,Karnataka,KR,"Bhatkal, Karnataka",India,13.98866,74.5655589,True
BGRA,BAGHNAPARA,West Bengal,ER,"Kalna-Memari Rd, West Bengal",India,23.242082,88.329724,True
MGTD,MEGHPUR TITODI,,,,India,22.138132,69.451972,False
LMGS,LUMDING SOUTH,,,,India,25.757118,93.163576,False
DMWP,Dmw Patiala Halt,,,,India,30.361156358899997,76.42154342159999,False
CSY,COSSYE,,,,India,22.4068330073,87.2896485193,False
DDNA,Dudhaunda,Uttar Pradesh,NER,"Aunrihar, Uttar Pradesh",India,25.573305,83.084478,True
MNGR,Mohan Nagar,,,,India,29.45876,73.523178,False
DALF,DALI GANJ,,,,India,26.875644,80.927742,False
KMPS,Kumara Patnam Bg Sdg,,,,India,14.527464,75.780127,False
MABG,MATANA BUZURG,,,,India,23.1138506265,75.8671171741,False
IKD,Ikdori,Madhya Pradesh,NCR,"State Highway 2, Madhya Pradesh",India,26.037543,76.940934,True
BLDK,Balauda Takun,Madhya Pradesh,WR,"State Highway 27, Madhya Pradesh",India,22.877384,75.755456,True
KRMP,Kumaripur Halt,,,,India,25.4375440848,87.6057220984,False
GSRM,Gauri Sriram,,,,India,26.7699800293,84.1867607922,False
BBRA,Bbra,,,,India,16.549141,81.53283,False
JNRD,Junagarh Road,,,,India,19.874057,82.946083,False
KSBP,Keshabpur,West Bengal,SER,"Haldia Mechada via Tamluk, West Bengal",India,22.221674,87.948672,True
BVZ,Naloi Barwa,,,,India,28.96314483,75.62385717000001,False
JNRI,Jalandari,,,,India,25.286385000000003,75.342247,False
TDPM,Todikkapulam Halt,,SR,,India,11.153243999999999,76.268569,True
KHR,Khairee Halt,,,,India,22.343556,79.860374,False
LLBR,Lalabazar,Assam,,"Kalachera Rd, Assam",India,24.561850000000003,92.610161,True
SSPD,Sadashivapet Road,Andhra Pradesh,SCR,"Sadashivapet, Andhra Pradesh",India,17.4835646427,77.8728203638,True
CWDA,Chuhriwala Dhanna,,,,India,30.212074913600002,74.13556886469999,False
PADL,Padil,,,,India,12.874231,74.894329,False
JMKL,JAMUNIA KALAN,,,,India,24.413060577899998,74.8886623096,False
PJPI,PRAJAPATI HALT,,,,India,26.815895,84.50216300000001,False
KGIH,KALGURKI HALT,,,,India,16.585003999999998,75.775752,False
BDVR,Bodavara,,,,India,18.175095,83.112494,False
BEHT,BIHAT HALT,,,,India,25.4497699558,86.0334555469,False
KNKP,KONDIKOPPA,,,,India,15.431087999999999,75.469303,False
MRPM,MATHURAPUR MOR HALT,,,,India,29.6609552552,78.4222417542,False
CCBG,Chicholi Buzurg,,,,India,20.613113,79.912753,False
SHHT,SINGHAUL HALT,,,,India,25.4350086438,86.0966802881,False
SDPT,SEDARAMPATTU,,,,India,12.672036,79.202726,False
ADX,ADAPUR,,,,India,26.924721,84.941759,False
BKTB,BINDUKURI,,,,India,26.709021999999997,92.734685,False
KDBR,KHADKI BAZAR,,,,India,19.406761,77.832038,False
DHWN,Dhaniyawan,,,,India,25.421986000100002,85.2874685571,False
STNR,Sitalnagar,,,,India,28.04419,74.245042,False
GMK,GULMA KHOLA,,,,India,26.83822,88.43738,False
NTWL,Netawal,,,,India,24.861017,74.45849,False
NKBR,Narkatia Bazar,,,,India,26.488339,84.38246,False
BRL,BARWALA ROAD,,,,India,22.902131,70.714894,False
NPTY,NIMPURA THROUGH YARD,,,,India,22.325255000000002,87.26505300000001,False
GMX,GURMURA,,,,India,24.3548979309,83.0477742334,False
THSA,THANISANDRA,,,,India,13.0578558367,77.6355093567,False
GOG,GHORGHAT,,,,India,25.27073,86.58456,False
KNKD,Kankanadi,,,,India,12.866703,74.88113670000001,False
RXR,RANGAPAHAR,Nagaland,NFR,"Bridge, Nagaland",India,25.854971000000003,93.707766,True
OBAC,OBRA-A-CABIN,,,,India,24.446331,82.988313,False
RDHP,RADHANPUR,Gujarat,WR,"Patan, Gujarat",India,23.84693,71.58559399999999,True
STNC,Sitarampur Link Cabin,,,,India,23.745854,86.885648,False
MSBR,MUSAHIBPUR,,,,India,31.9834478985,75.60945677000001,False
BSPD,BIASPIND,,,,India,31.459179,75.632658,False
CHAF,Chaf Halt,,,,India,26.8285100187,84.0939686646,False
DBK,Darbari,,,,India,27.9655265319,73.10053242309999,False
IBHH,Ibhh,,,,India,21.846442,82.057491,False
JDNM,JAGUDAN,,,,India,23.521871,72.401679,False
IBHD,Ibhd,,,,India,21.443752,81.763465,False
DBT,Dakshin Barasat,West Bengal,ER,"Barasat, West Bengal",India,22.226102,88.45228599999999,True
JULF,Jhulasan,,,,India,23.326449,72.471105,False
BWIP,Bhawanipatna,,,,India,19.93393,83.15839799999999,False
KJR,Kalajhari,,,,India,20.369711,85.838015,False
JDNF,Jagudan,,,,India,23.522071,72.401879,False
BEHJ,Behj,,,,India,27.481951,77.396587,False
GRCP,G. Ramchandrapur,,,,India,19.990686,83.33018200000001,False
GLKN,Gugalwa Kirtan,,,,India,28.545807,75.576076,False
KCLA,Kenchanalu Halt,,,,India,14.017783668700002,75.28544676759999,False
TNPR,Tejnarayanpur,,,,India,25.339562331299998,87.71098052250001,False
TORA,Torniya,Gujarat,WR,"Torniya, Gujarat",India,21.450802,70.497006,True
BRVR,Borvihir,Maharashtra,CR,"Dhule, Maharashtra",India,20.7843263,74.8417412,True
TPNI,Tuiya Pani,Madhya Pradesh,SECR,"Pindrai, Madhya Pradesh",India,22.560295999999997,80.010141,True
VRK,Virkudi,,,,India,10.817963,79.648304,False
BHRH,Bhuyar Halt,,,,India,20.712948,79.579542,False
MTBG,Matia Barghat Halt,,,,India,26.941536,83.75710400000001,False
SMPC,Shambhupura C Cabin,,,,India,24.792781,74.63844900000001,False
GHPU,Gandhipuram Halt,Andhra Pradesh,SCR,"Gandhi Nagar, Andhra Pradesh",India,17.495052,80.31352000000001,True
STLB,Sitalpur Bengal,,,,India,21.774098,87.672822,False
HPL,Haripal,West Bengal,ER,"State Highway 2, West Bengal",India,22.8311582,88.11853982,True
WLGN,Walgaon,,,,India,21.020729000000003,77.71074,False
ADQ,Adhikari,,,,India,26.57689211,88.16988226000001,False
DKCH,DAKACHA,,,,India,22.859111000000002,75.951951,False
KNB,KANIYAMBADI,,,,India,12.809316794699999,79.12441763240001,False
NGON,NAUGAON,,,,India,26.130622,78.12035800000001,False
VLCA,VELLALCHERUVU H,,,,India,16.132576,79.891216,False
SEI,SHENDRI,Maharashtra,CR,"State Highway 77, Maharashtra",India,18.130093,75.552627,True
KHDH,Karahdih Halt,,,,India,25.068848,85.432679,False
GRMT,GUR MARKET,,,,India,16.701278000000002,74.264117,False
MTDI,MALTEKDI,,,,India,19.1674,77.33435399999999,False
GPC,GHATPINDRAI,Madhya Pradesh,WCR,"Ghatpindra, Madhya Pradesh",India,22.952676,79.26630999999999,True
VPO,BHUPIA MAU,Uttar Pradesh,NR,"Dandupur, Uttar Pradesh",India,25.875223000000002,81.970286,True
BNOD,Benoda,,,,India,21.449662999999997,78.180007,False
LXA,LAKSWA,Assam,NFR,"Kukurachowa Gaon Rd, Assam",India,27.004637018300002,94.8439823962,True
VPY,VYASARPADI,,,,India,13.108535,80.256817,False
SMRL,SAMRALA,,,,India,30.824281,76.18245499999999,False
ITMA,ITARSI MARSHALING YARD,,,,India,22.6063459486,77.75944219360001,False
CHUA,Chourai,,,,India,22.057632,79.246686,False
SCV,Sukhchain,,,,India,29.767847,74.99009799999999,False
KUCH,KUCHAVARAM HALT,,,,India,17.732096310200003,78.4572240295,False
JUNX,JUNONA HALT,,,,India,19.476361933099998,77.1618431097,False
PBQ,Pathardih Bazar,,,,India,23.682542,86.431257,False
KLV,KELVA ROAD,Maharashtra,WR,"Thane, Maharashtra",India,19.624601000000002,72.79082100000001,True
KNC,KANCHANPUR ROAD,Madhya Pradesh,WCR,"Jabalpur, Madhya Pradesh",India,24.065548000000003,81.660307,True
LCNC,LUCKNOW CITY,,,,India,26.859254,80.91798399999999,False
CLDB,CHANDLODIYA (B),,,,India,23.094443000000002,72.543267,False
JRWN,Jirwan,,,,India,21.681178,76.501037,False
GNST,GANDHI SMRITI,,,,India,20.920848,72.921021,False
KHDB,KHODIYAR,,,,India,23.156344,72.54803399999999,False
WAT,WALTAIR,,,,India,17.7223773,83.29008089999999,False
AMGA,AMJONGA,,,,India,25.9816211386,90.8529670435,False
JITE,JITE,,,,India,18.842284,73.119827,False
PUWA,Pauwara Halt,,,,India,21.098924,81.332987,False
TPV,Tinpheria,,,,India,26.618891,84.292251,False
MADP,MADHAPUR ROAD,,,,India,23.242661000000002,69.716415,False
EC28,PURA HALT,,,,India,24.815024,85.23955500000001,False
HRG,Hirdagarh,Madhya Pradesh,CR,"Dongar Parasia, Madhya Pradesh",India,22.142795,78.517436,True
MADM,Matradham Halt,,,,India,22.048253,79.45140099999999,False
SASR,Sausar,Madhya Pradesh,SECR,"Sausar, Madhya Pradesh",India,21.658885,78.80252499999999,True
KUCE,Kuchai,,,,India,22.013657,86.695652,False
GOF,Ghutiari Sharif,West Bengal,ER,"Ghutiari Shariff, West Bengal",India,22.367665,88.552115,True
BJMA,Burj Mohar,,,,India,30.185034097,74.2058883679,False
BTSI,Batasi,,,,India,26.606703,88.175047,False
KNU,Kanjh,,,,India,23.2982849059,72.1484284265,False
UJJN,Ujjain Jn,,,,India,23.178193999999998,75.781443,False
NRF,Neralakatte Halt,,,,India,12.816740000000001,75.125978,False
SWMD,Sawai Madhopur D,,,,India,26.023661999999998,76.362376,False
BELT,Bela Halt,,,,India,25.0382570525,86.99825916260001,False
GZA,Gurujalas,,,,India,16.548406999999997,79.639066,False
BRRI,Birari,,,,India,24.7313106127,78.50699749019999,False
BRRZ,Barara Buzurg,,,,India,26.052652,81.08413800000001,False
BPGR,Benipurgram Halt,,,,India,26.317241,85.481349,False
SHWL,SAHUWALA,,,,India,29.355217,73.812967,False
PRSN,PARSA NAGAR,,,,India,26.776378,84.68692399999999,False
ATMO,AITHAL,Uttarakhand,NR,"Haridwar, Uttarakhand",India,29.8079295893,78.0436230264,True
AGDL,AGRAN DHULGAON,Maharashtra,CR,"Jath Rd, Maharashtra",India,16.966118,74.924993,True
GAHT,Ghusia Halt,,,,India,25.1919497817,84.2479039038,False
TRK,TIRUKOILUR,,,,India,11.976052306,79.22381373900001,False
SXA,SAGPHATA,,,,India,21.574033,76.392141,False
RSRI,RAISHREE,,,,India,25.362076000000002,77.591872,False
JO,JO JAGABOR,Gujarat,NWR,"Jo Jagabor, Gujarat",India,23.739452999999997,73.45304499999999,True
SXD,SIDULI,,,,India,23.6493523213,87.21232632290001,False
MGE,MIGRENDISA,Assam,NFR,"Migrendisa, Assam",India,25.171242,93.06155700000001,True
DHBI,DHABAULI HALT,,,,India,25.6820902631,85.3421818591,False
SXO,SRIKONA,,,,India,24.837109,92.71007999999999,False
VLNK,VELANKANNI,,,,India,10.687498999999999,79.846763,False
TBU,THARBAN,,,,India,19.268289,77.671001,False
DMBR,DUMRI BIHAR,,ECR,,India,23.807394000000002,85.766204,True
AHN,AHIRAN,West Bengal,ER,"National Highway 34, West Bengal",India,24.517687000000002,88.04112500000001,True
SGAM,SAREIGRAM,Madhya Pradesh,WCR,"Sidhi, Madhya Pradesh",India,24.039636,82.205614,True
RPWN,Rambhawan Halt,,,,India,25.2547478737,85.239275033,False
KZPE,KAZIPARA HALT,,,,India,23.909674000000003,88.188311,False
HTA,Hatighisa,,,,India,26.687630000000002,88.242284,False
NGV,NAGLAVI,,,,India,15.454853,74.908742,False
MIAN,MIANGRAM,West Bengal,ER,"Bazarsau, West Bengal",India,23.853212000000003,88.17146,True
CNY,KOLANALLI,,,,India,11.173276999999999,77.861414,False
KPM,KUMARAPURAM,,,,India,9.088507,77.833638,False
SGAC,SOGARIYA CABIN,,,,India,25.230055,75.90022099999999,False
PYV,PAZHAYA SEEVARAM,Tamil Nadu,SR,"Palayasivaram, Tamil Nadu",India,12.777131,79.8777,True
CNM,CHENGMARI,,,,India,26.863246999999998,89.004024,False
NGC,NEW GUWAHATI,,,,India,26.181703,91.792236,False
AHQ,AHERA HALT,Uttar Pradesh,NR,"Tatiri, Uttar Pradesh",India,28.926420999999998,77.27862400000001,True
STVA,SATYAVADA,Andhra Pradesh,SCR,"Coastal Andhra Region, Andhra Pradesh",India,16.799851999999998,81.66986,True
GIT,GHORPURI TRANSH,,,,India,18.5259235991,73.8987694873,False
TRJ,Tariasujan,,,,India,26.653609000000003,84.270833,False
ODC,Oddam Hatram,,,,India,10.4855987634,77.7465317596,False
HDT,HARDATTPUR,Uttar Pradesh,NER,"National Highway 2, Uttar Pradesh",India,25.276911474,82.9075993964,True
RDP,Radhikapur,West Bengal,NFR,"State Highway 10A, West Bengal",India,25.643573999999997,88.448153,True
NPH,Nurpura,,,,India,26.709463000000003,77.852085,False
NABN,Nagbhir Jn (Ng),,,,India,20.580232,79.700558,False
KRRH,Kharuara Halt,,,,India,25.4317780874,85.54376733149999,False
DXU,Duhru,,,,India,26.083606,80.176723,False
GIZ,Gidam,Chhattisgarh,ECoR,"National Highway 16, Chhattisgarh",India,18.934852,81.409001,True
GIF,Gani Dham Halt,Bihar,ER,"Gani Dham, Bihar",India,25.1634535646,86.9862695435,True
MVKR,Mahawan Khor Halt,,,,India,26.975829172700003,83.2768154944,False
JTT,Jumapatti,,,,India,19.004154000000003,73.308384,False
JTN,Jotana,,,,India,23.459001999999998,72.29427,False
MGT,Magra Hat,West Bengal,ER,"Magra Hat, West Bengal",India,22.242111,88.37271299999999,True
MNX,Manganallur,,,,India,11.024209599999999,79.6498049,False
CTPR,Chinta Parru Ha,,,,India,16.534799,81.70660500000001,False
KMZA,Kankra Mirzanagar,West Bengal,ER,"Mirzanagar, West Bengal",India,22.658005,88.721428,True
KRGN,Kargaon Halt,,,,India,20.801363000000002,79.41345000000001,False
PUSA,Pusla,,,,India,21.493095999999998,78.354883,False
CMY,Chintamani,,,,India,13.410991099999999,78.05456539999999,False
SGYW,Singriawan,,,,India,25.4095173407,85.28453529789999,False
DZL,Dhana Ladanpur,,,,India,28.7502173348,76.1667579382,False
MAHD,Mohadi Praganel,,,,India,21.294083,79.726457,False
ANM,ANAIMALAI ROAD,,,,India,10.624894,76.935071,False
TNI,TANDARAI,,,,India,12.1180073562,79.1470127649,False
BGAR,BANGARI,,,,India,26.538089,84.921285,False
TKRP,Tikauli Rawatpur,Uttar Pradesh,NR,"Tikauli Rawatpur Railway Station, Uttar Pradesh",India,26.399047,80.613163,True
NVD,NAVALGUND RD,,,,India,15.434894,75.354461,False
LUSA,LUSA,Uttar Pradesh,NCR,"State Highway 5, Uttar Pradesh",India,24.876545999999998,82.843318,True
CAER,CHHANERA,Madhya Pradesh,WCR,"Chhanera, Madhya Pradesh",India,21.963965,76.707775,True
KTW,KOTDWARA,Uttarakhand,NR,"Kotdwara, Uttarakhand",India,29.742927896,78.52116372309999,True
BNGM,BANGURGRAM HALT,,,,India,26.1401115488,74.34824731079999,False
LAC,LACHHIPURA,,,,India,26.3236717828,74.65329374689999,False
BMHT,Baraw More,,,,India,25.0437938949,84.06203632569999,False
RNRD,RANIPUR ROAD,Uttar Pradesh,NCR,"Mau Ranipur, Uttar Pradesh",India,25.270917999999998,79.055869,True
SIRL,Shirala,,,,India,21.123835999999997,77.726017,False
TRSR,TARSAI,,,,India,21.764673,69.84803099999999,False
LAA,LAKHPAT,,,,India,23.597666,71.028821,False
GKX,Ghai Kalan,,,,India,30.822828,75.10891500000001,False
GKT,Gankhera Halt,,,,India,21.389118,80.191891,False
BRNR,BARUANAGAR,Assam,NFR,"Moran to Naharkatiya Rd, Assam",India,27.143953401599997,95.23363789119999,True
ANQ,AMNAPUR,,,,India,17.049464999999998,74.459554,False
NTT,NATHAPETTAI,Tamil Nadu,SR,"Nathapettai - Kaliyanoor Rd, Tamil Nadu",India,12.824069,79.75614999999999,True
NKU,NAKARDEI,,,,India,26.948686,84.89166900000001,False
RRNH,RAMRUPNAGAR,,,,India,26.790374,85.162249,False
PRWS,PATTABIRAM WEST,,,,India,13.120184,80.051876,False
BAHW,Bahir Khanda,West Bengal,ER,"State Highway 2, West Bengal",India,22.851949,88.071068,True
HHP,HARHAR FATEHPUR,,,,India,29.5622491051,77.38734198969999,False
SRKR,Salar Khurd,,,,India,26.447388357799998,84.273451449,False
UAR,UNAWA AITHOR,,,,India,23.759404,72.38511899999999,False
VRLR,VIRANI ALUR,Tamil Nadu,SR,"Kanyakumari, Tamil Nadu",India,8.1946448621,77.3686992383,True
HKNT,Hiwarkheda,,,,India,21.40605,78.067716,False
GZKA,Gzka,,,,India,27.607734,76.655091,False
VRLF,Veraval Mg,,,,India,20.913261,70.370599,False
MSWA,Masaniwala,,,,India,29.399942999999997,73.59038699999999,False
KPDH,Kapurdha Halt,Madhya Pradesh,SECR,"SH 26, Madhya Pradesh",India,22.053903000000002,79.304203,True
MKBH,Manwala Kot Bakhtu,,,,India,30.040498999999997,74.95205,False
GRKA,Gurha Kemla,,,,India,28.313585999999997,76.25524899999999,False
GSGB,Gosaingram,West Bengal,ER,"Murshidabad District, West Bengal",India,24.248003,88.211777,True
VZR,Bhanjpur,,,,India,21.95074,86.73407,False
TAKL,Takal,,,,India,21.649222,76.542513,False
NRSD,New Runnisaidpur Halt,,,,India,26.385382,85.515932,False
CBP,Chik Ballapur,Karnataka,SWR,"Chik Ballapur, Karnataka",India,13.4313153,77.7325398,True
PRUR,Prithwirajpur,,,,India,29.956914,73.757001,False
NKK,Narikkudi,,,,India,9.607657999999999,78.33712799999999,False
NKN,Nyoli Kalan,,,,India,29.189764,75.633124,False
PPDI,Pipradih,,,,India,24.9936652146,86.9944876282,False
BLHI,Bisalehalli,,,,India,13.4826117961,75.9666857568,False
DSHI,Doddasiddavanha,,,,India,14.209931,76.48848000000001,False
BJKN,Bajekan,,,,India,29.524297999999998,75.099097,False
DTT,Doddanatta Halt,,,,India,13.374454,78.13389600000001,False
CBZ,Churaibari,Tripura,NFR,"Churaibari, Tripura",India,24.433621,92.24124800000001,True
MVA,Malaka Vemala,,,,India,14.268888,78.053936,False
BIML,Bhimal,Rajasthan,NWR,"Rajsamand, Rajasthan",India,24.7524306,73.92244020000001,True
MZB,Mahuli Halt,,,,India,21.033307999999998,79.315031,False
WOC,Warud Orange City,,,,India,21.458720999999997,78.276164,False
SANH,SANHA HALT,,,,India,25.4274073054,86.3684319092,False
IFCO,IFFCO CABIN,,,,India,23.179203,72.535718,False
KGRA,KANGRA,Himachal Pradesh,NR,"Kangra, Himachal Pradesh",India,32.085157,76.26256500000001,True
MJKN,MAJRI KHADAN,,,,India,20.109731,79.01907800000001,False
PMD,PAMIDI,,,,India,14.980726541100001,77.5990446368,False
PRM,PIRUMADARA,Uttarakhand,NER,"Nainital District, Uttarakhand",India,29.327364,79.045744,True
SKK,SIKKAL,Tamil Nadu,SR,"Sikkal, Tamil Nadu",India,10.753121,79.790691,True
RSC,RAMGANGA SOUTH,,,,India,28.295969,79.369788,False
PLG,PALGHAR,Maharashtra,WR,"Palghar, Maharashtra",India,19.698038,72.77248,True
PPLC,PIMPLA CHAURE HALT,,,,India,19.286454997699998,77.13253484500001,False
KLNT,KALINAGAR,,,,India,23.365861,88.335819,False
ARJ,AUNRIHAR JN,Uttar Pradesh,NER,"Ghazipur, Uttar Pradesh",India,25.54466,83.18727200000001,True
TNDN,THANDONI,,,,India,10.93648,78.108515,False
MBT,MARWAR BIRTHI,Rajasthan,NWR,"National Highway 15, Rajasthan",India,27.099589,72.290171,True
PLE,PIPLEE,,,,India,23.817141,71.530851,False
MTSK,MOTA SURKA,,,,India,21.724542,71.924583,False
NRK,NARAIKKINAR,Tamil Nadu,SR,"Palayamkottai - Kolathur - Nagalapuram - Aruppukottai Rd, Tamil Nadu",India,8.862518999999999,77.841953,True
GPW,GHAUNSPUR,,,,India,31.8706261437,75.6375275745,False
PTRL,PATHRALA,Punjab,NWR,"National Highway 64, Punjab",India,30.006625,74.74395299999999,True
PEH,Pathardih Junction,Jharkhand,ECR,"Jairampur More to Baliapur, Jharkhand",India,23.675524600000003,86.4345602,True
NIN,Nimkana,,,,India,20.295401,86.376438,False
NIT,Naikot,,,,India,27.361006,83.396612,False
KAMA,Kamta Halt,,,,India,25.336743948,85.27791552000001,False
NDKR,Nandakumar P.H.,West Bengal,,"Haldia Mechada via Tamluk, West Bengal",India,22.1909239649,87.927872196,True
RNU,Ratnapur,,,,India,21.474117,76.651361,False
BMZ,Bamour Gaon,Madhya Pradesh,NCR,"National Highway 3, Madhya Pradesh",India,26.3484669242,78.0778607251,True
BXG,Bhanga,Assam,NFR,"National Highway 44, Assam",India,24.857347,92.457351,True
BORA,Bagdogra,,,,India,26.697770440000003,88.32445458000001,False
PTMS,Pattabiram Military,,,,India,13.136714000000001,80.05975199999999,False
LHNR,Lakshmanpur Halt,,,,India,27.5318304825,82.3397643762,False
LHNA,Lohanda,,,,India,25.3541150645,85.27902379519999,False
KLNC,Kullanchavadi,,,,India,11.628136,79.667563,False
PGDI,Pagidirai Halt,,,,India,15.283,77.60155400000001,False
JPD,Jalalpur Dhai,Uttar Pradesh,,"State Highway 38, Uttar Pradesh",India,26.021201,81.13597700000001,True
BGV,Balegundi,,,,India,14.150947457100001,75.11856523189999,False
BGY,Bangriposi,,,,India,22.130678,86.501362,False
KMEZ,Kumar Maranga,,,,India,19.038845,81.94987,False
BLSR,Belasar,,,,India,27.995122,73.653205,False
SHYP,Sakarayapatna,,,,India,13.430423881200001,75.92847693120001,False
JWNR,Jawaharnagar,Tripura,NFR,"National Highway 44, Tripura",India,23.924910999999998,91.895623,True
RJLK,Rajalukah,,,,India,22.125193,86.64224200000001,False
MRWS,Marwar Ranawas,Rajasthan,NWR,"State Highway 61, Rajasthan",India,25.669354,73.739883,True
NMH,NIMACH,Madhya Pradesh,WR,"MDR 11A, Madhya Pradesh",India,24.459872999999998,74.853025,True
SUIA,SURAINCHA,Uttar Pradesh,NER,"Suraincha, Uttar Pradesh",India,27.33652,80.830108,True
SGM,SOLGAMPATTI,Tamil Nadu,SR,"Thirunedukulam To Paper Mill Rd, Tamil Nadu",India,10.785689,78.858717,True
DN,DHANARI,Uttar Pradesh,NR,"State Highway 39, Uttar Pradesh",India,28.3284610746,78.50959573360001,True
JVN,JORAWARNAGAR JN,Gujarat,WR,"Surendra Nagar, Gujarat",India,22.71246,71.641594,True
UKLR,Ukilerhat Halt,West Bengal,ER,"National Highway 117, West Bengal",India,21.824712,88.230351,True
KOQ,KUTHUR,Tamil Nadu,SR,"Nagappattinam - Trichy - Karur- Coimbatore - Mettupalayam - Ooty - Gundlupet Road(Vandikara Street), Tamil Nadu",India,10.755434000000001,79.718883,True
MAV,MARIAMMANKOVIL,Tamil Nadu,SR,"Mariammankoil Railway Station Rd, Tamil Nadu",India,10.773265,79.198201,True
BLRR,Belandur Road,Karnataka,SWR,"Bengaluru, Karnataka",India,12.936565,77.706939,True
SRDW,SHRIMAD DWARAKAPURI,Uttar Pradesh,NCR,"Shrimad Dwarakapuri, Uttar Pradesh",India,27.364691,79.56963800000001,True
SKBR,SHANKARPUR BHADAURA,Madhya Pradesh,WCR,"Madhya Pradesh, Madhya Pradesh",India,24.083218,81.93144699999999,True
SCKR,SALICHAUKA ROAD,Madhya Pradesh,WCR,"Gadarwara, Madhya Pradesh",India,22.833649,78.67629099999999,True
GGO,Goram Ghat,Rajasthan,NWR,"Pali, Rajasthan",India,25.635531,73.849246,True
PTNR,PATEL NAGAR,Delhi,NR,"Najafgarh Road Industrial Area, Delhi NCT",India,28.660009076599998,77.15626035310001,True
BGO,BOGRI ROAD,West Bengal,SER,"Bridge over Krishnanagore, West Bengal",India,22.881747,87.325732,True
BNKA,Bankim Nagar,West Bengal,ER,"State Highway 11, West Bengal",India,23.209058770000002,88.59190873,True
SSPH,Satish Samanta P.H.,West Bengal,,"Mahishadal Geonkhali Rd, West Bengal",India,22.194485,87.987567,True
RGB,RAMGANGA,Uttar Pradesh,NR,"State Highway 33, Uttar Pradesh",India,28.298118,79.375029,True
JRU,CHIKJAJUR JN,Karnataka,SWR,"Chikkajajur, Karnataka",India,14.126112,76.138705,True
PLI,PETTAIVAYATALAI,Tamil Nadu,SR,"Pettavaithalai, Tamil Nadu",India,10.898665999999999,78.495114,True
AVLI,ARAVALLI,Andhra Pradesh,SCR,"West Godavari, Andhra Pradesh",India,16.620491,81.599095,True
KHST,KASHANATTI,,,,India,15.4642781905,74.8295941504,False
HVL,HONNAVALLI ROAD,Karnataka,SWR,"National Highway 206, Karnataka",India,13.2744988982,76.39004938960001,True
SSNH,SREE SARADANAGAR HALT,Karnataka,SWR,"Tiptur, Karnataka",India,13.260739,76.454627,True
CXA,Chandsara,Uttar Pradesh,NR,"Chandsara, Uttar Pradesh",India,28.876213999999997,77.725745,True
BTIB,BHATINDA B CABIN,,,,India,30.150805,74.940231,False
ANPR,Anpara,Uttar Pradesh,ECR,"Sonebhadra, Uttar Pradesh",India,24.217385999999998,82.766166,True
CTRD,Chitrawad,Gujarat,WR,"Chitravad And Borvav Railway Station, Gujarat",India,21.101116,70.557048,True
TNGM,TONDALAGOPAVARAM,Andhra Pradesh,SCR,"Tondalagopavaram Station, Andhra Pradesh",India,16.86827,80.43078299999999,True
KHSN,KHERA SANDHAN HALT,,,,India,27.240587,77.72704800000001,False
RCF,KAPURTHALA RAIL COACH FACTORY,Punjab,NR,"kapurthala, Punjab",India,31.326976000000002,75.34282,True
UKR,UDALKACHAR,Madhya Pradesh,SECR,"National Highway 78, Madhya Pradesh",India,23.287243,82.291923,True
FAH,FATEHA HALT,,,,India,25.598419045,85.8714580536,False
BIWK,BISALWAS KALAN,Rajasthan,WR,"MDR 11A, Rajasthan",India,24.500035299999997,74.78308399999999,True
TDPR,TIRUPADRIPULYUR,Tamil Nadu,SR,"Cuddalore, Tamil Nadu",India,11.748883,79.753349,True
GOPL,GUNDLA POCHAMPALLI,Andhra Pradesh,SCR,"Telangana Region, Andhra Pradesh",India,17.567577,78.48785099999999,True
SNPH,SHANKAPUR HALT,,,,India,18.0661191061,78.4021040503,False
TMU,TIRUMANTHIKUNAM,Tamil Nadu,SR,"Nagappattinam - Trichy - Karur- Coimbatore - Mettupalayam - Ooty - Gundlupet Road(Vandikara Street), Tamil Nadu",India,10.767733999999999,79.534339,True
PURA,PURA HALT,,,,India,24.815193999999998,85.239725,False
TMA,Tamuria,Bihar,ECR,"Bihar, Bihar",India,26.245715,86.352761,True
TMB,Temburu,Andhra Pradesh,ECoR,"Paralakhemundi, Andhra Pradesh",India,18.633565,84.12696299999999,True
SKBN,SILAKHEDI,,,,India,23.093053,76.057298,False
SWI,SWAMIMALAI,Tamil Nadu,SR,"Swamimalai, Tamil Nadu",India,10.942234,79.32878500000001,True
RCJ,RANYAL JASMIYA,Madhya Pradesh,WR,"Devas, Madhya Pradesh",India,23.161929,76.072554,True
VVB,VIVEKA VIHAR,Delhi,NR,"Jhilmil Industrial Area, Delhi NCT",India,28.673319000000003,77.31951000000001,True
BARD,DUVRI KALAN,Madhya Pradesh,WCR,"State Highway 9, Madhya Pradesh",India,23.994180999999998,81.507968,True
GWS,GAUSHALA,Uttarakhand,NER,"National Highway 121, Uttarakhand",India,29.298626000000002,79.009802,True
NJN,NAOJAN,Assam,NFR,"local Rd, Assam",India,26.13131,93.846465,True
CCT,KAKINADA TOWN,Andhra Pradesh,SCR,"East Godavari, Andhra Pradesh",India,16.9670099,82.2329218,True
MVP,MOKHASA KALVPDI,Andhra Pradesh,SCR,"Putlacheruvu, Andhra Pradesh",India,16.495533000000002,81.13029,True
DBRT,DIBRUGARH TOWN,Assam,NFR,"Dibrugarh, Assam",India,27.4781132774,94.9019739417,True
NJT,NAGERCOIL TOWN,Tamil Nadu,SR,"Nagercoil, Tamil Nadu",India,8.199571810899998,77.4194318207,True
MMH,MAHADANAPURAM,Tamil Nadu,SR,"Nagappattinam - Gundlupet Road(Vandikara Street), Tamil Nadu",India,10.953711,78.299178,True
HWT,HANWANT,Rajasthan,NWR,"Basni, Rajasthan",India,26.059514,73.005205,True
GWO,Gwalior NG,Madhya Pradesh,NCR,"Gwalior, Madhya Pradesh",India,26.216473,78.182282,True
KASH,Kulthamabdullashah Halt,Punjab,NR,"Kulthamabdullashah, Punjab",India,31.203335000000003,75.848386,True
BMSN,Bamsin,Rajasthan,NWR,"SH 66, Rajasthan",India,25.762982552100002,72.5442353925,True
DHCA,Dhaca Cantt.,,,"Dhaka, Bangladesh",Bangladesh,23.815527,90.410617,True
SAKD,Suprakandi,,,,India,24.788432999999998,92.37868,False
KRRI,Khairranji,,,,India,22.419012000000002,80.03937900000001,False
RCP,Ramachandrapur,Uttar Pradesh,NR,"Lucknow Allahabad Rd, Uttar Pradesh",India,25.996484000000002,81.267274,True
GNTR,Gauntra Halt,Uttar Pradesh,NR,"Gauntra, Uttar Pradesh",India,27.134445803800002,80.21785643429999,True
NAVI,Navi Amravati,,,,India,20.902137,77.732428,False
FAN,Fatehnagar,Rajasthan,NWR,"Fatehnagar, Rajasthan",India,24.81828,74.09578200000001,True
CCP,Chhuchhapura Junction,Gujarat,WR,"SH 159, Gujarat",India,22.214729000000002,73.594519,True
CIF,Chhapra Kacheri Jn.,,,,India,25.786151,84.746619,False
CCO,Chicholi,,,,India,21.458741,79.702691,False
BHGH,Bhairgachhi,West Bengal,ER,"Ranaghat-Bagula Bypass, West Bengal",India,23.274779,88.634016,True
BHV,Bhoma,Madhya Pradesh,SECR,"State Highway 11A, Madhya Pradesh",India,22.171372,79.689457,True
WDLN,WADWAL NAGNATH,Maharashtra,SCR,"Wadwal Nagnath, Maharashtra",India,18.538466,76.80741,True
BRHD,BABA RAGHUNI HALT DWARIKA,,,,India,25.7600467439,86.5967982178,False
TKBN,TSAKIBANDA,Andhra Pradesh,SWR,"Rayalaseema Region, Andhra Pradesh",India,15.163457000000001,77.178109,True
KFY,KARAPGAON,Madhya Pradesh,WCR,"National Highway 26, Madhya Pradesh",India,22.9155569073,78.9845402875,True
SXF,SOBHAPUR,Madhya Pradesh,WCR,"State Highway 22, Madhya Pradesh",India,22.727429,78.29188099999999,True
BNK,BANASANKARAI HA,Karnataka,SWR,"National Highway 206, Karnataka",India,13.2656079329,76.5230602795,True
BXHT,Boxirhat,,,,India,26.307287000000002,89.751593,False
MFH,MAHRAULI,,,,India,28.663865,77.468815,False
AKNR,ADHYATMIK NAGAR,,,,India,28.679874,77.49972700000001,False
DS,DASNA,,,,India,28.690718999999998,77.528116,False
PKW,PILKHUA,,,,India,28.712335,77.668008,False
KKMB,KASTLA KASAMBAD,,,,India,28.7210709953,77.7102953784,False
HPU,HAPUR,,,,India,28.739613,77.77957599999999,False
BBO,BABUGARH,,,,India,28.747393000000002,77.855523,False
QXR,KUCHESAR ROAD,,,,India,28.746651,77.913232,False
SKHR,SIKHERA MB HALT,,,,India,28.7567148575,77.9499696448,False
SMBL,SIMBHOOLI,,,,India,28.765190999999998,77.98347199999999,False
GMS,GARHMUKTESAR,,,,India,28.781743,78.07350799999999,False
GGB,GARHMUKTESAR BR,,,,India,28.761399945399997,78.1412204187,False
KHE,KANKATHER,,,,India,28.8013612636,78.180192128,False
GJL,GAJRAULA JN,,,,India,28.834937999999998,78.250784,False
MHHR,MAHESRA,,,,India,28.856392,78.330321,False
KFPR,KAFURPUR,,,,India,28.8654124385,78.3593320288,False
AMRO,AMROHA,,,,India,28.892688,78.474329,False
KIV,KAIALSA,,,,India,28.8802519228,78.5605679086,False
CKLT,CHAK KALI LAIT,,,,India,28.874271,78.611771,False
HKP,HAKIMPUR,,,,India,28.8794821589,78.65886363950001,False
LDP,LODIPUR BISHANPUR,,,,India,28.872301720499998,78.7090987616,False
LPB,LODIPUR BISHANP,,,,India,28.869781,78.71802799999999,False
BZR,BISRA,,,,India,22.248412000000002,84.998591,False
BUL,BHALULATA,,,,India,22.266491,85.060382,False
JRA,JARAIKELA,,,,India,22.309555999999997,85.113703,False
MOU,MANOHARPUR,,,,India,22.373359,85.196894,False
PST,POSOTIA,,,,India,22.447129,85.254753,False
DRWN,DEROWAN P. HALT,,,,India,22.487947,85.29977799999999,False
MXW,MAHADEV SAL,,,,India,22.510448,85.328849,False
GOL,GOILKERA,,,,India,22.505290000000002,85.37935200000001,False
TUX,TUNIA,,,,India,22.540308999999997,85.426059,False
SWR,SONUA,,,,India,22.576498,85.464081,False
LPH,LOTAPAHAR,,,,India,22.617663,85.565671,False
CKP,CHAKRADHARPUR,,,,India,22.678979,85.62777100000001,False
BRM,BARABAMBO,,,,India,22.70169729,85.72902995999999,False
RKSN,RAJKHARSAWAN JN,,,,India,22.733525,85.811158,False
MMV,MAHALI MARUP,,,,India,22.757135,85.879316,False
SINI,SINI JN,,,,India,22.78946,85.94702600000001,False
BRBS,BIRBANS,,,,India,22.79397464,86.01393866000001,False
WADI,WADI,,,,India,17.054312,76.99154999999999,False
MPK,CHENNAI PARK,,,,India,13.080627,80.27285,False
MSF,CHENNAI FORT,,,,India,13.08354,80.28293599999999,False
MSB,CHENNAI BEACH,,,,India,13.09034,80.291601,False
RPM,ROYAPURAM,,,,India,13.103503,80.29315199999999,False
WST,WASHERMANPET,,,,India,13.1092227,80.28302000000001,False
TIM,TIMMANACHERLA,,,,India,15.163466000000001,77.394077,False
NKDO,NAKKANADODDI,,,,India,15.165309,77.47667899999999,False
PLU,PATAKOTTACHERU,,,,India,15.172077,77.521795,False
GY,GOOTY JN,,,,India,15.149208,77.625823,False
GYJ,GOOTY JUNCTION CABIN,,,,India,15.140041,77.650955,False
JKO,JAKKALACHERUVU,,,,India,15.109121,77.726953,False
RLO,RAYALCHERUVU,,,,India,15.055957000000001,77.82103500000001,False
VML,VEMULAPADU,,,,India,15.022098,77.85137900000001,False
JUR,JUTTURU,,,,India,14.978847,77.898103,False
KMQA,KOMALI,,,,India,14.936387,77.927597,False
TU,TADIPATRI,,,,India,14.907558000000002,77.978985,False
CLPE,CHALLAVARIPALLI,,,,India,14.876728,78.034438,False
VRN,VANGANUR,,,,India,14.847442,78.080906,False
RLL,REGADIPALLI,,,,India,14.813572,78.136002,False
KDP,KONDAPURAM,,,,India,14.773549,78.193462,False
MUM,MANGAPATNAM,,,,India,14.7366964885,78.2607534143,False
CIN,CHINTAKUNTA,,,,India,14.7197004131,78.3238797852,False
MOO,MUDDANURU,,,,India,14.688415,78.395393,False
KMH,KALAMALIA,,,,India,14.667107,78.470174,False
YA,YERRAGUNTLA,,,,India,14.642328000000001,78.534003,False
YGD,YERRAGUDIPAD,,,,India,14.618673,78.606374,False
KKM,KAMALAPURAM,,,,India,14.591762,78.666113,False
GPY,GANGAYAPLLE,,,,India,14.55411935,78.71746345,False
KPU,KRISHNAPURAM,,,,India,14.493468,78.776559,False
HX,CUDDAPAH,,,,India,14.451690000000001,78.829184,False
KNLP,KANAMALO PALLE,,,,India,14.428768999999999,78.925335,False
BKPT,BHAKARAPET,,,,India,14.4093627,78.97007317,False
VNM,ONTIMITTA,,,,India,14.392459,79.016272,False
MMPL,MANTAPAMPALLE,,,,India,14.321639000000001,79.078603,False
NRE,NANDALUR,,,,India,14.264922,79.105722,False
HAQ,HASTAVARMU,,,,India,14.218403,79.1216,False
RJP,RAZAMPETA,,,,India,14.184524999999999,79.15274099999999,False
PMT,PULLAMPET,,,,India,14.120622000000001,79.205606,False
RPL,REDDIPALLE,,,,India,14.093157999999999,79.22553,False
OBVP,OBULAVARIPALLI,,,,India,14.04083,79.268221,False
ANE,ANANTARAJUPET,,,,India,13.999592,79.30246799999999,False
KOU,KODURU,,,,India,13.948578,79.345687,False
SF,SETTIGUNTA,,,,India,13.87431,79.382302,False
BLPE,BALAPALLE,,,,India,13.817150999999999,79.403557,False
MRM,MAMANDURU,,,,India,13.745895,79.458115,False
PUDI,PUDI,,,,India,13.532380999999999,79.510307,False
SVF,SRI VENKATAPERU,,,,India,13.511599,79.514324,False
TDK,TADUKU,,,,India,13.502044999999999,79.526498,False
PUT,PUTTUR,,,,India,13.439642,79.552666,False
VGA,VEPAGUNTA,,,,India,13.395013,79.559433,False
EKM,EKAMBARAKUPPAM,,,,India,13.318603999999999,79.573126,False
NG,NAGARI,,,,India,13.307882,79.579647,False
VKZ,VENKATA NARASIMHA RAJU VARI PETA,,,,India,13.270775,79.58186500000001,False
POI,PONPADI,,,,India,13.241368,79.588814,False
TRT,TIRUTTANI,,,,India,13.179217000000001,79.611386,False
ICP,ICHCHIPUTTUR,,,,India,13.132795,79.638907,False
AJJN,ARAKKONAM JN NORTH,,,,India,13.086445000000001,79.64842900000001,False
PDI,PALASDARI,,,,India,18.88409,73.32055,False
TKW,THAKURVADI,,,,India,18.852865,73.353331,False
NNCN,NAGNATH CABIN,,,,India,18.854079332599998,73.35913113400001,False
NAGC,NAGARGALI,,,,India,18.815609,73.36014800000001,False
MHLC,MONKEY HILL,,,,India,18.769161,73.36374599999999,False
KAD,KHANDALA,,,,India,18.755087,73.377469,False
LNL,LONAVALA,,,,India,18.748883,73.407657,False
MVL,MALAVLI,,,,India,18.743833000000002,73.48064000000001,False
KMST,KAMSHET,,,,India,18.766938,73.552352,False
KNHE,KANHE,,,,India,18.762352,73.59401600000001,False
VDN,VADGAON,,,,India,18.742927,73.636925,False
TGN,TALEGAON,,,,India,18.734829,73.67201399999999,False
GRWD,GHORAWADI,,,,India,18.720585,73.69698199999999,False
SLRW,SHELARWADI,,,,India,18.700940000000003,73.705901,False
BGWI,BEGDAEWADI,,,,India,18.700263,73.708437,False
BGW,BEGDEWADI,,,,India,18.701176,73.70903919999999,False
DEHR,DEHU ROAD,,,,India,18.680176,73.734169,False
AKRD,AKURDI,,,,India,18.64812,73.76424399999999,False
CCH,CHINCHVAD,,,,India,18.638903,73.79139199999999,False
PMP,PIMPRI,,,,India,18.622977,73.801991,False
KSWD,KASAR WADI,,,,India,18.607555174,73.8207010529,False
DAPD,DAPODI,,,,India,18.58005,73.83279900000001,False
KK,KHADKI,,,,India,18.563010000000002,73.840513,False
SVJR,SHIVAJINAGAR,,,,India,18.531738,73.851147,False
BRB,BORIBIAL,,,,India,18.4077648636,74.6488080432,False
MLM,MALTHAN,,,,India,18.3689511683,74.7243673877,False
BGVN,BHIGWAN,,,,India,18.317256,74.77504200000001,False
JNTR,JINTI ROAD,,,,India,18.3249544651,74.87741682800001,False
PRWD,PAREWADI,,,,India,18.289799000000002,74.952285,False
WSB,WASHIMBE,,,,India,18.284021,75.003799,False
PPJ,POPHLAJ,,,,India,18.292242,75.117846,False
JEUR,JEUR,,,,India,18.260933,75.16247100000001,False
BLNI,BHALWANI,,,,India,18.212962,75.199289,False
KEM,KEM,,,,India,18.177508793500003,75.2746262701,False
DHS,DHAVALAS,,,,India,18.1296817393,75.3342619214,False
KWV,KURDUVADI,,,,India,18.091348,75.41711799999999,False
WDS,WADSINGE,,,,India,18.066132304299998,75.4887746527,False
MA,MADHA,,,,India,18.029712,75.546507,False
WKA,VAKAV,,,,India,17.988187,75.579724,False
AAG,ANGAR,,,,India,17.954256,75.599875,False
MKPT,MALIKPETH,,,,India,17.899981999999998,75.608752,False
MO,MOHOL,,,,India,17.805205,75.675995,False
MVE,MUNDHEWADI,,,,India,17.7417646618,75.7065479559,False
PK,PAKNI,,,,India,17.7248659449,75.7788740411,False
BALE,BALE,,,,India,17.676185604199997,75.8450861792,False
SUR,SOLAPUR JN,,,,India,17.664496,75.893401,False
TKWD,TIKEKARWADI,,,,India,17.614967,75.933458,False
HG,HOTGI,,,,India,17.565668000000002,75.989943,False
TLT,TILATI,,,,India,17.503553,76.069348,False
AKOR,AKALKOT ROAD,,,,India,17.450243,76.13768900000001,False
NGS,NAGANSUR,,,,India,17.429086,76.182913,False
BOT,BOROTI,,,,India,17.395018500000003,76.2535626,False
DUD,DUDHANI,,,,India,17.362420999999998,76.37871,False
KUI,KULALI,,,,India,17.357949,76.47059200000001,False
GDGN,GAUDGAON,,,,India,17.335973000000003,76.530953,False
GUR,GANAGAPUR ROAD,,,,India,17.340443,76.5903,False
HHD,HUNSIHADGIL,,,,India,17.352906,76.646807,False
SVG,SAWALGI,,,,India,17.339489999999998,76.71113700000001,False
BBD,BABLAD,,,,India,17.337569,76.779259,False
GR,GULBARGA,,,,India,17.314372,76.82443799999999,False
HQR,HIRENANDURU,,,,India,17.258215,76.872212,False
MR,MARTUR,,,,India,17.199686,76.902717,False
SDB,SHAHABAD,,,,India,17.121662999999998,76.943513,False
MBQ,MUMBRA,,,,India,19.190223,73.02326,False
KLVA,KALVA,,,,India,19.196049,72.997651,False
CLA,KURLA JN,,,,India,19.065221,72.879375,False
SIN,MUMBAI SION,,,,India,19.047725,72.864262,False
MTN,MUMBAI MATUNGA,,,,India,19.027347,72.84984200000001,False
DR,MUMBAI DADAR CENTRAL,,,,India,19.017179,72.842972,False
VLDI,VITHALWADI,,,,India,19.229233999999998,73.149051,False
ULNR,ULHASNAGAR,,,,India,19.218215,73.163466,False
ABH,AMBARNATH,,,,India,19.210382000000003,73.184756,False
BUD,BADLAPUR,,,,India,19.166388299999998,73.2390496,False
VGI,VANGANI,,,,India,19.094299,73.300967,False
SHLU,SHELU,,,,India,19.062985,73.317386,False
NRL,NERAL,,,,India,19.027113,73.318955,False
BVS,BHIVPURI ROAD,,,,India,18.970654999999997,73.331324,False
KJT,KARJAT,,,,India,18.911157999999997,73.320691,False
BLYC,BLYC,,,,India,,,False
BWND,BWND,,,,India,,,False
MAG,MANGALAGIRI,,,,India,16.438256,80.564992,False
NBR,NAMBURU,,,,India,16.358721,80.49582500000001,False
PDKN,PEDAKAKANI HALT,,,,India,16.34323912,80.48615482999999,False
BDPL,BANDARUPALLE,,,,India,16.3655265,80.36280020000001,False
MDPD,MANDAPADU,,,,India,16.388651999999997,80.320507,False
SRPM,SIRIPURAM,,,,India,16.412602999999997,80.295123,False
LIN,LINGAMGUNTLA,,,,India,16.439709,80.273943,False
PKPU,PEDDAKURAPADU,,,,India,16.459296,80.252989,False
GPDE,GUDIPUDI,,,,India,16.433946000000002,80.205304,False
SAP,SATTENAPALLE,,,,India,16.405018,80.152704,False
DUP,DHULIPALLA HALT,,,,India,16.4244756015,80.0878237878,False
REM,REDDIGUDEM,,,,India,16.442327720599998,80.0508149304,False
BMKD,BELLAMKONDA,,,,India,16.46998,80.006313,False
ANPM,ANUPALEM,,,,India,16.469897,79.962595,False
STRM,SITARAMAPURAM,,,,India,16.4747594276,79.9255021252,False
PGRL,PIDUGURALLA,,,,India,16.477787000000003,79.876294,False
KPH,KAMEPALLI,,,,India,16.5053044215,79.83223332029999,False
TMLU,TUMMALACHERUVU,,,,India,16.527651000000002,79.80296299999999,False
NDKD,NADIKODE,,,,India,16.590634,79.72356500000001,False
PDGL,PONDUGULA,,,,India,16.6762442519,79.65905031369999,False
VJRD,VAJIRABAD,,,,India,16.686823777,79.6451940808,False
VNUP,VISHNUPURAM,,,,India,16.7045104904,79.6387859326,False
DMCA,DAMARACHERLA,,,,India,16.725861,79.630821,False
KDGL,KONDRAPOL,,,,India,16.785299045400002,79.6010754456,False
KDRL,KONDRAPOL,,,,India,16.784736,79.600292,False
MRGA,MIRYALAGUDA,,,,India,16.860392,79.533503,False
TPPI,TIPPARTHI,,,,India,17.006536999999998,79.42309800000001,False
NLDA,NALGONDA,,,,India,17.06118,79.283436,False
SRMR,SRIRAMPURAM,,,,India,17.1172617982,79.212404903,False
NKPL,NARKETPALLI,,,,India,17.199276,79.179267,False
CTYL,CHITYALA,,,,India,17.221960824,79.135713114,False
RMNP,RAMANNAPET,,,,India,17.282344000000002,79.087023,False
VLG,VANIGONDA,,,,India,17.366663,79.008505,False
MMPR,MAMDAPUR,,,,India,17.3825749479,78.97793132449999,False
NRDP,NAGIREDDIPALLI,,,,India,17.422255,78.939987,False
BMMP,BOMMAYAPALLI,,,,India,17.484445161900002,78.8612265723,False
YY-WADB,YY-WADB,,,,India,,,False
YY-MLYB,YY-MLYB,,,,India,,,False
KTCR,KOTHACHERUVU,,,,India,14.185769735700001,77.76013216189999,False
BSPL,BASAMPALLE,,,,India,14.31123523,77.74596344999999,False
SSPN,SATYA SAI P NILAYAM,,,,India,14.160468,77.757559,False
NRYP,NARAYANAPURAM,,,,India,14.128972000000001,77.696047,False
WDC,WDC,,,,India,,,False
SUH,SULEHALLI,,,,India,17.0804109748,77.05225732059999,False
AMLX,AMLX,,,,India,,,False
AQX,AQX,,,,India,,,False
HLTS,HALKATTA SHARIEF,,,,India,17.017117292,76.9925675,False
TAC,TATICHERLA,,,,India,14.7483502106,77.59500059450001,False
LPI,LINGAMPALLI,,,,India,17.482874000000002,78.31677400000001,False
KDT,KHADARPET,,,,India,14.9830781091,77.5427697052,False
VPL,VENKATAMPALLE,,,,India,15.0448535871,77.44160447690001,False
GPU,GULAPALYAMU,,,,India,15.087043,77.39921,False
CDNR,CHANDANAGAR,,,,India,17.487697,78.333575,False
HFZ,HAFIZPETA,,,,India,17.482275,78.36265499999999,False
HTCY,HITECH CITY,,,,India,17.4694,78.38486099999999,False
HNMN,HANUMAN STATION,,,,India,15.1495189968,77.37687315369999,False
LGD,LALLAGUDA,,,,India,17.441464,78.525617,False
MLY,MAULA ALI,,,,India,17.44041,78.55054100000001,False
BRBD,BORABANDA,,,,India,17.45922612,78.40786013,False
BTNR,BHARTNAGAR,,,,India,17.46139991,78.42819281999999,False
FNB,FATEHNAGAR,,,,India,17.4561957266,78.4502575745,False
NCHS,NATURE CURE HOSPITAL,,,,India,17.44586316,78.45289083,False
BMT,BEGAMPET,,,,India,17.4388739,78.4586266,False
SJVP,SANJEEVAIAH PARK,,,,India,17.435951,78.475688,False
JET,JAMES STREET,,,,India,17.433133,78.486911,False
SC,SECUNDERABAD JN,,,,India,17.433146999999998,78.50148100000001,False
NW,NALWAR,,,,India,16.936043,77.019937,False
SPHL,SHAMPURHALLI,,,,India,16.87535,77.03309,False
TGDE,THANGUNDI,,,,India,16.803814,77.068276,False
YG,YADGIR,,,,India,16.744396,77.13036600000001,False
LGRE,LINGIRI,,,,India,16.670289,77.188998,False
SADP,SAIDAPUR,,,,India,16.5700011556,77.2497912268,False
CGTA,CHEGUNTA,,,,India,16.48536136,77.30225045,False
KSN,KRISHNA,,,,India,16.409324,77.328563,False
YDLP,YADALAPUR,,,,India,16.384372,77.326596,False
CK,CHIKSUGAR,,,,India,16.336647,77.343832,False
YS,YERMARAS,,,,India,16.272482,77.34747,False
RC,RAICHUR,,,,India,16.192441000000002,77.339165,False
MRC,MARICHETHAL,,,,India,16.111362,77.30931799999999,False
MTU,MATMARI,,,,India,16.046723,77.302973,False
HPH,HANUMAPURA,,,,India,15.9712913703,77.30620283569999,False
MALM,MANTHRALAYAM RD,,,,India,15.949035,77.299196,False
EGU,IRANAGALLU,,,,India,15.89181357,77.26376539,False
KO,KOSGI,,,,India,15.847871999999999,77.23640800000001,False
KGL,KUPGAL,,,,India,15.726256,77.219229,False
ESV,ISIVI,,,,India,15.65781,77.22981399999999,False
AD,ADONI,,,,India,15.617035,77.27485,False
NRR,NAGARUR,,,,India,15.542335,77.31318399999999,False
ASP,ASPARI,,,,India,15.454804000000001,77.356253,False
MGV,MOLAGAVALLI,,,,India,15.357784,77.371821,False
NMLU,NEMAKALLU,,,,India,15.297622,77.37277900000001,False
NLA,NANCHERLA,,,,India,15.256053,77.36883300000001,False
GTL,GUNTAKAL JN,,,,India,15.17556,77.36661099999999,False
KLU,KALLURU,,,,India,14.924474,77.581419,False
GDE,GARLADINNE,,,,India,14.827323999999999,77.592146,False
HLKT,HALAKATTA,,,,India,17.0207708951,76.99057254760001,False
CT,CHITTAPUR,,,,India,17.1197808,77.09045160000001,False
MQR,MALKHAID ROAD,,,,India,17.147112,77.17396099999999,False
SEM,SERAM,,,,India,17.180683000000002,77.28353,False
KQT,KURGUNTA,,,,India,17.191165,77.359574,False
NAW,NAWANDGI,,,,India,17.2170998262,77.427908244,False
MVH,MANTATTI,,,,India,17.2276934669,77.5094807208,False
TDU,TANDUR,,,,India,17.25044,77.585037,False
RMY,RUKMAPUR,,,,India,17.27365,77.67542399999999,False
DRR,DHARUR,,,,India,17.28952,77.75853000000001,False
MWY,MAILARAM,,,,India,17.280412,77.809709,False
GDQ,GODAMGURA,,,,India,17.29025,77.867119,False
VKB,VIKARABAD JN,,,,India,17.337132,77.90940900000001,False
CTF,CHITGIDDA,,,,India,17.391231,77.963909,False
GGD,GULLAGUDA,,,,India,17.4169638619,78.03277293640001,False
RPK,RAVALPALLI KALA,,,,India,17.439968,78.084165,False
SKP,SHANKARPALLI,,,,India,17.450825,78.131116,False
NPL,NAGALAPALLE,,,,India,17.460567,78.229966,False
SNF,SANAT NAGAR,,,,India,17.4616070935,78.4359471722,False
JBR,JAHANGIRABAD ROAD,,,,India,26.973936860000002,81.2472830347,False
RFR,RAFINAGAR,,,,India,26.994136282600003,81.2820328021,False
BUR,BINDAURA,,,,India,27.0210232397,81.3252031305,False
STPD,SITAFAL MANDI,,,,India,17.428339,78.520289,False
ATC,ARTS COLLEGE,,,,India,17.418129999999998,78.51966499999999,False
JOO,KACHEGUDA JAMIA OSMANIA,,,,India,17.411068999999998,78.517784,False
VAR,VIDYANAGAR,,,,India,17.402485,78.511657,False
LGDH,LALAGUDA GATE,,,,India,17.440355,78.52440299999999,False
MJF,MALKAJGIRI,,,,India,17.448392000000002,78.529606,False
KDGH,KODIGEHALLI,,,,India,13.063357741399999,77.57597160489999,False
ATP,ANANTAPUR,,,,India,14.686478,77.59531199999999,False
PSPY,PRASANNAYA PALLI,,,,India,14.6311777937,77.602106203,False
ZPL,ZANGALAPALLE,,,,India,14.591854,77.640854,False
CCA,CHIGICHERLA,,,,India,14.517474,77.68348800000001,False
DMM,DHARMAVARAM JN,,,,India,14.424368999999999,77.717115,False
NGM,NAGASAMUDRAM,,,,India,14.32166253,77.64246703,False
MKJ,MAKKAJIPALLI,,,,India,14.19611832,77.62844748,False
PKD,PENUKONDA,,,,India,14.099641,77.592521,False
REPI,RANGEPALLI,,,,India,14.01783,77.578036,False
CPL,CHAKARLAPALLI,,,,India,13.99779,77.583123,False
MLU,MALUGUR,,,,India,13.866614,77.531591,False
HUP,HINDUPUR,,,,India,13.819144000000001,77.500362,False
DPE,DEVARAPALLE,,,,India,13.723806590299999,77.512236488,False
VWA,VIDURASWATTHA,,,,India,13.665712999999998,77.509785,False
GBD,GAURIBIDANUR,,,,India,13.613081000000001,77.512781,False
SMWA,SOMESHWARA,,,,India,13.55657,77.513961,False
TDV,THONDEBHAVI,,,,India,13.503502999999998,77.51457300000001,False
MKL,MAKLIDRUG,,,,India,13.4095451686,77.50903739809999,False
CHZ,CHARLAPALLI,,,,India,17.457672000000002,78.605619,False
GT,GHATKESAR,,,,India,17.453116,78.678217,False
BN,BIBINAGAR,,,,India,17.470511,78.794355,False
PGDP,PAGIDIPALLI,,,,India,17.484713000000003,78.820893,False
BG,BHONGIR,,,,India,17.524696,78.89847,False
RAG,RAIGIR,,,,India,17.550881,78.94120199999999,False
WP,WANGAPALLI,,,,India,17.580557000000002,78.983664,False
ALER,ALER,,,,India,17.6459553,79.04834140000001,False
PBP,PEMBARTI,,,,India,17.692296000000002,79.11616,False
ZN,JANGAON,,,,India,17.725115,79.15473399999999,False
YSPM,YASANTAPUR,,,,India,17.736740181200002,79.20499763309999,False
RGP,RAGHUNATHPALLI,,,,India,17.7564788113,79.2553036017,False
IPG,IPPUGUDA,,,,India,17.801311539300002,79.3267055493,False
GNP,GHANPUR,,,,India,17.8506252,79.3768995,False
NSKL,NASKHAL,,,,India,17.898101,79.426237,False
ORH,ODDARAHALLI,,,,India,13.345829,77.541461,False
DBU,DODBALLAPUR,,,,India,13.27894,77.55016,False
RNN,RAJANKUNTI,,,,India,13.174150999999998,77.564915,False
YNK,YELHANKA JN,,,,India,13.102795,77.593069,False
VAH,VAH,,,,India,,,False
BRGL,BURGULA HALT,,,,India,16.993515,78.20522299999999,False
HBLN,HBL NAGAR,,,,India,17.134017,78.27355,False
KOTT,KOTTUR,,,,India,17.149739999999998,78.28622100000001,False
NSVP,NPA SHIVARAMPALLI HALT,,,,India,17.3237142919,78.4372038177,False
YKA,YAKUTPURA KACHEGUDA,,,,India,17.359554,78.49171100000001,False
MLYG,MLYG,,,,India,17.455347,78.53416999999999,False
MLYC,MAULA ALI,,,,India,17.447219,78.548135,False
OPL,UPPAL,,,,India,18.183408,79.48098,False
JMKT,JAMIKUNTA,,,,India,18.290021,79.476918,False
BGSF,BISUGIRSHARIF,,,,India,18.348122,79.483604,False
PTKP,POTKAPALLI,,,,India,18.4290619835,79.4644454974,False
OEA,ODELA,,,,India,18.456554241099997,79.4497442804,False
KOLR,KOLNUR,,,,India,18.496319274500003,79.4199093701,False
KYOP,KOTTAPALLI,,,,India,18.5402681328,79.40385903139999,False
PDPL,PEDDAPALLI,,,,India,18.613795999999997,79.39208,False
RGPM,RAGHAVAPURAM,,,,India,18.681242,79.411187,False
RDM,RAMGUNDAM,,,,India,18.763329,79.43509999999999,False
PPZ,PEDDEMPET,,,,India,18.802669374,79.4268241321,False
MCI,MANCHIRYAL,,,,India,18.878745000000002,79.448848,False
RVKH,RAVINDRAKHANI,,,,India,18.936594000000003,79.461396,False
MMZ,MANDAMARI,,,,India,18.971272,79.47014800000001,False
BPA,BELAMPALLI,,,,India,19.053689199999997,79.4863374,False
RECH,RECHNI ROAD,,,,India,19.140541,79.451894,False
RLW,REPALLIWADA,,,,India,19.201953,79.430139,False
ASAF,ASIFABAD ROAD,,,,India,19.256682,79.416719,False
RLT,RALAPET,,,,India,19.322909,79.437787,False
SKZR,SIRPUR KAGAZNAGAR,,,,India,19.345659,79.489201,False
VEM,VEMPALLI,,,,India,19.414389,79.53458400000001,False
SRUR,SIRPUR TOWN,,,,India,19.479063,79.560418,False
MKDI,MAKUDI,,,,India,19.592555,79.44826,False
WIRR,WIRUR,,,,India,19.641288000000003,79.430571,False
VHGN,WIHIRGAON,,,,India,19.725052,79.44081899999999,False
MAGH,MANIKGARH,,,,India,19.787693,79.398527,False
BPQ,BALHARSHAH,,,,India,19.8490173,79.3485858,False
GNVR,GONDWANAVISAPUR,,,,India,19.8826389297,79.3287230096,False
VSP,WASANAPURA,,,,India,19.884978,79.327833,False
BUPH,BABUPETH,,,,India,19.923131,79.313027,False
CD,CHANDRAPUR,,,,India,19.960126000000002,79.300505,False
VVKN,VIVEKANANDA NAGAR,,,,India,19.997086,79.259191,False
CPW,CHOTIPADOLI,,,,India,20.000992,79.253005,False
TAE,TADALI,,,,India,20.034835,79.187503,False
BUX,BHANDAK,,,,India,20.084262,79.112528,False
MJRI,MAJRI JN,,,,India,20.139283,79.043522,False
WRR,WARORA,,,,India,20.244263,79.00994399999999,False
CKNI,CHIKNI ROAD,,,,India,20.325826,78.95921700000001,False
NGI,NAGARI,,,,India,20.406983,78.889984,False
YNA,YENOR,,,,India,20.508138,78.837091,False
HGT,HINGANGHAT,,,,India,20.542631,78.83392500000001,False
WG,WAGHOLI,,,,India,20.585085,78.767038,False
SNN,SONEGAON,,,,India,20.629319,78.709706,False
BPK,BHUGAON,,,,India,20.6738192,78.6700027,False
CHJC,CHITODA,,,,India,20.708474,78.62974,False
PQL,PINDLAI,,,,India,17.925189,79.454715,False
KZJ,KAZIPET JN,,,,India,17.974211,79.511025,False
NSZ,BHOPAL NISHATPURA,,,,India,23.278225,77.41876900000001,False
SUW,SUKHISEWANIYAN,,,,India,23.34076,77.48596599999999,False
BVB,BHADBHADAGHAT,,,,India,23.375165,77.535282,False
DWG,DEWANGANJ,,,,India,23.429766,77.59286700000001,False
SMT,SALAMATPUR,,,,India,23.461639,77.67275,False
SCI,SANCHI,,,,India,23.488096,77.735783,False
BTWN,BETWA CABIN,,,,India,23.509200999999997,77.787463,False
BHS,VIDISHA,,,,India,23.5222886,77.8148356,False
SORI,SORAI,,,,India,23.551699,77.848219,False
SUMR,SUMER,,,,India,23.624616,77.879427,False
GLG,GULABHGANJ,,,,India,23.684375,77.912351,False
PAI,PABAI,,,,India,23.767491,77.931259,False
BAQ,GANJ BASODA,,,,India,23.845347,77.944826,False
RKRI,RAO KHEDI,,,,India,23.885645,77.981122,False
RKDI,RAUKHERI,,,,India,23.886485,77.981962,False
BET,BARETH,,,,India,23.91494729,77.99967978000001,False
CLHT,CHULHETA,,,,India,23.945912,78.018483,False
KAH,KALHAR,,,,India,23.978071,78.05717800000001,False
MABA,MANDI BAMORA,,,,India,24.054032,78.08243700000001,False
KIKA,KURWAI KETHORA,,,,India,24.117852,78.11497800000001,False
MSV,MUSTARA,,,,India,25.496702,78.63498,False
GRM,GARHMAU,,,,India,25.506271,78.687944,False
PIC,PARICHA,,,,India,25.518402,78.73773,False
PTSC,PARICHAA THERMA,,,,India,25.525228,78.753962,False
CGN,CHIRGAON,,,,India,25.575053,78.805761,False
NDK,NANKHAS,,,,India,25.660949000000002,78.872336,False
MOTH,MOTH,,,,India,25.74157,78.948673,False
ERC,ERICH ROAD,,,,India,25.820641,79.03502499999999,False
PRN,PARAUNA,,,,India,25.8668027818,79.1257213309,False
AIT,AIT,,,,India,25.903719000000002,79.230436,False
BHUA,BHUA,,,,India,25.9455806635,79.3510848193,False
ORAI,ORAI,,,,India,25.9825370076,79.459533963,False
ATA,ATA,,,,India,26.0445422657,79.5991430011,False
URG,USARGAON,,,,India,26.080448999999998,79.680325,False
KPI,KALPI,,,,India,26.119339,79.755607,False
CNH,CHAUNRAH,,,,India,26.16506,79.782159,False
PHN,POKHRAYAN,,,,India,26.222964,79.84088799999999,False
MLS,MALASA,,,,India,26.28889,79.907312,False
LLR,LALPUR,,,,India,26.318818,79.948516,False
TLNH,TILAUNCHI,,,,India,26.3381999708,80.02677233760001,False
PMN,PAMAN,,,,India,26.359934,80.08042,False
RPGU,RASULPURGOGAMAU,,,,India,26.376288,80.118434,False
BNAR,BINAUR,,,,India,26.402727,80.178721,False
BZM,BHIMSEN,,,,India,26.419754,80.21814499999999,False
HLIN,HOLDING LINE,,,,India,26.438271,80.26021300000001,False
ASH,AISHBAGH,,,,India,26.8373880081,80.90960679930001,False
LC,LUCKNOW CITY,,,,India,26.859109,80.917866,False
DAL,DALIGANJ,,,,India,26.875384,80.927482,False
BNZ,BADSHAHNAGAR,,,,India,26.8686134,80.9613606,False
GTNR,GOMATI NAGAR,,,,India,26.860344,81.003433,False
RMBG,RAMGHAT HALT,,,,India,26.820567771,82.2144349255,False
KEA,KATRA,,,,India,26.842992,82.204937,False
NGB,NAWABGANJ GONDA,,,,India,27.153816,81.977064,False
TRE,TIKRI,,,,India,27.116135,82.070639,False
YPR,YESVANTPUR JN,,,,India,13.022839000000001,77.55117399999999,False
KJM,KRISHNARAJAPURAM,,,,India,13.000534,77.674016,False
SGWF,WHITE FIELD SATELLITE,,,,India,12.9960174083,77.7614779608,False
WFD,WHITEFIELD,,,,India,12.995253,77.76130500000001,False
DKN,DEVANGONTHI,,,,India,12.985647,77.831087,False
MLO,MALUR,,,,India,12.992108,77.940033,False
BFW,BYATRAYANHALLI,,,,India,13.002039739999999,77.98850762000001,False
TCL,TYAKAL,,,,India,12.984096000000001,78.070518,False
MZV,MARALAHALLI,,,,India,12.988346,78.108853,False
BWT,BANGARAPET,,,,India,12.984808,78.178188,False
LOGH,LOTTEGOLLAHALLI,,,,India,13.043169,77.562257,False
BYPL,BAIYYAPPANAHALI,,,,India,12.990198,77.650886,False
BYPY,BAIYYAPPANAHALLI YARD CABIN,,,,India,13.0067311694,77.62557964230001,False
BAND,BANASWADI,,,,India,13.00573,77.628196,False
HEB,HEBBAL,,,,India,13.042299,77.58606,False
VRDP,VARADAPUR,,,,India,12.9226601895,78.1915680487,False
KSM,KAMASAMUDRAM,,,,India,12.880706,78.200119,False
BSM,BISANATTAM,,,,India,12.84262771,78.25031624,False
GDP,GUDUPULLI,,,,India,12.803672,78.27491,False
KPN,KUPPAM,,,,India,12.746834,78.339549,False
MAR,MULANUR,,,,India,12.661484999999999,78.40638899999999,False
PU,PATCHUR,,,,India,12.586657299999999,78.4694944,False
SKPT,SOMANAYAKKANPTI,,,,India,12.574922,78.54245200000001,False
BUM,BOMMASAMUDRAM,,,,India,13.044566,79.176067,False
RAM,RAMAPURAM,,,,India,13.098011999999999,79.178793,False
PYX,PEYANAPALLI,,,,India,13.131636,79.138282,False
SIE,SIDDAMPALLI,,,,India,13.160644999999999,79.137135,False
CTO,CHITTOOR,,,,India,13.219857,79.103252,False
RVSN,RVS NAGAR,,,,India,13.2783021967,79.11625703979999,False
PTT,PUTALAPATTU,,,,India,13.373419,79.098727,False
PAK,PAKALA JN,,,,India,13.451133,79.11408,False
PAM,PANAPAKAM,,,,India,13.513241,79.210821,False
MNPT,MUNGILIPATTU,,,,India,13.5565460528,79.2410982153,False
KEN,KOTALA,,,,India,13.6063213389,79.2872542792,False
CGI,CHANDRAGIRI,,,,India,13.61173,79.31221500000001,False
TPW,TIRUPATI WEST HALT,,,,India,13.624534,79.404624,False
TPTY,TIRUPATI MAIN,,,,India,13.62763,79.418968,False
TCNR,TIRUCHANUR,,,,India,13.631300000000001,79.455703,False
RU,RENIGUNTA JN,,,,India,13.636261,79.50628999999999,False
YPD,YERPEDU,,,,India,13.689108000000001,79.578514,False
RCG,RACHAGUNNARI,,,,India,13.714631,79.629853,False
KHT,SRI KALAHASTI,,,,India,13.7463618318,79.6830412451,False
AKY,AKKURTI,,,,India,13.7828960127,79.6686416895,False
YLK,YELLAKARU,,,,India,13.84646,79.65057200000001,False
YAL,YATALURU,,,,India,13.893493999999999,79.626238,False
VKI,VENKATAGIRI,,,,India,13.943864,79.60398699999999,False
NDZ,NIDIGALLU,,,,India,13.988306000000001,79.660594,False
VDD,VENDODU,,,,India,14.026947000000002,79.72840000000001,False
KQA,KONDAGUNTA,,,,India,14.080027999999999,79.79392,False
LJN,LUCKNOW JN,,,,India,26.831967000000002,80.91858699999999,False
AGA,AGRA CITY,,,,India,27.1945731,78.0157752,False
RAWS,RAHATWAS,,,,India,24.522974,77.8327,False
BRNA,BERAWANYA,,,,India,23.465605999999998,75.33412200000001,False
KUH,KHACHROD,,,,India,23.442673,75.286337,False
RNH,RUNKHERA,,,,India,23.413846043299998,75.1888022272,False
BOD,BANGROD,,,,India,23.3982156,75.1241457,False
RTME,RATLAM EAST CABIN,,,,India,23.359789999999997,75.067019,False
RTLM,RATLAM JN,,,,India,23.340239999999998,75.050686,False
RTM,RATLAM JN,,,,India,23.34038,75.050826,False
RTD,RATLAM A CABIN,,,,India,23.335631,75.042913,False
DRRN,DR. R K NAGAR,,,,India,23.310222115,75.0060586914,False
MRN,MORWANI,,,,India,23.2764855209,74.9779687335,False
BILD,BILDI,,,,India,23.2255232,74.91853870000001,False
RTI,RAOTI,,,,India,23.183572,74.87867399999999,False
BOG,BHAIRONGARH,,,,India,23.1449211037,74.7760641077,False
BMI,BAMNIA,,,,India,23.0957635,74.7590158,False
AGR,AMARGARH,,,,India,23.080689,74.747038,False
PCN,PANCH PIPILA,,,,India,23.06329,74.737549,False
BJG,BAJRANGARH,,,,India,23.042607,74.69499300000001,False
THDR,THANDLA RD,,,,India,23.032708,74.666939,False
MGN,MEGHNAGAR,,,,India,22.907459,74.539834,False
NRH,NAHARGARH,,,,India,22.873881,74.500786,False
ANAS,ANAS,,,,India,22.866009,74.421513,False
BIO,BORDI,,,,India,22.8664871,74.3470986,False
DHMA,DHAMARDA,,,,India,22.846208,74.297046,False
DHD,DAHOD,,,,India,22.843607000000002,74.25337400000001,False
RET,RENTIA,,,,India,22.863268,74.210847,False
JKT,JEKOT,,,,India,22.865616,74.15935400000001,False
USRA,USRA,,,,India,22.842055,74.102942,False
MAM,MANGAL MAHUDI,,,,India,22.83578,74.058492,False
LMK,LIMKHEDA,,,,India,22.833894,73.984515,False
PPD,PIPLOD JN,,,,India,22.819148000000002,73.9091,False
SAT,SANT ROAD,,,,India,22.7963945628,73.80040253419999,False
CCL,CHANCHELAV,,,,India,22.795825439999998,73.71433934,False
KIZ,KANSUDHI,,,,India,22.789343,73.64823,False
GDA,GODHRA JN,,,,India,22.776974,73.603672,False
BINA,BINA JN,,,,India,24.170973500000002,78.1831998,False
GUNA,GUNA,,,,India,24.6405,77.314104,False
MUGA,MAHUGARHA,,,,India,24.627745093,77.24174229549999,False
RTA,RUTHIYAI,,,,India,24.531922,77.175827,False
VJP,VIJAY PUR,,,,India,24.493169148,77.1624114166,False
RGG,RADOGARH,,,,India,24.435611305000002,77.1547924854,False
KHRJ,KUMBHRAJ,,,,India,24.363097,77.079574,False
RMQ,RAMRI,,,,India,24.242752,77.051454,False
CBK,CHACHAURA BINAGANJ,,,,India,24.178144,77.01660299999999,False
PCF,PENCHI,,,,India,24.138711,77.005837,False
SFZ,SINDURIYA KACHARI,,,,India,24.0210993429,76.9259037006,False
BRRG,BIYAVRA RAJGARH,,,,India,23.93591,76.907007,False
KNRA,KACHNARIA,,,,India,23.883958,76.878726,False
KNWS,KARANWAS,,,,India,23.80408,76.808926,False
PFR,PACHOR ROAD,,,,India,23.729095,76.741609,False
UDK,UDYAN KHERI,,,,India,23.680052,76.639447,False
PQU,PARHANA MAU,,,,India,23.6266363986,76.5556067877,False
SFW,SARANGPUR,,,,India,23.5810641859,76.4871872211,False
SFF,SUNERA PIRKHERI,,,,India,23.474148000000003,76.36030299999999,False
SFY,SHAJAPUR,,,,India,23.425074,76.297843,False
CAZ,CHAUHANI,,,,India,23.332144,76.264491,False
SYO,SIROLIYA,,,,India,23.30556,76.225424,False
MDVK,MAHADEOKHEDI,,,,India,24.217392,78.193689,False
SRKI,SEMARKHERI,,,,India,24.288941,78.177733,False
KXB,KANJAI,,,,India,24.331047,78.169132,False
MNV,MUNGAOLI,,,,India,24.402175,78.11099,False
GVB,GUNERU BAMORI,,,,India,24.4617725676,78.0625395081,False
PIA,PIPRAIGAON,,,,India,24.503643,77.964258,False
RTWS,RAHATWAS,,,,India,24.522934000000003,77.83266,False
ORR,ORR,,,,India,24.530939,77.799315,False
HPKA,HINOTIA PIPALKHERA,,,,India,24.550797000000003,77.770415,False
ASKN,ASHOK NAGAR,,,,India,24.58015,77.726725,False
RIKA,RATIKHEDA,,,,India,24.59745,77.656544,False
SHDR,SHADHORAGAON,,,,India,24.633366,77.584671,False
PIGT,PILIGHAT,,,,India,24.660758,77.49331000000001,False
PGA,PAGARA,,,,India,24.65577,77.44077,False
MABN,MABAN,,,,India,24.641196,77.371542,False
IAA,INDARA JN,,,,India,25.987832,83.61961099999999,False
ML,MALHOUR,,,,India,26.8534491635,81.0404752448,False
JRR,JUGAUR,,,,India,26.881922122,81.08856127690001,False
SFH,SAFEDABAD,,,,India,26.8978573678,81.1166012347,False
BBK,BARABANKI JN,,,,India,26.935335,81.18104,False
MAU,MAU JN,,,,India,25.93948,83.564347,False
PLGH,PALIGARH,,,,India,25.959544,83.50513000000001,False
KRT,KHURAHAT,,,,India,25.984989000000002,83.455442,False
MMA,MUHAMMADABAD,,,,India,26.026235,83.376007,False
SAA,SATHIAON,,,,India,26.034194,83.28731699999999,False
SDHA,SIDHARI HALT,,,,India,26.0377415583,83.18766740909999,False
RES,RASULL,,,,India,26.9314225458,81.2534495215,False
AMH,AZAMGARH,,,,India,26.038607,83.160614,False
RKS,SARAI RANI,,,,India,26.015838,83.12149199999999,False
PHY,PHARIHA,,,,India,26.007478447900002,83.0299456195,False
SJER,SANJARPUR,,,,India,26.0173317932,82.97217946560001,False
SMZ,SARAI MIR,,,,India,26.0281419,82.9239538,False
KRND,KHORASON ROAD,,,,India,26.089745999999998,82.867173,False
SGJ,SAFDARGANJ,,,,India,26.914454,81.36116,False
DJD,DIDARGANJ ROAD,,,,India,26.092367,82.805191,False
KHJA,KHANJA HALT,,,,India,26.088482,82.744969,False
SYK,SAIDKHANPUR,,,,India,26.89846,81.462176,False
DYD,DARYABAD,,,,India,26.861303,81.550114,False
PTH,PATRANGA,,,,India,26.825007,81.625869,False
RZN,RAUZAGAON,,,,India,26.785263999999998,81.70800700000001,False
RDL,RUDAULI,,,,India,26.762188000000002,81.754202,False
GMU,GAURIYAMAU,,,,India,26.757029,81.79366,False
BNM,BARAGAON,,,,India,26.755374103399998,81.8470278857,False
DELO,DEORAKOT,,,,India,26.754368,81.90635800000001,False
SLW,SOHWAL,,,,India,26.753048,81.983837,False
SLRP,SALARPUR,,,,India,26.752552,82.013173,False
FD,FAIZABAD JN,,,,India,26.768996,82.135574,False
ACND,ACHARYA NARENDRA DEV NAGAR,,,,India,26.774576,82.156997,False
AY,AYODHYA,,,,India,26.787784,82.200604,False
DRG,DARSHANNAGAR,,,,India,26.7522286283,82.2083842694,False
BLG,BILHAR GHAT,,,,India,26.6813068,82.2689979,False
ULN,ULNA BHARI,,,,India,26.632175,82.319243,False
GGJ,GOSHAINGANJ,,,,India,26.569524,82.384123,False
KTHE,KATAHRI,,,,India,26.4952,82.44776399999999,False
ABP,AKBARPUR,,,,India,26.429818,82.539073,False
JFG,JAFARGANJ,,,,India,26.360277060599998,82.5823193939,False
MLPR,MALIPUR,,,,India,26.281482,82.63130000000001,False
TLGR,TULSI NAGAR,,,,India,26.215063,82.651701,False
BWI,BILWAI,,,,India,26.158966,82.665181,False
SHG,SHAHGANJ JN,,,,India,26.061399,82.679662,False
PEP,PHEPHNA JN,,,,India,25.770309,84.05132499999999,False
SVI,SAGARPALI,,,,India,25.758015,84.098657,False
HLP,HALDHARPUR,,,,India,25.963348,83.67908,False
RTP,RATANPURA,,,,India,25.921924,83.744472,False
RJMP,RAJMALPUR ROAD,,,,India,25.892921,83.788671,False
RSR,RASRA,,,,India,25.861714,83.85785,False
SNRA,SANWARA,,,,India,25.845461,83.910076,False
CHR,CHILKAHAR,,,,India,25.82699,83.965313,False
JGKS,JIGNI KHAS,,,,India,25.802194,84.00627300000001,False
BUI,BALLIA,,,,India,25.76057,84.15311999999999,False
BCD,BANSDIH ROAD,,,,India,25.8115832,84.215238,False
CATA,CHHATA ASCHAURA,,,,India,25.824617,84.253936,False
STW,SAHATWAR,,,,India,25.827831,84.295491,False
ROI,REOTI,,,,India,25.833886,84.37469,False
DCP,DAL CHAPRA,,,,India,25.82706,84.432615,False
SIP,SURAIMANPUR,,,,India,25.80918,84.48002199999999,False
BKLA,BAKULHA,,,,India,25.797877,84.543411,False
MHT,MANJHI,,,,India,25.828485,84.58475899999999,False
RVG,REVELGANJ GHAT HALT,,,,India,25.787071962800002,84.6394018433,False
GTST,GAUTAMSTHAN,,,,India,25.7868591282,84.6634794519,False
BJF,BIJNI,,,,India,26.497967,90.70782700000001,False
PTLD,PATILADAHA,,,,India,26.504091000000003,90.78453400000001,False
SBE,SORBHOG JN,,,,India,26.494286000000002,90.88828099999999,False
BPRD,BARPETA ROAD,,,,India,26.5028473,90.9639649,False
GSA,GUAGACHHA,,,,India,26.501588,91.01633199999999,False
SPQ,SORUPETA,,,,India,26.4996888512,91.0760593414,False
PBL,PATHSALA,,,,India,26.497475,91.176255,False
NSRH,NIZ-SARIHA HALT,,,,India,26.4860621389,91.2211261203,False
TIHU,TIHU,,,,India,26.471321,91.267699,False
KTCH,KAITHALKUCHI,,,,India,26.450315,91.339022,False
NLV,NALBARI,,,,India,26.450629,91.440291,False
GOE,GHOGRAPUR,,,,India,26.450741999999998,91.539986,False
RNY,RANGIYA JN,,,,India,26.447900999999998,91.605929,False
KDKN,KENDUKANA,,,,India,26.374067,91.63681,False
BIZ,BAIHATA,,,,India,26.343713,91.684343,False
CGS,CHANGSARI,,,,India,26.256204,91.693023,False
AGT,AGTHORI,,,,India,26.20089324,91.686006,False
KYQ,KAMAKHYA,,,,India,26.156154,91.689505,False
GHY,GUWAHATI,,,,India,26.182635,91.751851,False
JPE,JALPAIGURI ROAD,,,,India,26.559016999999997,88.70945300000001,False
NQH,NEW DOMOHANI,,,,India,26.569680979,88.786571557,False
NMX,NEW MAYNAGURI,,,,India,26.578607,88.822868,False
BYXA,BETGARA,,,,India,26.612665,88.885559,False
ATM,ALTAGRAM,,,,India,26.608131,88.946682,False
DQG,DHUPGURI,,,,India,26.573532,88.994973,False
KLGR,KHALAIGRAM,,,,India,26.550420000000003,89.052194,False
SXX,SALBARI,,,,India,26.5460609943,89.10552673400001,False
FLK,FALAKATA,,,,India,26.5383964616,89.19227488279999,False
GMZ,GUMANI HAT,,,,India,26.4740709229,89.2392642694,False
GUZ,GUMANI HAT,,,,India,26.4746809229,89.2398742694,False
GDX,GHOKSADANGA,,,,India,26.4228864281,89.2780105872,False
SJRR,SAJHERPAR,,,,India,26.4224452405,89.35227413269999,False
PQZ,PUNDIBARI,,,,India,26.413245,89.393542,False
NCB,NEW COOCH BEHAR,,,,India,26.353158999999998,89.469766,False
NBS,NEW BANESWAR,,,,India,26.3950219126,89.5104217529,False
NOQ,NEW ALIPURDAUR,,,,India,26.48572,89.541398,False
SMTA,SAMUKTALA ROAD,,,,India,26.483337452,89.6346837433,False
KAMG,KAMAKHYAGURI,,,,India,26.484168,89.721829,False
JOQ,JORAI,,,,India,26.454875498099998,89.8034610461,False
SRPB,SRIRAMPUR ASSAM,,,,India,26.4269150632,89.903914613,False
GOGH,GOSSAIGAON HAT,,,,India,26.4291071597,89.9715891956,False
GBY,GUABARI,,,,India,,,False
CROA,CHAUTARA,,,,India,26.4022417983,90.08572902709999,False
PQK,PRATAP KHATA,,,,India,26.386384000000003,90.11849600000001,False
FKM,FAKIRAGRAM JN,,,,India,26.365237,90.186189,False
SUF,SESAPANI,,,,India,26.386181999999998,90.225701,False
KOJ,KOKRAJHAR,,,,India,26.405057,90.274125,False
SLKX,SALAKATI,,,,India,26.44577,90.357339,False
BSGN,BASUGAON,,,,India,26.460164000000002,90.42014999999999,False
DTX,DANGTAL,,,,India,26.465846,90.46504900000001,False
NBQY,NEW BONGAIGAON YARD,,,,India,26.4721133248,90.52148600919999,False
NBQ,NEW BONGAIGAON,,,,India,26.4758354405,90.53684346440001,False
BNGN,BONGAIGAON,,,,India,26.478293,90.560548,False
CPQ,CHAPRAKATA,,,,India,26.4928550164,90.6120253168,False
JPR,JAKPUR,,,,India,22.362509000000003,87.389853,False
MPD,MADPUR,,,,India,22.369694000000003,87.44326799999999,False
SMCK,SHYAM CHAK,,,,India,22.363450999999998,87.500479,False
BCK,BALICHAK,,,,India,22.35818589,87.55335416,False
DUAN,DUAN,,,,India,22.354105,87.58821800000001,False
RDU,RADHAMOHANPUR,,,,India,22.356484,87.612611,False
HAUR,HAUR,,,,India,22.365254,87.655069,False
KHAI,KHIRAI,,,,India,22.374504,87.69662799999999,False
PKU,PANSKURA,,,,India,22.393102763,87.7430237079,False
PKEO,PANSKURA EAST OUTER,,,,India,22.39974,87.773512,False
NPMR,NARAYAN PAKURIA,,,,India,22.399692,87.773985,False
BOP,BHOGPUR,,,,India,22.401522,87.809079,False
NDGJ,NANDAHGANJA,,,,India,22.404098,87.832458,False
MCA,MECHEDA,,,,India,22.414105,87.85883,False
KIG,KOLAGHAT GOODS,,,,India,22.435188999999998,87.88087399999999,False
DTE,DEULTI,,,,India,22.452857,87.914003,False
GGTA,GHORAGHATA,,,,India,22.458315,87.94424,False
BZN,BAGNAN,,,,India,22.462515,87.97071100000001,False
KGY,KULGACHIA,,,,India,22.472352,88.020395,False
ERSD,ERNAKULAM D CABIN,,,,India,9.979712000000001,76.306549,False
TRTR,TRIUPUNITTURA,,,,India,9.9501,76.352761,False
KFE,KURIKAD,,,,India,9.923276999999999,76.37635,False
MNTT,MULANTURUTTI,,,,India,9.901576,76.389673,False
KPTM,KANJIRAMITTAM,,,,India,9.862331,76.410949,False
TVC,TRIVANDRUM CENTRAL,,,,India,8.486679,76.95120999999999,False
TVP,TRIVANDRUM PETTAI,,,,India,8.494524,76.931673,False
PVRD,PIRAVAM ROAD,,,,India,9.828669,76.454731,False
VARD,VAIKAM ROAD,,,,India,9.777648,76.47461100000001,False
KDTY,KADUTURUTTI HALT,,,,India,9.756128,76.49260000000001,False
KRPP,KURUPPANTHARA,,,,India,9.734535000000001,76.51060899999999,False
ETM,ETTUMANUR,,,,India,9.676196000000001,76.545152,False
KFQ,KUMARANALLUR,,,,India,9.617136,76.531679,False
KTYM,KOTTAYAM,,,,India,9.594177,76.532168,False
CGV,CHINGAVANAM,,,,India,9.537757000000001,76.525885,False
CGY,CHANGANASERI,,,,India,9.449881,76.54841400000001,False
TRVL,TIRUVALLA,,,,India,9.392148,76.580267,False
CNGR,CHENGANNUR,,,,India,9.319504,76.608271,False
CYN,CHERIYANAD,,,,India,9.273119000000001,76.585087,False
MVLK,MAVELIKARA,,,,India,9.239487,76.545692,False
KYJ,KAYANKULAM JN,,,,India,9.182586,76.512933,False
OCR,OCHIRA,,,,India,9.132022999999998,76.525576,False
KPY,KARUNAGAPALLI,,,,India,9.065268000000001,76.54402300000001,False
STKT,SASTHANKOTTA,,,,India,9.0323103106,76.59888294679999,False
MQO,MUNROTURUTTU,,,,India,8.9949977685,76.6119083966,False
PRND,PERINAD,,,,India,8.947916000000001,76.620341,False
QLN,KOLLAM JN,,,,India,8.886586000000001,76.59675299999999,False
IRP,IRAVIPURAM,,,,India,8.866947999999999,76.623059,False
MYY,MAYYANAD,,,,India,8.837759,76.64733100000001,False
PVU,PARAVUR,,,,India,8.815758,76.66823799999999,False
KFI,KAPPIL,,,,India,8.779435,76.67962999999999,False
EVA,EDAVAI,,,,India,8.762883,76.69747699999999,False
VAK,VARKALA,,,,India,8.740732,76.722872,False
AMY,AKATHUMURI,,,,India,8.70031,76.758792,False
KVU,KADAKAVUR,,,,India,8.679078,76.766672,False
CRY,CHIRAYINKIL,,,,India,8.658337900000001,76.7853703,False
PGZ,PERUNGUZHI,,,,India,8.631561,76.808211,False
MQU,MURUKKAMPUZHA,,,,India,8.613629999999999,76.830245,False
KXP,KANIYAPURAM,,,,India,8.587612,76.854482,False
KZK,KAZHAKUTTAM,,,,India,8.555848000000001,76.872235,False
VELI,VELI,,,,India,8.5225364873,76.8829192029,False
KCVL,KOCHUVELI,,,,India,8.509254,76.8961,False
BUW,BURHWAL,,,,India,27.087081,81.39016,False
CKG,CHOWKA GHAT,,,,India,27.100002,81.449932,False
SPC,SITAPUR CITY,,,,India,27.583612,80.679695,False
STRK,SITAPUR KUTCHERY HALT,,,,India,27.5646029424,80.6871628082,False
SCC,SITAPUR CANT,,,,India,27.559468,80.698784,False
TKUR,TAPPA KHAJURIA,,,,India,27.579425,80.761641,False
PSN,PARSENDI,,,,India,27.582038,80.836816,False
RAMR,RAMAIPUR HALT,,,,India,27.545116,80.897107,False
BVN,BISWAN,,,,India,27.4894825714,80.990464292,False
SKLP,SHANKARPUR,,,,India,27.447221,81.01440500000001,False
SYU,SARAYAN,,,,India,27.396332,81.042877,False
BBPR,BABUPUR,,,,India,27.349971,81.070314,False
MMB,MAHMUDABAD AVADH,,,,India,27.288294999999998,81.114404,False
MGPA,MUNDA GOPAL ASHRAM,,,,India,27.255493,81.139283,False
PPE,PAINTEPUR,,,,India,27.230021,81.157557,False
TSF,TAHSIL FATEHPUR,,,,India,27.168445000000002,81.203969,False
SDAM,SUNDHIAMAU,,,,India,27.121414190200003,81.28688016720001,False
BRTA,BARTARA,,,,India,27.837593,80.007541,False
UCH,UNCHAULIA,,,,India,27.80926,80.068986,False
LNQ,LAKHNAURIA,,,,India,27.782774131100002,80.1392638623,False
JBG,JUNG BAHADURGNJ,,,,India,27.768418999999998,80.172851,False
MZN,MAHMUDPUR SARAIYAN,,,,India,27.754198000000002,80.20962499999999,False
JKH,JAHANIKHERA,,,,India,27.743837588199998,80.2393415985,False
MINJ,MAIKALGANJ,,,,India,27.7175372166,80.3378219061,False
NERI,NERI,,,,India,27.688832,80.393681,False
LCN,LALPUR CHANDRA,,,,India,27.659295999999998,80.451791,False
MAHO,MAHOLI,,,,India,27.64872,80.47707299999999,False
UDX,URDAULI,,,,India,27.632870999999998,80.514006,False
HMP,HEMPUR,,,,India,27.6162823291,80.5626491565,False
KATA,KATILI,,,,India,27.616759000000002,80.614094,False
BGDS,BHAGWANPUR DESU,,,,India,25.827009999999998,85.846025,False
ARG,ANGAR GHAT,,,,India,25.795385,85.907174,False
NRN,NARHAN,,,,India,25.746997,85.975081,False
ROA,RUSERA GHAT,,,,India,25.746302,86.035742,False
MABB,MABBI HALT,,,,India,25.7492132968,86.0634696423,False
NWC,NAYA NAGAR,,,,India,25.749917999999997,86.111011,False
KGG,KHAGARIA JN,,,,India,25.505891,86.46525100000001,False
MNE,MANSI JN,,,,India,25.509398,86.554446,False
CDBN,CHEDHABANNI HALT,,,,India,25.491823628699997,86.5971965247,False
BAPN,BARAIPURA HALT,,,,India,25.7394205815,86.1373006799,False
HPO,HASANPUR ROAD,,,,India,25.714772,86.18537099999999,False
SSRH,SHASAN HALT,,,,India,25.685978,86.19704200000001,False
DSKG,DSKG,,,,India,,,False
SOPR,SONMA PRANPUR(H,,,,India,25.631435999999997,86.226371,False
SLNA,SALAUNA,,,,India,25.603476,86.260279,False
IMLI,IMLI,,,,India,25.555629,86.302557,False
PRGA,PAHARJAGANGAU,,,,India,25.531869,86.324828,False
OLP,OLAPUR,,,,India,25.517459,86.37012200000001,False
MSK,MAHES KHUNT,,,,India,25.46082,86.641818,False
GAI,GOUCHHARI,,,,India,25.438433999999997,86.674696,False
PSR,PASRAHA,,,,India,25.403765,86.743883,False
BRKD,BHARATKHAND HALT,,,,India,25.400724,86.806223,False
BRKB,BHARATKHAND HALT,,,,India,25.400254,86.805753,False
NNR,NARAYANPUR,,,,India,25.398348,86.85938800000001,False
THB,THANA BIHPUR JN,,,,India,25.393571,86.934758,False
BIGH,BAGRIGRAM HALT,,,,India,25.391339123,86.9852379138,False
KHQ,KHARIK,,,,India,25.388883,87.014958,False
NNA,NAUGACHIA,,,,India,25.385261,87.09387,False
KTRH,KATAREAH,,,,India,25.400488,87.19483600000001,False
KUE,KURSELA,,,,India,25.440774,87.253655,False
BKHR,BAKHRI,,,,India,25.4998407393,87.3353004456,False
BRZR,BARARI BAZAR,,,,India,25.4900643144,87.3553198425,False
CRR,KARAGOLA ROAD,,,,India,25.500006821499998,87.3778270438,False
SMO,SEMAPUR,,,,India,25.524483,87.47044100000001,False
NYT,NAYATOLA,,,,India,25.5613904376,87.6025963629,False
DNQ,DANDKHORA,,,,India,25.5724052479,87.6422368182,False
GRR,GORPHAR,,,,India,25.5854196549,87.67179759090001,False
SI,SONALLI,,,,India,25.604753957099998,87.7176386707,False
BHNP,BISHANPUR HALT,,,,India,25.614900999,87.74611696720001,False
JAU,JHAUA,,,,India,25.613217456300003,87.775042724,False
MENP,MEENAPUR,,,,India,25.6140514163,87.8024827136,False
SRI,SALMARI,,,,India,25.6156715055,87.8375132959,False
BDYD,BDYD,,,,India,,,False
SGBB,SGBB,,,,India,,,False
BSPC,BSPC,,,,India,,,False
BSGS,BSGS,,,,India,,,False
VAY,VAYALAR,,,,India,9.741742,76.311408,False
SRTL,SHERTALAI,,,,India,9.690992,76.325151,False
TRVZ,TIRUVIZHA,,,,India,9.641848,76.32628100000001,False
MAKM,MARARIKULAM,,,,India,9.597994,76.31801800000001,False
KAVR,KALAVUR HALT,,,,India,9.567254,76.318097,False
TMPY,TUMBOLI,,,,India,9.519169999999999,76.321857,False
ALLP,ALLEPPEY,,,,India,9.483759,76.32247600000001,False
TPM,TOTIYAPALAYAM,,,,India,11.292723,77.681926,False
KMX,KOMATIPALLI,,,,India,18.381027,83.34104699999999,False
MQJ,MARADAM HALT,,,,India,18.400797,83.346343,False
MOD,MORAMPUDI,,,,India,16.3531150213,80.620208194,False
GPI,GAJAPATINAGARAM,,,,India,18.293291,83.33390200000001,False
GRBL,GARUDUBILLI,,,,India,18.214489999999998,83.350493,False
GTLM,GOTLAM,,,,India,18.111319,83.39573399999999,False
LDX,LADDA,,,,India,19.102692,83.412196,False
JMPT,JIMIDIPETA,,,,India,19.044582000000002,83.42234400000001,False
AOR,ARGORA,,,,India,23.347039,85.314358,False
KNRT,KUNERU,,,,India,18.966946,83.440724,False
GMDA,GUMADA,,,,India,18.889176000000003,83.457557,False
PVPT,PARVATIPURAM TN,,,,India,18.783875,83.433701,False
PVP,PARVATIPURAM,,,,India,18.770670000000003,83.42696600000001,False
NSX,NARSIPURAM HALT,,,,India,18.737614999999998,83.406282,False
SNM,SITANAGARAM,,,,India,18.672547,83.375524,False
VBL,BOBBILI,,,,India,18.576763999999997,83.34572200000001,False
DNV,DONKINAVALASA,,,,India,18.468756,83.350942,False
BLH,BELGHARIA,,,,India,22.661900000000003,88.389455,False
AGP,AGARPARA,,,,India,22.682505000000003,88.384761,False
SEP,SODPUR,,,,India,22.698850999999998,88.382193,False
KDH,KHARDAHA,,,,India,22.725065,88.37715700000001,False
TGH,TITAGARH,,,,India,22.741680000000002,88.37405700000001,False
BP,BARRACKPORE,,,,India,22.7610653,88.371428,False
PTF,PALTA,,,,India,22.782449,88.369524,False
IP,ICHHAPUR,,,,India,22.799819,88.37342,False
SNR,SHYAMNAGAR,,,,India,22.828781,88.380423,False
JGDL,JAGADAL,,,,India,22.850814,88.39459599999999,False
KNR,KANKINARA,,,,India,22.86517,88.40450100000001,False
NH,NAIHATI JN,,,,India,22.888555,88.4185,False
GFAE,GARIFA,,,,India,22.908445,88.409935,False
HYG,HOOGHLY GHAT,,,,India,22.5572086,88.3319472,False
DNH,DEONAGAR,,,,India,23.758691,86.16169,False
DDGA,DUGDA,,,,India,23.75873842,86.16192797000001,False
LOT,LOHRA,,,,India,25.3156017921,82.93066368230001,False
CHH,CHAUKHANDI,,,,India,25.3398947588,82.83483412599999,False
SWPR,SEWAPURI,,,,India,25.35077,82.76954900000001,False
KEH,KAPSETI,,,,India,25.357848,82.717694,False
PRF,PARSIPUR,,,,India,25.37052,82.63716199999999,False
BOY,BHADOHI,,,,India,25.3952636,82.5583597,False
MOF,MONDH,,,,India,25.427572,82.48463699999999,False
SAW,SURIAWAN,,,,India,25.461039999999997,82.423665,False
SQN,SARAI KANSRAI,,,,India,25.516633,82.34519800000001,False
JNH,JANGHAI JN,,,,India,25.549911,82.310962,False
CPB,KANPUR BRIDGE LEFT BANK,,,,India,26.477460999999998,80.379316,False
MGW,MAGARWARA,,,,India,26.523705,80.428892,False
ON,UNNAO JN,,,,India,26.548354,80.486199,False
SIC,SONIK,,,,India,26.586191,80.559833,False
AJ,AJGAIN,,,,India,26.61721,80.62098800000001,False
KVX,KUSUMBHI,,,,India,26.639853447100002,80.6542605011,False
JTU,JAITIPUR,,,,India,26.6635672889,80.68894609920001,False
HRN,HARAUNI,,,,India,26.70651,80.74800300000001,False
AMV,LUCKNOW ALAMBAGH,,,,India,26.794514000000003,80.87313999999999,False
LKOY,LKOY,,,,India,,,False
POF,PIPARSAND,,,,India,26.743403999999998,80.798664,False
AMS,AMAUSI,,,,India,26.77443,80.841544,False
MKG,MANAK NAGAR,,,,India,26.810176,80.890615,False
MLJ,MOHANLALGANJ,,,,India,26.687033,80.984093,False
KKAH,KANKAHA,,,,India,26.618868,81.007582,False
NHN,NIGOHAN,,,,India,26.567225,81.045358,False
SAGR,SHRIRAJNAGAR,,,,India,26.522626,81.077837,False
BCN,BACHHRAWAN,,,,India,26.4773211,81.10545649999999,False
KVG,KUNEANGANJ,,,,India,26.395661,81.13642,False
HCP,HARCHANDPUR,,,,India,26.34316,81.160841,False
GANG,GANGAGANJ,,,,India,26.291456,81.201419,False
RBL,RAE BARELI JN,,,,India,26.232684,81.23932,False
RUM,RUPAMAU,,,,India,26.230209,81.325346,False
FTG,FURSATGANJ,,,,India,26.244522,81.41565100000001,False
JAIS,JAIS,,,,India,26.262162,81.51914,False
KCJ,KASIMPUR,,,,India,26.257189,81.539941,False
BANI,BANI,,,,India,26.227487999999997,81.620936,False
GNG,GAURIGANJ,,,,India,26.20341,81.68672600000001,False
TLKH,TALAKHAJURI,,,,India,26.1769257746,81.7361317209,False
AME,AMETHI,,,,India,26.153024000000002,81.806276,False
MFL,MISRAULI,,,,India,26.114370421700002,81.84839619259999,False
SHJP,SAHAJIPUR HALT,,,,India,26.096303,81.864192,False
ANTU,ANTU,,,,India,26.055162063100003,81.8977879919,False
JGJ,JAGESHARGANJ,,,,India,26.0276401405,81.92886622500001,False
CIL,CHILBILA JN,,,,India,25.947331,82.004241,False
PBH,PARTAPGARH JN,,,,India,25.913308,82.00177799999999,False
PHV,PIRTHIGANJ,,,,India,25.855539958599998,82.012834469,False
DND,DANDUPUR,,,,India,25.801595,82.040632,False
GRX,GAURA,,,,India,25.749367000000003,82.091774,False
SWS,SUWANSA,,,,India,25.698842000000003,82.14656199999999,False
BSE,BADSHAHPUR,,,,India,25.652268,82.190552,False
NBP,NIBHAPUR,,,,India,25.600347,82.24969700000001,False
MACR,MANGULI CHOWDWAR,,,,India,20.529594,85.943313,False
KGPW,KGPW,,,,India,,,False
GDBR,GOONDA BIHAR,,,,India,23.067871,86.08116700000001,False
JHMR,JHIMRI,,,,India,23.082344321900003,86.0297573352,False
HNSL,HASLANG P.H.,,,,India,23.091614317500003,86.0119228906,False
LTMD,LATEMDA,,,,India,23.098392,85.98911700000001,False
BKKI,BAKARKUDI,,,,India,23.095049,85.970936,False
TUL,TIRALDIH,,,,India,23.132246,85.930834,False
SSIA,SUISA,,,,India,23.196775,85.909013,False
TRAN,TORANG,,,,India,23.26814,85.858638,False
ILO,ILLOO,,,,India,23.291632860900002,85.8587351117,False
ANVT,ANAND VIHAR TRM,,,,India,28.650503565399998,77.31521255,False
WIR,WAIR,,,,India,28.347316,77.699434,False
WSC,SHIVARAMPUR,,,,India,27.244947755000002,78.2071583875,False
GMH,GAMHARIA,,,,India,22.796889,86.102793,False
TELO,TELO,,,,India,23.811038,86.13389199999999,False
ADTP,ADITYAPUR,,,,India,22.782212,86.158954,False
TATA,TATANAGAR JN,,,,India,22.768954,86.20056000000001,False
SLJR,SALGA JHARI,,,,India,22.75832,86.228747,False
GVDP,GVDP,,,,India,,,False
ASB,ASANBONI,,,,India,22.712394,86.313908,False
RHE,RAKHA MINES,,,,India,22.674292,86.354133,False
GUD,GALUDIH,,,,India,22.648871999999997,86.410494,False
GTS,GHATSILA,,,,India,22.58616,86.479768,False
DVM,DALBHUMGARH,,,,India,22.506293,86.551921,False
KKPR,KOKPARA,,,,India,22.474065,86.642797,False
CKU,CHAKULIA,,,,India,22.478149,86.721161,False
KNM,KANIMAHULI,,,,India,22.482202,86.77839399999999,False
GII,GIDNI,,,,India,22.488471999999998,86.853201,False
KATB,KHATKURA,,,,India,22.477455,86.93022400000001,False
BIRP,BIRARAJPUR,,,,India,22.8235001,86.06450201000001,False
KND,KANDRA,,,,India,22.852966,86.047863,False
BBDA,BARBENDA (RNC DIVISION),,,,India,23.420983,86.110242,False
KZU,KUNKI,,,,India,22.875933,86.067757,False
GUG,GARH JAIPUR,,,,India,23.416141999999997,86.142459,False
MIK,MANIKUL,,,,India,22.919528,86.066359,False
CAS,CHAS ROAD,,,,India,23.415513,86.225425,False
CNI,CHANDIL JN,,,,India,22.956014,86.07210900000001,False
GTD,GOURINATHDHAM,,,,India,23.396293999999997,86.275105,False
NIM,NIMDIH,,,,India,22.993643,86.142118,False
BRMD,BIRAMDIH,,,,India,23.04578437,86.19920954,False
BBM,BARABHUM,,,,India,23.0912864,86.2112372,False
URMA,URMA,,,,India,23.157777,86.253775,False
KTD,KANTADIH,,,,India,23.21838,86.29629,False
TAO,TAMNA,,,,India,23.268988,86.352313,False
PRR,PURULIA JN,,,,India,23.324911,86.37787,False
JGM,JHARGRAM,,,,India,22.4549644863,86.9985316705,False
BNB,BANSTOLA,,,,India,22.420974052600002,87.062669671,False
SUA,SARDIHA,,,,India,22.380612,87.12364500000001,False
KSO,KHEMASULI,,,,India,22.337768,87.18486299999999,False
KKQ,KALAIKUNDA,,,,India,22.32945442,87.24399951,False
NMP,NIMPURA,,,,India,22.332403,87.26468600000001,False
KIS,KAPILAS ROAD,,,,India,20.558554,85.993925,False
SJDR,SRI JHADESHWAR,,,,India,20.5965342443,86.0192559912,False
BYY,BYREE,,,,India,20.628257,86.034947,False
BRTG,BARITHENGARH,,,,India,20.65696901,86.05967143000001,False
DNM,DHANMANDAL,,,,India,20.687806,86.11228,False
HDS,HARIDASPUR,,,,India,20.725882000000002,86.116431,False
NGMP,NEW GARH MADHOPUR,,,,India,20.798857,86.07210599999999,False
JEN,JENAPUR,,,,India,20.850842,86.06508,False
BRMI,BRAHMANI PH,,,,India,20.862952007599997,86.0562098645,False
JKPR,JAKHAPURA,,,,India,20.917821,86.06533999999999,False
JJKR,JAJPUR KEONJHAR ROAD,,,,India,20.943544,86.132518,False
KRIH,KORAI HALT,,,,India,20.959417000000002,86.17599399999999,False
BTV,BAITARANI ROAD,,,,India,20.986995999999998,86.23539299999999,False
DLPT,DULAKHAPATNA,,,,India,21.007019,86.28087400000001,False
MZZ,MANJURI ROAD,,,,India,21.012135999999998,86.319698,False
KED,KENDUAPADA,,,,India,21.030623000000002,86.38353099999999,False
KPLD,KAPALI ROAD,,,,India,21.040967000000002,86.407911,False
BUDR,BAUDPUR,,,,India,21.063446010800003,86.4629040051,False
BHC,BHADRAKH,,,,India,21.091745799999998,86.5162305,False
RLJC,RLJC,,,,India,,,False
RNTL,RANITAL,,,,India,21.149665,86.55647400000001,False
MKO,MARKONA,,,,India,21.195555,86.596117,False
SZZ,SABIRA,,,,India,21.236882,86.62923699999999,False
SORO,SORO,,,,India,21.291083999999998,86.69253900000001,False
BNBR,BAHANAGA BAZAR,,,,India,21.33613403,86.76172839,False
PNPN,PANPANA,,,,India,21.358714999999997,86.790524,False
KHF,KHANTAPARA,,,,India,21.39628,86.822911,False
NGRD,NILGIRI ROAD,,,,India,21.426415000000002,86.855469,False
BLS,BALASORE,,,,India,21.500521,86.91958199999999,False
TKPL,TIKIRAPAL HALT,,,,India,21.535575,86.944638,False
HIP,HALDIPADA,,,,India,21.571438999999998,86.996648,False
ROP,RUPSA JN,,,,India,21.621995,87.018507,False
LONI,LONI,,,,India,18.491630999999998,74.02051399999999,False
URI,URULI,,,,India,18.494237,74.13682,False
PUNE,PUNE JN,,,,India,18.529378,73.873086,False
GPRW,GHORPURI WEST,,,,India,18.531687546900002,73.8917897095,False
HDP,HADAPSAR,,,,India,18.526887000000002,73.927844,False
MJBK,MANJARI BUDRUK,,,,India,18.512039,73.971424,False
YT,YEVAT,,,,India,18.4889359723,74.2563176276,False
KTT,KHUTBAV,,,,India,18.4861041325,74.3154633105,False
KDG,KEDGAON,,,,India,18.482085398400002,74.3763730994,False
KDTN,KADETHAN,,,,India,18.4778037603,74.42173336430001,False
PAA,PATAS,,,,India,18.4732663908,74.4696527191,False
DDAP,DAUND PATAS ROAD,,,,India,18.468688,74.520934,False
DD,DAUND JN,,,,India,18.463547,74.578622,False
DDAM,DAUND A MMR,,,,India,18.464752713200003,74.5689755029,False
DDJA,DAUND GOODS YARD,,,,India,18.4659368312,74.5607624341,False
KSTH,KASHTI,,,,India,18.5252942346,74.5994004132,False
SGND,SHRIGONDA ROAD,,,,India,18.598243,74.641466,False
BWD,BELVANDI,,,,India,18.710718,74.621981,False
VPR,VISAPUR,,,,India,18.82295,74.598861,False
RNJD,RANJANGAON RD,,,,India,18.870972,74.60070300000001,False
SRL,SAROLA,,,,India,18.947656000000002,74.64829499999999,False
AKR,AKOLNER,,,,India,18.985409,74.66906999999999,False
ANG,AHMADNAGAR,,,,India,19.075519477700002,74.721882467,False
NNB,NIMBLAK,,,,India,19.1183528756,74.68854097469999,False
VL,VILAD,,,,India,19.198579,74.675069,False
VBR,VAMBORI,,,,India,19.298579999999998,74.684974,False
RRI,RAHURI,,,,India,19.411550000000002,74.677702,False
TKMY,TAKLIMIYA,,,,India,19.453844,74.679765,False
PDGN,PADHEGAON,,,,India,19.536709000000002,74.69233,False
NPW,NIPANI VADGAON,,,,India,19.587951,74.70471599999999,False
BAP,BELAPUR,,,,India,19.619569311800003,74.6617443079,False
CIT,CHITALI,,,,India,19.6913918118,74.6239138208,False
PB,PUNTAMBA,,,,India,19.762025526800002,74.621959715,False
KNGN,KANHEGAON,,,,India,19.8172996303,74.57128710079999,False
SNVR,SANVATSAR,,,,India,19.8832775017,74.56058409549999,False
KPG,KOPARGAON,,,,India,19.902943,74.503328,False
YL,YEOLA,,,,India,20.043188999999998,74.503246,False
ANK,ANKAI,,,,India,20.1510279143,74.4697560736,False
AAK,ANKAI KILA,,,,India,20.183180430100002,74.4368553961,False
SS,SHIRSOLI,,,,India,20.932994,75.507613,False
MWD,MHASAVAD,,,,India,20.870401921,75.4584622504,False
MYJ,MAHEJI,,,,India,20.7689244313,75.424619975,False
RCGT,RICHUGHUTU,,,,India,23.659779,84.58081,False
DEMU,DEMU,,,,India,23.69708,84.52562,False
LTHR,LATEHAR,,,,India,23.725092,84.46812,False
BFQ,BENDI,,,,India,23.763612000000002,84.416974,False
KMND,KUMENDI,,,,India,23.766868000000002,84.352452,False
HHG,HEHEGARA HALT (E),,,,India,23.790124,84.258524,False
CPDR,CHHIPADOHAR,,,,India,23.8133333478,84.2023836389,False
BRWD,BARWADIH JN,,,,India,23.843836,84.11877999999999,False
MAZ,MANGRA,,,,India,23.881768,84.111898,False
KCKI,KECKHI,,,,India,23.928362999999997,84.146829,False
CNF,CHIANKI,,,,India,23.973902,84.11566,False
DTO,DALTONGANJ,,,,India,24.033075,84.07484299999999,False
KFT,KAJRI,,,,India,24.1067922143,84.0725284845,False
RHR,RAJHURA,,,,India,24.154400000000003,84.01554999999999,False
LBT,LALGARH BIHAR HALT,,,,India,24.161147,83.979632,False
TRZ,TOLRA,,,,India,24.18584,83.923324,False
GHD,GARWA ROAD,,,,India,24.214419,83.885116,False
BCJ,BAGAHABISHUNPUR,,,,India,24.811468,84.204658,False
BSYA,BARKISALALYA,,,,India,24.773978,84.178495,False
ANH,ANKORAH AKORHA,,,,India,24.761166999999997,84.169539,False
NBG,NABENAGAR ROAD,,,,India,24.653944,84.094044,False
KYF,KAJRAT NAWADIH,,,,India,24.591041,84.05014,False
JPL,JAPLA,,,,India,24.538968999999998,84.00286600000001,False
HDN,HAIDARNAGAR,,,,India,24.498081,83.951049,False
KVQ,KOSIARA,,,,India,24.478657000000002,83.908564,False
MDJ,MUHAMMADGANJ,,,,India,24.42644,83.869978,False
SZF,SATBAHINI,,,,India,24.386582,83.84911,False
URD,UNTARE ROAD,,,,India,24.34094,83.834497,False
KRTA,KARKATA,,,,India,24.296038000000003,83.837652,False
SQS,SIGSIGI,,,,India,24.260566999999998,83.853323,False
RMT,RAMGARH CANT,,,,India,23.617327,85.520249,False
BRKA,BARKAKANA,,,,India,23.624159,85.469553,False
MAEL,MAEL,,,,India,23.574668000000003,85.626042,False
BHKD,BHURKUNDA,,,,India,23.6375642,85.3721452,False
BRKP,BARKIPONA,,,,India,23.568766,85.64647599999999,False
PTRU,PATRATU,,,,India,23.667024,85.30587700000001,False
GRE,GOLA ROAD,,,,India,23.545551,85.697139,False
TKS,TOKISUD,,,,India,23.678639,85.239282,False
HRBR,HARUBERA,,,,India,23.4999492658,85.76022876969999,False
HNDR,HENDEGIR,,,,India,23.697803,85.169817,False
SND,SONDIMRA,,,,India,23.476936582300002,85.782435799,False
KOLE,KOLE,,,,India,23.695961,85.104901,False
BLNG,BARLANGA,,,,India,23.449913,85.833473,False
RAY,RAY,,,,India,23.690082,85.077816,False
KLRE,KHALARI,,,,India,23.651055,85.001627,False
MGME,MCCLUSKIEGANJ,,,,India,23.651781,84.940855,False
MMLN,MAHUAMILAN,,,,India,23.662240999999998,84.854527,False
TORI,TORI,,,,India,23.680808,84.739774,False
CTQ,CHETAR,,,,India,23.682881000000002,84.646426,False
KCAB,K-CABIN BONDAMUNDA,,,,India,22.233321,84.91385700000001,False
ACAB,A-CABIN BONDAMUNDA,,,,India,22.23969,84.945577,False
LNKC,LINK C-CABIN,,,,India,22.267173000000003,84.974611,False
RNC,RANCHI,,,,India,23.348811,85.33352,False
NKM,NAMKON,,,,India,23.351755,85.37667200000001,False
TIS,TATISILWAI,,,,India,23.369844999999998,85.435706,False
GAG,GANGAGHAT,,,,India,23.3613982411,85.5070501038,False
KWKC,KHERWA KOCHA,,,,India,23.360567527599997,85.5948557446,False
JON,JONHA,,,,India,23.3589592105,85.6089136389,False
KITA,KITA,,,,India,23.364884802800002,85.76424803159999,False
SLF,SILLI,,,,India,23.351563397099998,85.82812938660001,False
MURI,MURI,,,,India,23.376284371,85.8669906885,False
THO,TULIN,,,,India,23.378363,85.902125,False
JAA,JHALIDA,,,,India,23.370005,85.97528199999999,False
BKDR,BEGUN KUDAR,,,,India,23.383687,86.01258700000001,False
KSX,KOTSHILA,,,,India,23.411691,86.079548,False
DRGU,DAMRU GHUTU,,,,India,23.451359999999998,86.08981,False
RPMY,RPMY,,,,India,,,False
NFKS,NFKS,,,,India,,,False
NFKN,NFKN,,,,India,,,False
PNW,PUNDHAG,,,,India,23.508909,86.08957600000001,False
RDF,RADHAGAON,,,,India,23.59787,86.08906499999999,False
BKCA,BOKARO STEEL CITY A CABIN,,,,India,23.649514,86.08772599999999,False
BKSC,BOKARO STEEL CITY,,,,India,23.656551,86.08501600000001,False
BKSN,BKSC NORTH CABIN,,,,India,23.671356,86.078541,False
TKB,TUPKADIH,,,,India,23.7136175901,86.0638904572,False
RJB,RAJABERA,,,,India,23.751105,86.080936,False
CRP,CHANDRAPURA,,,,India,23.755676,86.119775,False
JNNA,JAMUNIATANR HALT,,,,India,23.754897530999997,86.1921944211,False
JMX,JAMUNI,,,,India,23.762742,86.193727,False
PLJE,PHULWARTANR,,,,India,23.77515,86.226577,False
BDQ,BUDORA,,,,India,23.7785572386,86.23544766479999,False
TNO,TUNDU,,,,India,23.788733,86.252293,False
SZE,SONARDIH,,,,India,23.7915,86.265063,False
TNJE,TENTULLA,,,,India,23.790335,86.277173,False
KTH,KATRASGARH,,,,India,23.795757000000002,86.302399,False
ANJE,ANGARPATHRA HALT,,,,India,23.793062,86.319368,False
SJA,SIJUA,,,,India,23.7901556866,86.3297280994,False
BZS,BANSJORA,,,,India,23.789931,86.354545,False
BZE,BASERIA,,,,India,23.786754,86.381653,False
KDS,KASUNDA JN,,,,India,23.7899886114,86.39589356020001,False
BWPB,BHAWANIPUR BIHAR,,,,India,25.5946164603,87.8677507141,False
MFA,MAKURIA,,,,India,25.6292447936,87.88715343380001,False
BOE,BARSOI JN,,,,India,25.651242200000002,87.9229421,False
HDB,HALDIBARI,,,,India,26.334952,88.78193599999999,False
KSBI,KASHIABARI,,,,India,26.384653999999998,88.76856599999999,False
MDG,MANDAL GHAT,,,,India,26.430757,88.754758,False
KDX,KADABARI HAT,,,,India,26.476201,88.73098599999999,False
JPG,JALPAIGURI,,,,India,26.51816,88.723026,False
MOP,MOHITNAGAR,,,,India,26.53055,88.669651,False
BAHN,BABHABGAON HALT,,,,India,25.4483399037,87.8098941528,False
KWE,KHURIAL,,,,India,25.4911139274,87.82685530639999,False
KMPH,KAMALPUR HALT,,,,India,25.5183120087,87.8374616345,False
AZR,AZAMNAGAR ROAD,,,,India,25.555555642399998,87.8523278357,False
KHMP,KHEMPUR,,,,India,,,False
SJGM,SANJAY GRAM,,,,India,25.706241000000002,87.890377,False
SUD,SUDHANI,,,,India,25.727853611399997,87.87948867189999,False
AHL,AJHARAIL,,,,India,25.781637999999997,87.848322,False
TETA,TELTA,,,,India,25.806579,87.84221,False
DLK,DALKOLHA,,,,India,25.873416,87.83887700000001,False
SJKL,SURJA KAMAL,,,,India,25.935932,87.849258,False
KKA,KANKI,,,,India,26.003232999999998,87.864524,False
HWR,HATWAR,,,,India,26.044989,87.89303199999999,False
THED,TAUHEED,,,,India,26.0849205699,87.9308854236,False
KNE,KISHANGANJ,,,,India,26.097746,87.949657,False
PJP,PANJIPARA,,,,India,26.140165652700002,88.0180577417,False
IKC,IKARCHALA,,,,India,,,False
GIL,GAISAL,,,,India,26.1848261159,88.0895072131,False
GEOR,GUNJARIA,,,,India,26.218465000000002,88.132222,False
AUB,ALUABARI ROAD,,,,India,26.269681,88.18561000000001,False
DBQ,DHULABARI,,,,India,26.361571,88.231234,False
MXJ,MANGURJAN,,,,India,26.412488,88.256909,False
TMH,TIN MILE HAT,,,,India,26.436601,88.279995,False
DMZ,DUMDANGI,,,,India,26.47724,88.296508,False
CAT,CHATTAR HAT,,,,India,26.548827,88.323376,False
NJB,NIJBARI,,,,India,26.587597,88.337505,False
RNI,RANGAPANI,,,,India,26.664263000000002,88.37438599999999,False
NJP,NEW JALPAIGURI,,,,India,26.683025,88.443391,False
ABFC,AMBARI FALAKATA,,,,India,26.641553000000002,88.510593,False
BLK,BELAKOBA,,,,India,26.591441,88.583312,False
RQJ,RANINAGAR JALPAIGIRI,,,,India,26.544663,88.64829300000001,False
SMI,SITAMARHI JN,,,,India,26.594374000000002,85.504707,False
BHSA,BHISA HALT,,,,India,26.576528999999997,85.533501,False
PSZ,PARSAUNI,,,,India,26.55631,85.574611,False
BJT,BAJPATTI,,,,India,26.546976,85.62061299999999,False
AWPR,AWAPUR,,,,India,26.508916000000003,85.652916,False
BCPR,BACHHARPUR HALT,,,,India,26.4946286292,85.66252866580001,False
JNR,JANAKPUR ROAD,,,,India,26.467914,85.70085599999999,False
CNX,CHANDAUNA HALT,,,,India,26.440884,85.72316500000001,False
JGA,JOGIARA,,,,India,26.407114392700002,85.74673274050001,False
DBLI,DEBRABANDHAULI HALT,,,,India,26.384826,85.76995,False
MRTA,MURAITHA,,,,India,26.369764999999997,85.786612,False
KML,KAMTAUL,,,,India,26.337348000000002,85.808624,False
TQR,TEKTAR,,,,India,26.275833,85.846291,False
MHP,MUHAMMADPUR,,,,India,26.236878,85.852798,False
SHEO,SHISHO,,,,India,26.206032,85.863867,False
MFP,MUZAFFARPUR JN,,,,India,26.122311,85.378006,False
NRPA,NARAYANPUR ANANT,,,,India,26.089052,85.409122,False
SLT,SILAUT,,,,India,26.048926,85.44337800000001,False
SIHO,SIHO,,,,India,26.00841,85.50594000000001,False
DOL,DHOLI,,,,India,25.976952,85.562495,False
DUBH,DUBAHA,,,,India,25.948784999999997,85.617108,False
VBH,VISHNUPUR BATHUA HALT,,,,India,25.931020256700002,85.64428754389999,False
KRBP,KHUDIRAM B PUSA,,,,India,25.906434,85.672677,False
KPGM,KARPURIGRAM,,,,India,25.869802,85.72417800000001,False
KUQ,KURETHA,,,,India,25.4955599448,87.64432343200001,False
SAJH,SAHJA HALT,,,,India,25.478182,87.67395400000001,False
PQD,PRANPUR ROAD,,,,India,25.4623621243,87.70486823670001,False
LAV,LABHA,,,,India,25.439646755400002,87.74514032169999,False
DVJ,DILLI DEWAN GANJ,,,,India,25.432721,87.778612,False
MBC,MAHANANDA BGE,,,,India,25.1883357022,88.0833990649,False
KMRJ,KUMARGANJ,,,,India,25.218816,88.065592,False
SRPU,SRIPUR HALT,,,,India,25.2570761576,88.0440169482,False
SM,SAMSI,,,,India,25.276197,88.00975700000001,False
MFZ,MALAHAR,,,,India,25.303708999999998,87.95782,False
BKRD,BHALUKA ROAD F,,,,India,25.3425716,87.9121276,False
MQG,MILANGARH,,,,India,25.368746039300003,87.8962231482,False
HCR,HARISCHANDRPUR,,,,India,25.403999000000002,87.867051,False
KDPR,KUMEDPUR,,,,India,25.4334484028,87.80435766599999,False
KIR,KATIHAR JN,,,,India,25.548947,87.566409,False
MIYN,MANIYAN,,,,India,25.5232741031,87.6069420667,False
KIRB,KATIHAR CBO MB,,,,India,25.552735,87.578873,False
DLF,DALAN,,,,India,25.6118,87.560853,False
RWA,RAUTARA,,,,India,25.674635000000002,87.523472,False
RNX,RANIPATRA,,,,India,25.735576,87.514183,False
PRNA,PURNIA JN,,,,India,25.790678,87.519124,False
KUB,KASBA,,,,India,25.860675,87.529476,False
GBN,GARH BANAILI,,,,India,25.915091,87.535041,False
JAG,JALARGARH,,,,India,25.953959,87.529496,False
SATR,SATR HALT,,,,India,26.001172999999998,87.508427,False
KSY,KUSIARGAON,,,,India,26.057858000000003,87.47981800000001,False
ARQ,ARARIYA COURT,,,,India,26.114921000000002,87.446912,False
ARR,ARARIYA,,,,India,26.137118266799998,87.41199809689999,False
HOD,HALDITA BIHAR,,,,India,26.165935176599998,87.35900971560001,False
SMH,SIMRAHA,,,,India,26.1944356285,87.32135753540001,False
GPE,GOGIPOTHIA HALT,,,,India,26.250043,87.284335,False
DLZ,DHOLBAJA,,,,India,26.2748,87.27139700000001,False
FBG,FORBESGANJ,,,,India,26.298901,87.262803,False
BTF,BATHNAHA,,,,India,26.341854,87.237767,False
JBN,JOGBANI,,,,India,26.402263,87.263262,False
BZL,BELANAGAR,,,,India,22.661604999999998,88.318224,False
BLGT,BALURGHAT,,,,India,25.232648,88.757636,False
MKRH,MALLICKPUR HAT,,,,India,25.325703,88.676426,False
RMPB,RAMPUR BAZAR,,,,India,25.358763,88.60611,False
MLNH,MALANCHA,,,,India,25.368716000000003,88.586067,False
GRMP,GANGARAMPUR,,,,India,25.390399,88.516447,False
BNDP,BUNIADPUR,,,,India,25.386267,88.402088,False
DLPH,DAULATPUR HAT,,,,India,25.32611273,88.33278722,False
DOTL,DEOTALA,,,,India,25.274328999999998,88.294214,False
MANG,MAHANAGAR,,,,India,25.247077,88.251102,False
GZO,GAZOLE,,,,India,25.224984,88.19888499999999,False
BDAG,BONIDANGA,,,,India,24.82345158,87.81052581,False
BDBS,BINDUBASINI HAL,,,,India,24.792848,87.859263,False
TDLE,TILDANGA,,,,India,24.786749,87.873801,False
NFKB,NEW FARAKKA-B-CABIN,,,,India,24.782115,87.91579300000001,False
NFK,NEW FARAKKA JN,,,,India,24.794558,87.915236,False
CMX,CHAMAGRAM,,,,India,24.821334,87.96334499999999,False
KTJ,KHALTIPUR,,,,India,24.875742000000002,88.021646,False
JMQ,JAMIRGHATA,,,,India,24.916623,88.06775999999999,False
GZM,GOUR MALDA,,,,India,24.947944439999997,88.11078197,False
MLDT,MALDA TOWN,,,,India,25.015659,88.130338,False
OMLF,OLD MALDA,,,,India,25.053174000000002,88.143718,False
ADF,ADINA,,,,India,25.114396999999997,88.12318,False
EKI,EKLAKHI,,,,India,25.167868000000002,88.099492,False
YY-BJUC,YY-BJUC,,,,India,,,False
JDA,JASODA,,,,India,27.08393,79.820294,False
KHDP,KHUDLAPUR,,,,India,27.098961,79.78027300000001,False
GHJ,GURSAHAIGANJ,,,,India,27.118804,79.732035,False
MLKP,MALIKPUR,,,,India,27.161781,79.690181,False
KDJ,KHUDAGANJ,,,,India,27.184464000000002,79.666264,False
SGRP,SINGHIRAMPUR,,,,India,27.262707,79.62941099999999,False
KLJ,KAMALGANJ,,,,India,27.292663,79.620832,False
YAG,YAQUTGANJ,,,,India,27.32595,79.618493,False
FGR,FATEHGARH,,,,India,27.369608,79.62159,False
FBD,FARRUKHABAD,,,,India,27.38236,79.57173700000001,False
HSY,HARSINGPUR GOBA,,,,India,27.4300235579,79.49825360349999,False
SHX,SHUKHARULLAPUR,,,,India,27.44826,79.471943,False
SSD,SHAMSABAD,,,,India,27.469911999999997,79.438167,False
BHTS,BHATASA,,,,India,27.50375661,79.38388843,False
KMJ,KAIMGANJ,,,,India,27.5409770085,79.3272155493,False
KXF,KAMPIL ROAD,,,,India,27.567619,79.265007,False
RDN,RUDAIN,,,,India,27.579928,79.186618,False
BAPR,BALLUPUR,,,,India,27.5865985855,79.1451478125,False
DRO,DARYAOGONJ,,,,India,27.5980988686,79.0824955792,False
NHX,NARTHAR,,,,India,27.6329307124,79.02313742000001,False
PTI,PATIALI,,,,India,27.6843201328,78.9841732028,False
GWA,GANJ DUNDWARA,,,,India,27.7264028171,78.939319176,False
GRAK,GARKHA,,,,India,27.748517604099998,78.8842900433,False
SWRT,SAHAWAR TOWN,,,,India,27.794835,78.831344,False
BHK,BADHARI KALAN,,,,India,27.799053,78.734589,False
KSJ,KASGANJ,,,,India,27.801887,78.64602599999999,False
MHA,MARAHRA,,,,India,27.746474000000003,78.55504400000001,False
AUL,AGSAULI,,,,India,27.705676999999998,78.44455300000001,False
SKA,SIKANDRA RAO,,,,India,27.684085999999997,78.387573,False
BTRO,BASTOI HALT,,,,India,27.66742,78.285451,False
RKN,RATI KA NAGLA,,,,India,27.654398,78.24056900000001,False
HTJ,HATHRAS ROAD,,,,India,27.622436999999998,78.136899,False
MEU,MENDU,,,,India,27.614247,78.09995699999999,False
HTC,HATHRAS CITY,,,,India,27.599816899999997,78.05506869999999,False
MSN,MURSAN,,,,India,27.574211,77.9363,False
SYZ,SONAI,,,,India,27.570504,77.88736,False
RAYA,RAYA,,,,India,27.5524062276,77.7868838446,False
MRT,MATHURA CANT,,,,India,27.491013,77.685113,False
MTUJ,MTUJ,,,,India,,,False
CPA,KANPUR ANWARGANJ,,,,India,26.456232999999997,80.328444,False
RPO,RAWATPUR,,,,India,26.482981000000002,80.298113,False
KAP,KALIANPUR,,,,India,26.503485,80.25289199999999,False
MDA,MANDHANA JN,,,,India,26.557002,80.222507,False
CBR,CHAUBEPUR,,,,India,26.598927999999997,80.21142400000001,False
BJR,BARRAJPUR,,,,India,26.685165899999998,80.13867760000001,False
UTP,UTRIPURA,,,,India,26.73974,80.095478,False
DUO,DHAURSALAR,,,,India,26.798349,80.08140399999999,False
BLU,BILHAUR,,,,India,26.839002,80.060383,False
BKTS,BAKOTHIKHAS,,,,India,26.87806,80.03776699999999,False
ARL,AROUL,,,,India,26.920662,80.01863300000001,False
GWP,GANGAWAPUR HALT,,,,India,26.958804182199998,79.9979940411,False
MNMU,MANI MAU,,,,India,26.98913852,79.9651825488,False
KJN,KANNAUJ,,,,India,27.026507,79.926109,False
KJNC,KANNAUJ CITY,,,,India,27.039814,79.909983,False
JPP,JALALPUR PANWARA,,,,India,27.0623131608,79.8736107968,False
BC,BAREILLY CITY,,,,India,28.3556564,79.403718,False
NMDA,NEW MORINDA,,,,India,30.776469,76.518125,False
NLDM,NANGAL DAM,,,,India,31.370543,76.37261500000001,False
BNLY,BHANUPLI,,,,India,31.2990814767,76.420351792,False
ANSB,ANANDPUR SAHIB,,,,India,31.2305136,76.50060350000001,False
KART,KIRATPUR SAHIB,,,,India,31.186811000000002,76.563302,False
BARJ,BHARATGARH,,,,India,31.1104617696,76.59140316889999,False
GANL,GHANAULI,,,,India,31.025994,76.59214300000001,False
RPAR,RUPNAGAR,,,,India,30.972816,76.533241,False
MNPR,MINAPUR,,,,India,30.911265,76.567332,False
CTLI,CHATOULI,,,,India,30.856220295700002,76.580921825,False
KRLI,KURALI,,,,India,30.835005000000002,76.57193000000001,False
MRND,MORINDA,,,,India,30.791519,76.502461,False
NGWN,NOGANWAN,,,,India,30.738403,76.44328700000001,False
BSPN,BASSI PATHANAM,,,,India,30.6884592,76.4096692,False
FGSB,FATEHGARH SAHIB,,,,India,30.650726,76.38812399999999,False
CCSJ,CCSJ,,,,India,,,False
MTI,MITAWAL,,,,India,27.292310999999998,78.19892399999999,False
BRN,BARHAN,,,,India,27.32891,78.19231699999999,False
DSBP,DELHI SHAHDARA B PANEL,,,,India,28.670746,77.342818,False
CNJ,CHANDER NAGAR,,,,India,28.662871000000003,77.33120100000001,False
ANVR,ANAND VIHAR,,,,India,28.6486144,77.3140236,False
MWC,MANDAWALI CHANDER VIHAR,,,,India,28.613384,77.253315,False
CMR,CHAMROLA,,,,India,27.393031999999998,78.180143,False
JLS,JALESAR ROAD,,,,India,27.44546,78.16993,False
PORA,PORA,,,,India,27.532025,78.154207,False
HRS,HATHRAS JN,,,,India,27.62483,78.13706699999999,False
SNS,SASNI,,,,India,27.704263607599998,78.1224601752,False
MXK,MANDRAK,,,,India,27.7686349988,78.1102865904,False
DAQ,DAUD KHAN,,,,India,27.830504,78.09879699999999,False
ALJN,ALIGARH JN,,,,India,27.889584,78.074559,False
SBB,SAHIBABAD,,,,India,28.674037,77.364182,False
GZB,GHAZIABAD,,,,India,28.649702,77.431099,False
CYZ,CHIPYANA BUZURG,,,,India,28.627976999999998,77.45934600000001,False
MIU,MARIPAT,,,,India,28.586886,77.495428,False
DER,DADRI,,,,India,28.537940000000003,77.537422,False
BRKY,BORAKI,,,,India,28.507907999999997,77.56361700000001,False
AJR,AJAIBPUR,,,,India,28.4728347205,77.59373730349999,False
DKDE,DANKAUR,,,,India,28.415313,77.64321100000001,False
WAIR,WAIR,,,,India,28.347255,77.69926699999999,False
CHL,CHOLA,,,,India,28.31216512,77.72940894,False
GNRL,GANGRAUL,,,,India,28.28297,77.75473000000001,False
SKQ,SIKANDARPUR,,,,India,28.247759000000002,77.783931,False
KRJ,KHURJA JN,,,,India,28.206407000000002,77.81903999999999,False
KAMP,KAMALPUR,,,,India,28.182673,77.83998100000001,False
DAR,DANWAR,,,,India,28.129968509999998,77.88391252,False
SOM,SOMNA,,,,India,28.052674,77.948193,False
KLA,KULWA,,,,India,27.982509,78.007062,False
MWUE,MAHRAWAL,,,,India,27.937875000000002,78.04247000000001,False
KUR,KHURDA ROAD JN,,,,India,20.153076,85.70823399999999,False
RTN,RETANG,,,,India,20.199417999999998,85.760851,False
SRKT,SARKANTRA,,,,India,20.228282,85.79623099999999,False
LGTR,LINGARAJ TEMPLE ROAD,,,,India,20.234947,85.81587200000001,False
BBS,BHUBANESWAR,,,,India,20.265388,85.84259499999999,False
BNBH,BANI BIHAR,,,,India,20.292611,85.852653,False
MCS,MANCHESWAR,,,,India,20.321861,85.84486600000001,False
PTAB,PATIA HALT,,,,India,20.349273,85.841374,False
BRAG,BARANG,,,,India,20.400699,85.832573,False
PURI,PURI,,,,India,19.811459000000003,85.839992,False
MLT,MALATIPATPUR,,,,India,19.865258,85.83177,False
JKDP,JANKIDAIPUR,,,,India,19.888365,85.81927,False
SIL,SAKHI GOPAL,,,,India,19.942882,85.816074,False
BRST,BIR PURUSHOTTAMPUR,,,,India,19.99039983,85.80635131,False
JPRD,JENAPUR ROAD,,,,India,20.018355,85.786572,False
JERD,JENAPUR PH,,,,India,20.018615,85.786976,False
DEG,DELANG,,,,India,20.038474,85.76695,False
KASR,KANAS ROAD,,,,India,20.06205,85.7428,False
MWQ,MOTARI HALT,,,,India,20.090583,85.72919200000001,False
HPGM,HARIPUR GRAM,,,,India,20.133571999999997,85.707856,False
NQR,NARAJ MARTHAPUR,,,,India,20.459324,85.779525,False
SPSR,SARPESWAR PH,,,,India,20.482906,85.744973,False
GHNH,GHANTIKHAL NIDHIPUR,,,,India,20.510921999999997,85.736186,False
RQP,RADHAKISHOREPUR,,,,India,20.559919999999998,85.754538,False
RJGR,RAJTHAGARH,,,,India,20.576104,85.741633,False
JRZ,JORANDA ROAD,,,,India,20.623365,85.640413,False
KSRK,KASRAK HALT,,,,India,28.025029999999997,79.684256,False
SCPR,SHYAMA CHARANPUR HALT,,,,India,20.642413,85.616279,False
MZM,MUZZAMPUR NARAIN,,,,India,29.58301,78.222356,False
DOKY,DUKHERI,,,,India,30.294992,76.8839,False
KES,KESRI,,,,India,30.264574,76.933887,False
TDW,TANDWAL,,,,India,30.23388,76.98871199999999,False
RAA,BARARA,,,,India,30.213325,77.035501,False
MFB,MUSTAFABAD,,,,India,30.181009,77.123303,False
DZP,DARAZPUR,,,,India,30.152546,77.195721,False
JUDW,JAGADHRI WORKSHOP,,,,India,30.135558,77.240819,False
JUD,YAMUNANAGAR-JAGADHRI,,,,India,30.116844,77.287602,False
KNZ,KALANOUR,,,,India,30.082428,77.341227,False
SSW,SARSAWA,,,,India,30.024226,77.42396000000001,False
PKY,PILKHANI,,,,India,29.997528,77.472879,False
SRE,SAHARANPUR,,,,India,29.960529,77.54173899999999,False
HNC,HINDAN CABIN,,,,India,29.940002,77.597212,False
BAE,BALIAKHERI,,,,India,29.9285,77.63368,False
SNKE,SUNEHTI KHARKHARI,,,,India,29.913102000000002,77.683524,False
YJUD,YAMUNANAGAR JAGADHARI,,,,India,30.1174255334,77.28757996649999,False
BHAW,BLOCK HUT A (BHA),,,,India,26.802226,80.98059500000001,False
UTR,UTRAHTIA,,,,India,26.763061,80.974031,False
BHDH,BAHADURPUR HALT,,,,India,27.9522550839,79.7825431824,False
BTRA,BANTHRA,,,,India,27.929239,79.82818,False
SPN,SHAHJEHANPUR,,,,India,27.894224,79.904605,False
SXK,SHAJAHANPURCORT,,,,India,27.890862000000002,79.913517,False
ROZA,ROZA JN,,,,India,27.853121,79.956038,False
PRPM,PT RAM PRASAD BISMIL,,,,India,27.814705,79.957596,False
MGMY,MUGHAL SARAI MARSHALING YARD,,,,India,25.287126389900003,83.1361698425,False
KKRH,KARAHIA,,,,India,25.471614,83.771397,False
GMR,GAHMAR,,,,India,25.488685,83.80443100000001,False
BQW,BARAKALAN,,,,India,25.4915162541,83.8494928638,False
CSA,CHAUSA,,,,India,25.4984911003,83.89633140379999,False
KH,KAHILIYA,,,,India,27.775896,79.960138,False
AIG,ALGAWAN,,,,India,27.700598000000003,79.963236,False
AJI,ANJHI SHAHABAD,,,,India,27.643994,79.973314,False
SHRM,SHARMA,,,,India,27.603853,80.003288,False
TDP,TODARPUR,,,,India,27.579601,80.020029,False
BEG,BEHTAGOKUL,,,,India,27.530433600000002,80.054854,False
LBH,DILKUSHA CABIN,,,,India,26.83113,80.966867,False
ZBD,ZAFARABAD JN,,,,India,25.708436,82.719014,False
SIQ,SARKONI,,,,India,25.643114,82.75211999999999,False
JLL,JALALGANJ,,,,India,25.612516,82.772465,False
TLMD,TRILOCHAN MAHDO,,,,India,25.564702,82.804378,False
KSF,KHALISPUR,,,,India,25.525798,82.83174700000001,False
PDRD,PINDRA ROAD,,,,India,25.497052,82.851162,False
BTP,BABATPUR,,,,India,25.453616,82.8800248,False
BRPT,BIRAPATTI,,,,India,25.398912999999997,82.917265,False
SOP,SHIUPUR,,,,India,25.355419,82.946972,False
BSBY,VARANASI YARD,,,,India,25.3252123487,82.9751998096,False
PWXP,PAWANI KUMARPUR HALT,,,,India,25.5276889185,83.9359635205,False
BXR,BUXAR,,,,India,25.562067,83.982184,False
BUE,BARUNA,,,,India,25.569781000000003,84.08917199999999,False
BKKS,BAKAS,,,,India,26.776082000000002,81.051489,False
APG,ANUPGANJ,,,,India,26.757292,81.126093,False
RMNR,RAHMAT NAGAR,,,,India,26.744797359499998,81.1558950446,False
CDRL,CHHANDRAULI,,,,India,26.699202,81.23044,False
TEG,TIRBEDIGANJ,,,,India,26.667533,81.281105,False
HGH,HAIDERGARH,,,,India,26.621533,81.363162,False
CHBS,CHAUBISI,,,,India,26.576806771900003,81.43362396730001,False
AKJ,AKBARGANJ,,,,India,26.531456000000002,81.501628,False
SYW,SINDURWA,,,,India,26.492121,81.56944,False
NHH,NIHALGARH,,,,India,26.460131,81.632581,False
WGJ,WARIS GANJ HALT,,,,India,26.434504081500002,81.6954767206,False
AHZ,ADHINPUR,,,,India,26.418478,81.726848,False
MFKA,MUSAFIR KHANA,,,,India,26.379585,81.79981699999999,False
SHNG,SHIVNAGAR,,,,India,26.336305000000003,81.882608,False
BDKN,BANDHUA KALAN,,,,India,26.271965,81.99539200000001,False
SLN,SULTANPUR,,,,India,26.263027,82.066106,False
PKX,PAKHRULI,,,,India,26.205027,82.122568,False
BDIN,BHADAIYAN,,,,India,26.171113000000002,82.169148,False
LBA,LAMBHUA,,,,India,26.133687000000002,82.223283,False
MWP,MAHRANI PACHHIM,,,,India,26.087672,82.288578,False
CHDA,CHANDA (HALT),,,,India,26.063822,82.30754300000001,False
KEPR,KOIRIPUR,,,,India,26.02164,82.33959499999999,False
NIMG,NIMA GOPALPUR,,,,India,25.992862000000002,82.364038,False
HRPG,HARPALGANJ,,,,India,25.947582999999998,82.405421,False
SKN,SRIKRISHNA NAGAR,,,,India,25.88403,82.447803,False
SVZ,SARAI HARKHU,,,,India,25.835891,82.506309,False
BKSA,BAKHSHA,,,,India,25.78236,82.57318000000001,False
JOP,JAUNPUR CITY,,,,India,25.734125,82.666999,False
JNUK,JAUNPUR KUTCHERRY,,,,India,25.725186,82.692607,False
ARA,ARA,,,,India,25.548889,84.66259600000001,False
JMIR,JAMIRA HALT,,,,India,25.558928076100003,84.70946636229999,False
KUA,KULHARIA,,,,India,25.568172999999998,84.757807,False
CPPR,CPPR,,,,India,,,False
DURE,DUMRAON,,,,India,25.571984,84.14386499999999,False
TWG,TWINING GANJ,,,,India,25.568766,84.218022,False
VKDH,VEER KUNWAR HALT,,,,India,25.567584999999998,84.254875,False
RPR,RAGHUNATHPUR,,,,India,25.565439,84.305227,False
SKRI,SIKARIA,,,,India,25.5633290199,84.34768584109999,False
BYN,BANAHI,,,,India,25.561301,84.389916,False
ASJP,AMAR SAHEED JAGDEV P HALT,,,,India,25.560087000000003,84.409699,False
BEA,BIHIYA,,,,India,25.558893,84.448984,False
RNTE,RAMANAND,,,,India,25.554842,84.49105300000001,False
XSAN,SARVODAYA HALT,,,,India,25.554117487,84.5006828052,False
KYA,KAURIYA,,,,India,25.5509123644,84.5212854932,False
KRS,KARISATH,,,,India,25.549488,84.563141,False
JGWL,JAGJIVAN HALT,,,,India,25.547891999999997,84.630119,False
KWR,KOELWAR,,,,India,25.5687,84.792055,False
VHCH,BLOCK CABIN CHAKKI,,,,India,25.559662,84.806277,False
PAIL,PAIL,,,,India,,,False
BTA,BIHTA,,,,India,25.560948600000003,84.8740874,False
PATL,PATEL HALT,,,,India,25.5647952991,84.89852553829999,False
SDE,SADISOPUR,,,,India,25.566169000000002,84.916992,False
GNHI,GANDHI HALT,,,,India,25.5720007108,84.961546925,False
NEO,NEORA,,,,India,25.57459,84.986523,False
DNR,DANAPUR,,,,India,25.581921,85.044629,False
PWS,PHULWARI SHARIF,,,,India,25.586297,85.07942999999999,False
SCY,SACHIWALAY HALT,,,,India,25.5962020296,85.1173521326,False
ULR,ULTADANGA ROAD,,,,India,,,False
CLWS,CLWS,,,,India,,,False
JUNC,JUNC,,,,India,,,False
ETYD,ETYD,,,,India,,,False
LCAB,LCAB,,,,India,,,False
CP,KOLKATA,,,,India,22.566792999999997,88.375198,False
TALA,TALLA,,,,India,22.606458,88.37956299999999,False
BBR,BAGH BAZAR,,,,India,22.60512587,88.36524556,False
SOLA,SOVABAZAR-AHIRI,,,,India,22.597663999999998,88.35493799999999,False
BZB,BARRA BAZAR,,,,India,22.590907,88.351803,False
BBDB,BENOY BADAL DINESH GARDENS,,,,India,22.577047,88.34685800000001,False
EDG,EDEN GARDENS,,,,India,22.565207,88.339472,False
PPGT,PRINCEP GHAT,,,,India,22.557153999999997,88.33202200000001,False
KIRP,KHIDIRPUR,,,,India,22.5357,88.315889,False
RMTR,REMOUNT ROAD,,,,India,22.525427999999998,88.316273,False
MJT,MAJERHAT,,,,India,22.518978,88.322256,False
NACC,NEW ALIPUR (CALCUTTA),,,,India,22.510862,88.33492,False
TLG,TOLLY GANJ,,,,India,22.507909,88.346908,False
MILE,MILE-FIVEB,,,,India,22.509943999999997,88.343231,False
LKF,LAKE GARDENS,,,,India,22.50794733,88.35237095000001,False
BLN,BALLYGUNGE JN,,,,India,22.51983196,88.37206854,False
PQS,PARK CIRCUS,,,,India,22.541428999999997,88.374176,False
BELG,BELG,,,,India,,,False
DNKL,DHENKANAL,,,,India,20.676825,85.59087799999999,False
DKUR,DOKUR,,,,India,16.592578000000003,77.85341299999999,False
RJAP,RAJAPUR,,,,India,16.859603,78.163648,False
DNDL,DANDI MAL,,,,India,20.715235,85.53418,False
SBP,SAMBALPUR,,,,India,21.4830514376,83.9603252667,False
SBPD,SAMBALPUR ROAD,,,,India,21.4779003477,83.9757114679,False
SSPR,SADASHIBAPUR,,,,India,20.735286,85.504693,False
MHDB,MAHADIA PH,,,,India,20.750947,85.475883,False
HND,HINDOL ROAD,,,,India,20.768563,85.424456,False
NBT,NAYABAGIRTHIPUR,,,,India,20.781585,85.382445,False
MRDL,MERAMANDOLIL,,,,India,20.802387,85.30494300000001,False
BDPK,BURHAPANKA,,,,India,20.853156679999998,85.25582286000001,False
TLHD,TALCHER ROAD,,,,India,20.886651,85.207934,False
ANGL,ANGUL,,,,India,20.859445,85.099994,False
KPJG,KEREJANGA,,,,India,20.855813,84.97670600000001,False
JRPD,JARAPADA,,,,India,20.885087,84.887597,False
BONA,BOINDA,,,,India,20.9200366,84.74820639999999,False
HNPA,HANDAPA,,,,India,20.943324,84.684665,False
SRGP,SARAGIPALLI,,,,India,20.98404,84.565386,False
BAMR,BAMUR,,,,India,21.006738,84.475865,False
RAIR,RAIRAKHOL,,,,India,21.046744999999998,84.333562,False
CHAR,CHARMAL,,,,India,21.095391,84.204417,False
JUJA,JUJUMURA,,,,India,21.239342,84.134611,False
HATB,HATIBARI,,,,India,21.309386,84.11793899999999,False
MANE,MANESWAR,,,,India,21.411344,84.04398800000001,False
SBPY,SAMBALPUR CITY,,,,India,21.4770222859,84.0076171613,False
JSME,JASIDIH JN,,,,India,24.514517,86.644255,False
TTN,TULSITANR,,,,India,24.568995679700002,86.6144068317,False
LHB,LAHABON,,,,India,24.6403400956,86.6001380908,False
TLB,TALWA BAZAR,,,,India,24.694736735,86.55630277830001,False
STL,SIMULTALA,,,,India,24.713365,86.541782,False
GHN,GHORPARAN,,,,India,24.741624780800002,86.4985295715,False
NRGO,NARGANJO HALT,,,,India,24.7439751193,86.4578033173,False
RJLA,RAJLA,,,,India,24.7563630003,86.4230669043,False
JAJ,JHAJHA,,,,India,24.779456,86.399854,False
DPX,DADPUR,,,,India,24.829399000000002,86.34907600000001,False
GHR,GIDHAUR,,,,India,24.856169,86.324005,False
CUX,CHAURA,,,,India,24.918896,86.287062,False
JMU,JAMUI,,,,India,24.971949,86.25477500000001,False
KDER,KUNDER HALT,,,,India,25.0513208329,86.1856142041,False
BFM,BHALUI,,,,India,25.0732160325,86.172874585,False
MNP,MANANPUR,,,,India,25.1049319287,86.15540512449999,False
BLHR,BALAHAPUR HALT,,,,India,25.1202705418,86.14781537840001,False
BSQP,BANSIPUR,,,,India,25.1245132245,86.1448204578,False
LCK,LAKHOCHAK HALT,,,,India,25.139184912599998,86.13641071170001,False
MHLT,MAHESH LETA HALT,,,,India,25.1511094241,86.1301575793,False
MOR,MOR,,,,India,25.43034549,85.8567601593,False
GZH,GULZARBAGH,,,,India,25.597542,85.205232,False
PNC,PATNA SAHEB,,,,India,25.585856,85.230942,False
DDGJ,DEEDARGANJ,,,,India,25.5695431489,85.2575111389,False
BKG,BANKA GHAT,,,,India,25.547008,85.27274200000001,False
FUT,FATWA,,,,India,25.50144,85.305488,False
BCYN,BUDHDEVCHAK Y NAGAR,,,,India,25.4968269712,85.3313080389,False
HDE,HARDAS BIGHA,,,,India,25.496924,85.3276678,False
KOO,KHUSROPUR,,,,India,25.484893,85.387309,False
MJM,MANJHAULIGRAM H,,,,India,25.478252,85.422051,False
KWO,KARAUTA,,,,India,25.468639,85.46824000000001,False
SMBH,SALIM PUR BIHAR,,,,India,25.473618,85.44577199999999,False
TKBG,TEKA BIGHA HALT,,,,India,25.465009000000002,85.485186,False
BKP,BAKHTIYARPUR JN,,,,India,25.456110000000002,85.52956400000001,False
JPML,JAI PRAKASH MAHULI,,,,India,25.453799999999998,85.600631,False
ATL,ATHMAL GOLA,,,,India,25.453014977800002,85.6213724115,False
ACU,ACHUARA HALT,,,,India,25.45273,85.661087,False
BARH,BARH,,,,India,25.46165,85.70942600000001,False
SHT,SAHARI HALT,,,,India,25.475692697299998,85.7277666345,False
RLE,RAILEY ENGLISH HALT,,,,India,25.4829711754,85.75569245480001,False
LEB,LEMUABAD,,,,India,25.482271329699998,85.7783575873,False
PHK,PUNARAKH,,,,India,25.481495000000002,85.803757,False
MMKB,MEMRAKHABAD,,,,India,25.472507999999998,85.82685199999999,False
KNHP,KANHAIPUR,,,,India,25.45827,85.838512,False
BHAD,BARHAPUR HALT,,,,India,25.427352,85.86024300000001,False
SIVN,SIVNAR HALT,,,,India,25.40468,85.880824,False
MKA,MOKAMEH JN,,,,India,25.391885,85.91304899999999,False
ANAH,AUNTA HALT,,,,India,25.3804334414,85.94936398009999,False
PNBE,PATNA JN,,,,India,25.60256,85.136824,False
RJPB,RAJENDRA NAGAR BIHAR,,,,India,25.603351,85.162449,False
KBQ,KUMRABAD ROHINI,,,,India,24.467308,86.64534800000001,False
SNQ,SANKARPUR,,,,India,24.427623,86.637552,False
MUW,MATHURAPUR,,,,India,24.386518000000002,86.631692,False
NPZ,NAWAPATRA,,,,India,24.318387,86.64786699999999,False
MDP,MADHUPUR JN,,,,India,24.270633,86.642183,False
JRW,JORAMOW,,,,India,24.201663,86.707773,False
MNC,MADANKATA,,,,India,24.140881,86.70195,False
VDS,VIDYASAGAR,,,,India,24.103820000000002,86.69841500000001,False
KEE,KASEETAR,,,,India,24.004444,86.75251,False
JMT,JAMTARA,,,,India,23.958904,86.805183,False
BM,BODMA,,,,India,23.897286,86.852624,False
CRJ,CHITTARANJAN,,,,India,23.857138000000003,86.878036,False
RNPR,RUPNARAYANPUR,,,,India,23.818703000000003,86.885481,False
SLS,SALANPUR,,,,India,23.760355,86.876395,False
CPY,CHAPRAMARI,,,,India,22.600493,88.39220399999999,False
PTKR,PATIPUKUR,,,,India,22.605667999999998,88.395055,False
GNT,GUNTUR JN,,,,India,16.300784,80.44197299999999,False
NLPD,NALLAPADU,,,,India,16.308263,80.397756,False
PRCA,PERECHERLA,,,,India,16.319601000000002,80.339519,False
PPM,PHIRANGIPURAM,,,,India,16.292376,80.255894,False
NDPU,NUDURUPADU,,,,India,16.273407,80.193376,False
STUR,SATULUR,,,,India,16.254465,80.13881099999999,False
NRT,NARASARAOPET,,,,India,16.231527,80.041607,False
MUK,MUNUMAKA,,,,India,16.190922,79.981319,False
SAB,SANTAMAGULUR,,,,India,16.147071,79.91505599999999,False
VLE,VELLALCHERUVU H,,,,India,16.1317836869,79.8886640826,False
SYM,SAVALYAPURAM,,,,India,16.102801,79.81953,False
VKN,VINUKONDA,,,,India,16.050748,79.748004,False
CEM,CHEEKATEEGALPLM,,,,India,16.011698,79.682842,False
GKM,GUNDALUKAMMA,,,,India,15.985909,79.645362,False
KCD,KURICHEDU,,,,India,15.913391,79.572175,False
POO,POTLAPADU,,,,India,15.873337,79.523864,False
DKD,DONAKONDA,,,,India,15.834631000000002,79.484112,False
GJJ,GAJJELAKONDA,,,,India,15.777382,79.401298,False
KOAA,KOLKATA CHITPUR,,,,India,22.601174999999998,88.385179,False
KANL,KANL,,,,India,,,False
INCI,ISHAN CHANDI HALT,,,,India,23.3336497763,87.7396679724,False
GLI,GALSI,,,,India,23.358032,87.681236,False
PAJ,PARAJ,,,,India,23.387863,87.62750500000001,False
MNAE,MANKAR,,,,India,23.420373,87.555822,False
PAN,PANAGARH,,,,India,23.443034,87.439587,False
RBH,RAJBANDH,,,,India,23.476136,87.372314,False
DGR,DURGAPUR,,,,India,23.495046000000002,87.297902,False
DCOP,DURGAPUR COKE OVEN PLANT EXCHANGE YARD SDG WARIA,,,,India,23.505136,87.298232,False
OYR,WARIA,,,,India,23.537562,87.246177,False
POL,PINJRAPOL,,,,India,23.549642,87.232307,False
EOC,UDL EAST OUTER CABIN,,,,India,23.569452000000002,87.20360799999999,False
UDLE,ANDAL-EAST/CABIN,,,,India,23.57172,87.199696,False
UDL,ANDAL JN,,,,India,23.579012000000002,87.181194,False
UDLW,ANDAL WEST CABIN,,,,India,23.584024,87.168796,False
CCK,CHICHAKI,,,,India,24.053224666,85.9917268481,False
GRBH,GAREA BIHAR,,,,India,24.1289485964,85.9155275354,False
BHN,BHULI,,,,India,23.8022772592,86.39469277709999,False
TET,TETULMARI,,,,India,23.814441,86.34357,False
NPJE,NICHITPUR,,,,India,23.825908,86.28776500000001,False
MRQ,MATARI,,,,India,23.840519,86.239035,False
GMO,GOMOH JN,,,,India,23.873106,86.14823,False
BLME,BHOLLDIH,,,,India,23.898444,86.116898,False
NMG,NIMIAGHAT,,,,India,23.932092,86.07621300000001,False
PNME,PARASNATH,,,,India,23.987971,86.037862,False
CEME,CHEGRO,,,,India,24.0842485151,85.964766012,False
CDB,CHAUDHRIBANDH,,,,India,24.1118528783,85.9464457367,False
KRMB,KARMABAD BH,,,,India,24.07875,85.973866,False
HZD,HAZARIBAGH ROAD,,,,India,24.174583,85.892035,False
KSHR,KESHWARI,,,,India,24.194872999999998,85.86420199999999,False
CBH,CHAUBE,,,,India,24.2372952691,85.8160239368,False
DSME,DASARA,,,,India,24.274602265600002,85.790855545,False
PSB,PARSABAD,,,,India,24.307559,85.73873,False
YDD,YADUDIH,,,,India,24.329874999999998,85.70089899999999,False
SMND,SARMATANR,,,,India,24.344874,85.65550400000001,False
HRE,HIRODIH,,,,India,24.38304,85.596658,False
LRB,LARABAD,,,,India,24.407020999999997,85.562123,False
KQR,KODERMA,,,,India,24.434741000000002,85.52945799999999,False
GJD,GUJHANDI,,,,India,24.498121,85.463683,False
LBZ,LALBAG BH,,,,India,24.509662,85.446702,False
DLW,DILWA,,,,India,24.53731788,85.41970863,False
NGY,NATH GANJ,,,,India,24.545616,85.385094,False
BSCP,BASKATWA B. H.,,,,India,24.547613,85.366148,False
YGM,YADUGRAM BH,,,,India,24.543289,85.32401399999999,False
GAP,GURPA,,,,India,24.562542,85.29708,False
PRP,PAHARPUR,,,,India,24.624931999999998,85.204571,False
BNSL,BANSINALA HALT,,,,India,24.66529241,85.16182409000001,False
TKN,TANKUPPA,,,,India,24.704046,85.119402,False
BNF,BANDHUA,,,,India,24.75197374,85.06620037,False
MPO,MANPUR JN,,,,India,24.807111000000003,85.044738,False
SICY,SHAHEED ISHWAR CHOWDHARY HALT,,,,India,24.80741419,85.01490964999999,False
GAYA,GAYA JN,,,,India,24.803978,84.999294,False
WCB,WEST CABIN GAYA,,,,India,24.798676,84.971299,False
KSTA,KASTHA,,,,India,24.802484,84.921751,False
PRY,PARAIYA,,,,India,24.809464,84.85079200000001,False
GRRU,GURARU,,,,India,24.811113,84.791831,False
IMGE,ISMAILPUR,,,,India,24.815523000000002,84.723433,False
RFJ,RAFIGANJ,,,,India,24.819694000000002,84.634804,False
DORD,DEO ROAD,,,,India,24.823073676299998,84.5634225305,False
JHN,JAKHIM,,,,India,24.8288034748,84.52567784239999,False
PES,PHESAR,,,,India,24.845489,84.41808499999999,False
AUBR,ANUGRAHA NARAYAN ROAD,,,,India,24.855955599999998,84.3298444,False
CPBH,CHIRAILA,,,,India,24.863478,84.269003,False
SEB,SON NAGAR,,,,India,24.882212999999997,84.22927299999999,False
ADSR,ADSR,,,,India,24.909345,84.19221399999999,False
DOS,DEHRI ON SONE,,,,India,24.914894999999998,84.185434,False
PHE,PAHALEJA HALT,,,,India,24.932644,84.144817,False
MRK,MARKAPUR ROAD,,,,India,15.714678,79.301115,False
RAI,RAIBHA,,,,India,27.181549999999998,77.803634,False
BCP,BICHPURI,,,,India,27.176397,77.91435,False
IDH,IDGAH AGRA JN,,,,India,27.17265,77.997807,False
AF,AGRA FORT,,,,India,27.183308,78.0191,False
JAB,YAMUNA BRIDGE AGRA,,,,India,27.191512,78.03812699999999,False
CHLR,CHHALESAR,,,,India,27.212079000000003,78.084141,False
KBP,KUBERPUR,,,,India,27.221966,78.128812,False
ETUE,ETMADPUR,,,,India,27.221535999999997,78.197973,False
COI,CHEOKI,,,,India,25.379668,81.864916,False
KCN,KARCHANA,,,,India,25.313666,81.916127,False
BEP,BHEERPUR,,,,India,25.265024,81.98924,False
MJA,MEJA ROAD,,,,India,25.221545,82.089337,False
UND,UNCHDIH,,,,India,25.1924197817,82.1633748193,False
JIA,JIGNA,,,,India,25.157891,82.32555500000001,False
GAE,GAIPURA,,,,India,25.16045,82.38624899999999,False
BEO,BIROHE,,,,India,25.173789,82.449749,False
BKN,BIKANER JN,,,,India,28.014139,73.31659800000001,False
UMS,UDRAMSAR,,,,India,27.922973867499998,73.3438365942,False
PAE,PALANA,,,,India,27.845285999999998,73.273605,False
DSO,DESHNOK,,,,India,27.791303,73.338483,False
SPO,SURPURA,,,,India,27.706677000000003,73.442249,False
NOK,NOKHA,,,,India,27.556203,73.47484800000001,False
CLO,CHILO,,,,India,27.446624,73.52546099999999,False
SBLJ,SHRI BALAJI,,,,India,27.416761083900003,73.5373822888,False
ALAI,ALAI,,,,India,27.337097,73.58576799999999,False
BWS,BADWASI,,,,India,27.311355,73.663015,False
NGO,NAGAUR,,,,India,27.199991,73.72357199999999,False
MDW,MARWAR MUNDWA,,,,India,27.063606,73.815965,False
KJW,KHAJWANA,,,,India,26.923262,73.861764,False
DSL,DESWAL,,,,India,26.850374000000002,73.885443,False
MCPE,MARWAR CHAPRI,,,,India,26.7834880329,73.9073942175,False
GADJ,GANDHINAGAR JAIPUR,,,,India,26.873067000000002,75.79827999999999,False
BMH,BETAMCHERLA,,,,India,15.449372,78.148636,False
GTJT,GETOR JAGATPURA,,,,India,26.836925,75.832384,False
KWP,KHATIPURA,,,,India,26.835709,75.89049800000001,False
KUT,KANAUTA,,,,India,26.842216007599998,75.955996106,False
BAI,BASSI,,,,India,26.840616999999998,76.047213,False
JHIR,JHIR,,,,India,26.852187381900002,76.1146920331,False
KXI,KURUMURTHI,,,,India,16.494924,77.863463,False
BSKO,BANSKHO,,,,India,26.856115,76.142206,False
TLU,TARLUPADU,,,,India,15.660536,79.21946200000001,False
JW,JATWARA,,,,India,26.8688202925,76.2140548169,False
CBM,CUMBUM,,,,India,15.592947,79.110832,False
KRNT,KURNOOL TOWN,,,,India,15.833715,78.032655,False
ALPR,ALAMPUR ROAD,,,,India,15.895657,78.047012,False
BNDN,BHANDANA,,,,India,26.878914,76.25247399999999,False
SBBJ,JOGULAMBA HALT,,,,India,15.915692,78.04160499999999,False
MOA,MANOPAD,,,,India,15.994114,77.941968,False
IKI,ITKYALA,,,,India,16.074589,77.852531,False
DO,DAUSA,,,,India,26.900046999999997,76.330336,False
PDNA,PEDDADINNE,,,,India,16.100078,77.83502,False
PDO,PUDURU,,,,India,16.153896999999997,77.820931,False
GWD,GADWAL,,,,India,16.22509,77.80967199999999,False
BAK,BHAN KARI,,,,India,26.962546793999998,76.4094554639,False
ARPL,AREPALLI HALT,,,,India,16.270533999999998,77.862369,False
SRNR,SRIRAMNAGAR,,,,India,16.306568,77.865894,False
AJK,AJAKOLLU,,,,India,16.3467833327,77.8736361627,False
KVGM,KOLVAGRAM,,,,India,26.9894838995,76.46876528439999,False
WPR,WANPARTI ROAD,,,,India,16.3820535896,77.88514998289999,False
KONN,KONNUR,,,,India,16.424621000000002,77.884404,False
KQQ,KAUKUNTLA,,,,India,16.538962,77.850451,False
DKC,DEVARKADRE,,,,India,16.630504,77.838261,False
KTKA,KOTAKADRA,,,,India,16.668744,77.869477,False
MQN,MANYAMKONDA,,,,India,16.683425,77.904883,False
MHBT,MAHBUBNAGAR TOWN HALT,,,,India,16.742879000000002,77.982649,False
MBNR,MAHBUBNAGAR,,,,India,16.757768,77.999429,False
YNG,YENUGONDA,,,,India,16.758073,78.036337,False
BKI,BANDIKUI JN,,,,India,27.039271,76.56672300000001,False
JBK,JAGGAMBOTLA KRISHNAPURAM,,,,India,15.551155999999999,79.071072,False
SDV,SOMIDEVIPALLE,,,,India,15.4534,79.038111,False
GMA,GUDIMETTA,,,,India,15.424449000000001,79.010485,False
YADA,YADA,,,,India,,,False
GID,GIDDALUR,,,,India,15.379008,78.925583,False
KSTE,KISTAMSETTIPALI,,,,India,15.372380000000001,78.883844,False
DMT,DIGUVAMETTA,,,,India,15.394929999999999,78.826206,False
CMZ,CHALAMA,,,,India,15.422638000000001,78.695312,False
GZL,GAZULAPALLI,,,,India,15.430850000000001,78.600125,False
NDL,NANDYAL,,,,India,15.468024,78.472545,False
PNM,PANYAM,,,,India,15.50076,78.339158,False
ARNA,ARNIA,,,,India,27.0101287751,76.5171796234,False
KEF,KRISHNAMA KONA,,,,India,15.505221,78.267907,False
BEY,B CEMENT NAGAR,,,,India,15.48632233,78.19541209,False
RGM,RANGAPURAM,,,,India,15.406776,78.059153,False
MLK,MALKAPURAM,,,,India,15.368943999999999,77.96755599999999,False
BVO,BOGOLU,,,,India,15.473393,77.914295,False
DHNE,DHONE,,,,India,15.396729,77.865727,False
VDI,VELDURTI,,,,India,15.553699,77.927621,False
UKD,ULINDAKONDA,,,,India,15.652934,77.968687,False
DUU,DUPADU,,,,India,15.742888,78.01325899999999,False
KOLA,KOTLA,,,,India,15.8120341064,78.03755196290001,False
DTP,DIVITI PALLI,,,,India,16.740883,78.08417499999999,False
CDAE,CHANDANPUR,,,,India,22.8813,88.17617700000001,False
PBZ,PORABAZAR,,,,India,22.916427,88.15914000000001,False
BMAE,BELMURI,,,,India,22.93272742,88.15233111,False
DNHL,DHANIAKHALI,,,,India,22.95019,88.143651,False
SHBC,SIBAICHANDI,,,,India,22.974465,88.13369,False
CRAE,CHERAGRAM BH.,,,,India,22.993969,88.126806,False
HIH,HAJIGARH,,,,India,23.007032,88.121403,False
GRAE,GURAP,,,,India,23.02534,88.112282,False
JPQ,JHAPANDANGA,,,,India,23.064129,88.091187,False
JRAE,JAUGRAM,,,,India,23.078737,88.080887,False
NBAE,NABAGRAM,,,,India,23.09918,88.06690900000001,False
MSAE,MASAGRAM,,,,India,23.134791,88.042182,False
CHC,CHANCHAI,,,,India,23.157905,88.025521,False
PRAE,PALLA ROAD,,,,India,23.179393,88.00912100000001,False
DKAE,DANKUNI,,,,India,22.677422,88.291491,False
GBRA,GOBRA,,,,India,22.695504,88.279274,False
JOX,JANAI ROAD,,,,India,22.722379,88.26510999999999,False
BPAE,BEGUMPUR,,,,India,22.737627,88.255644,False
BRPA,BARUIPARA,,,,India,22.766787,88.237381,False
MBE,MIRZAPUR BANKIPUR,,,,India,22.78738,88.224626,False
BLAE,BALARAMBATI,,,,India,22.8068127,88.21216842,False
KQU,KAMARKUNDU,,,,India,22.821631,88.205127,False
KQLS,KAMARKUNDU,,,,India,22.820899,88.204309,False
MDSE,MADHU SUDANPUR,,,,India,22.845108,88.193499,False
SDAH,KOLKATA SEALDAH,,,,India,22.566758,88.374713,False
NKG,NARKALDENGA COACHING YARD,,,,India,22.5719746424,88.37910995610001,False
KGK,KANKURGACHHI ROAD,,,,India,22.572603,88.385079,False
BNXR,BIDHAN NAGAR,,,,India,22.592432,88.391045,False
DDJ,DUM DUM,,,,India,22.621717,88.392835,False
BARN,BARANAGAR ROAD,,,,India,22.6530928,88.37831077,False
DAKE,DAKSHINESWAR,,,,India,22.6534841,88.36363519999999,False
BLYG,BALLY GHAT,,,,India,22.652173,88.347431,False
BLYH,BALIHALT,,,,India,22.652604,88.33860800000001,False
RCD,RAJCHANDRAPUR,,,,India,22.652739,88.321219,False
CCRL,CC RLY LINK CAB,,,,India,22.652855,88.315286,False
CCLW,CCLINK-WEST,,,,India,22.657411,88.305512,False
GGSY,GANGA SAHAI,,,,India,25.269767,86.018783,False
DMRX,DUMRI HALT,,,,India,25.2459362417,86.0283957056,False
JCL,JADCHERLA,,,,India,16.752658,78.141972,False
DJS,DHURANT JWAS HALT,,,,India,25.220474,86.047715,False
JYG,JAYNAGAR,,,,India,26.589465,86.134871,False
SPJ,SAMASTIPUR JN,,,,India,25.858304,85.78736,False
KRHA,KORAHIA,,,,India,26.529839579999997,86.15361374000001,False
KJI,KHAJAULI,,,,India,26.4839415697,86.1614216113,False
GHX,GARHARA,,,,India,25.4409119004,86.0053080969,False
LLPR,LALIT LAKSHMIPR,,,,India,26.436785,86.1562,False
RJA,RAJANAGAR,,,,India,26.401801,86.152987,False
HTZU,HATHIDAH UPPER,,,,India,25.351823,85.987422,False
MGPI,MANGARPATTI HALT,,,,India,26.371005066000002,86.1100315369,False
MBI,MADHUBANI,,,,India,26.348165,86.076784,False
BLRI,BELARI HALT,,,,India,25.845989179900002,85.79465626460001,False
SPRN,SALEMPUR HALT,,,,India,26.30637807,86.0816757483,False
UJP,UJIARPUR,,,,India,25.780378,85.799605,False
PDW,PANDAUL,,,,India,26.2804866136,86.0866355896,False
NAZJ,NAZIRGANJ,,,,India,25.724315,85.80632700000001,False
UGNA,UGNA HALT,,,,India,26.2506466399,86.0925137378,False
BSRA,BASARHIA HALT,,,,India,25.6921049276,85.8109824023,False
SKI,SAKRI JN,,,,India,26.208947000000002,86.078137,False
DSS,DALSINGH SARAI,,,,India,25.6647486,85.84146519999999,False
SSNS,SHAHEED S N SINGH HALT,,,,India,26.2010198369,86.04289692260001,False
TRS,TARSARAI,,,,India,26.194364999999998,86.013311,False
BJIH,BIJULI HALT,,,,India,26.186676,85.976126,False
KKHT,KAKARGHATTI,,,,India,26.183484,85.94826499999999,False
STJT,SATHAJAGAT,,,,India,25.631007269799998,85.86778899539999,False
BCA,BACHWARA JN,,,,India,25.5812576,85.90014240000001,False
DKGS,SIMARIA,,,,India,25.411453,86.014464,False
MPNH,MAJNUPUR NAWADA,,,,India,25.5321961227,85.9312678741,False
TGA,TEGHRA,,,,India,25.511020000000002,85.941774,False
BUJ,BARAUNI FLAG,,,,India,25.4735905867,85.96507848819999,False
DBG,DARBHANGA JN,,,,India,26.157088,85.907575,False
LSI,LAHERIA SARAI,,,,India,26.110633,85.903825,False
TLWA,THALWARA,,,,India,26.072734999999998,85.89750699999999,False
HYT,HAIAGHAT,,,,India,26.020321,85.87821199999999,False
RBZ,RAMBHADDARPUR,,,,India,25.977172,85.86518199999999,False
KSP,KISHANPUR,,,,India,25.925351000000003,85.840384,False
MKPR,MUKTAPUR,,,,India,25.884676,85.79556,False
KRPA,KHARIAPIPRA HALT,,,,India,25.242819,86.626717,False
TALL,TALL JN,,,,India,25.3787000521,85.9546829749,False
RDUM,RAMPUR DUMRA,,,,India,25.3308632845,86.0006415784,False
BRYA,BARHIYA,,,,India,25.2832026,86.01507679999999,False
MKB,MANKATHA,,,,India,25.207216,86.056352,False
LKR,LUCKEESARAI JN,,,,India,25.1716617005,86.093210587,False
KIUL,KIUL JN,,,,India,25.171504,86.106198,False
RMPR,RAMPUR HALT,,,,India,25.1721586608,86.1406539392,False
DNRE,DHANAURI,,,,India,25.1719686608,86.1591750293,False
PWBN,PAWAI BROHMASTHAN HALT,,,,India,25.1712233008,86.1965221936,False
UREN,UREN,,,,India,25.1712379405,86.2142016541,False
KJH,KAJRA,,,,India,25.182766,86.261571,False
GIBP,GHOGHI BARIARPUR,,,,India,25.2058083716,86.3040822156,False
AHA,ABHAIPUR,,,,India,25.2159864584,86.32307245909999,False
MSDN,MASUDAN,,,,India,25.2352713892,86.3578830731,False
DRH,DHARHARA,,,,India,25.2578934114,86.4115380682,False
DRTP,DASHARATHPUR,,,,India,25.265181819000002,86.46453228029999,False
SRB,SAROBAG,,,,India,25.273371220999998,86.4765552539,False
JMP,JAMALPUR JN,,,,India,25.313906,86.492285,False
PATM,PATAM HALT,,,,India,25.323255198600002,86.5327701855,False
RPUR,RATANPUR,,,,India,25.279794000000003,86.57608,False
RIKD,RISHIKUND,,,,India,25.294435959199998,86.5623576038,False
BUP,BARIARPUR,,,,India,25.2810286076,86.5740372229,False
KPRD,KALYANPUR ROAD,,,,India,25.275564886399998,86.5806353711,False
KAPP,KHARIAPIPRA HALT,,,,India,25.243589,86.627487,False
GNNA,GANGANI,,,,India,25.265514,86.593002,False
KMGH,KAMARGANJ,,,,India,25.2369518098,86.6457233716,False
SGG,SULTANGANJ,,,,India,25.24085,86.736175,False
AJUG,ABJUGANJ,,,,India,25.242369,86.775451,False
MVV,MAHESHI,,,,India,25.236912,86.799239,False
AKN,AKBARNAGAR,,,,India,25.234880766899998,86.8345333624,False
CTMP,CHHIT MAKHANPUR,,,,India,25.234493190600002,86.87393632569999,False
MPY,MURARPUR,,,,India,25.232759,86.886908,False
NAT,NATHNAGAR,,,,India,25.237052000000002,86.935373,False
BGP,BHAGALPUR,,,,India,25.241909300000003,86.9767918,False
SBO,SABAUR,,,,India,25.239083,87.045918,False
LMM,LAILAKH MAMLKHA,,,,India,25.21827008,87.1050667084,False
GGA,GHOGA,,,,India,25.2103054225,87.16086164,False
EKC,EKCHARI,,,,India,25.227623048199998,87.2138658521,False
CLG,KAHALGAON,,,,India,25.2621879424,87.2337518945,False
BKSL,BIKRAM SHILA,,,,India,25.30004436,87.3002182,False
SVRP,SHIVANARAYANPUR,,,,India,25.2937259592,87.3330938318,False
LKB,LAKSHMIPUR BHORANG,,,,India,25.288258000000003,87.36336,False
PPT,PIRPAINTI,,,,India,25.2903753934,87.4218244568,False
AMPL,AMMAPALLI HALT,,,,India,25.2724414889,87.4585745682,False
MZC,MIRZA CHEUKI,,,,India,25.2587767836,87.4979796002,False
KRMA,KARAMTOLA,,,,India,25.2554212612,87.5531429022,False
SBG,SAHIBGANJ JN,,,,India,25.241391999999998,87.63457700000001,False
SLJ,SAKRIGALI JN,,,,India,25.243358999999998,87.715967,False
MJP,MOHARAJPUR,,,,India,25.219587,87.74030800000001,False
KPTO,KARANPUR ATO,,,,India,25.136401449999997,87.7340281628,False
TLJ,TALJHARI,,,,India,25.0823504143,87.7416879089,False
KXE,KALIAN CHAK,,,,India,25.03452,87.736758,False
TPH,TINPAHAR JN,,,,India,24.996925863999998,87.7438070306,False
DDX,DHAMDHAMIA,,,,India,24.9603876804,87.7615573059,False
GLY,GOLLAPALLY,,,,India,16.818903000000002,78.157285,False
SNT,SAINTHIA,,,,India,23.949741,87.68120499999999,False
GHLE,GADADHARPUR,,,,India,24.013197,87.691891,False
MLV,MALLARPUR,,,,India,24.080029,87.726275,False
TPF,TARAPITH ROAD,,,,India,24.1265252897,87.7522050836,False
RPH,RAMPUR HAT,,,,India,24.179797,87.78214700000001,False
SDLE,SWADINPUR,,,,India,24.253477999999998,87.822587,False
NHT,NALHATI JN,,,,India,24.295706,87.83867000000001,False
CTR,CHATRA,,,,India,24.372846,87.849257,False
MRR,MURARAI,,,,India,24.440886,87.85865299999999,False
BSBR,BANSHLAI BRIDGE,,,,India,24.502610999999998,87.862439,False
RJG,RAJGRAM,,,,India,24.544607,87.86763599999999,False
NGF,NAGARNABI,,,,India,24.590321491500003,87.8680748517,False
PKR,PAKUR,,,,India,24.638002,87.856054,False
TBB,TILBHITA,,,,India,24.677287999999997,87.842581,False
KLP,KOTALPUKUR,,,,India,24.741141,87.823724,False
GMAN,GUMANI,,,,India,24.798952096399997,87.8052776343,False
JTL,JHAPATER DHAL,,,,India,23.367646,87.750181,False
BPS,BANPAS,,,,India,23.40073073,87.74725106999999,False
NRX,NOADAR DHAL,,,,India,23.433926999999997,87.745014,False
GKH,GUSKARA,,,,India,23.489998,87.733397,False
PCQ,PICHKURIRDHAL,,,,India,23.54342,87.720914,False
BDH,BHEDIA,,,,India,23.586642,87.711813,False
BHP,BOLPUR SHANTINIKETAN,,,,India,23.657804000000002,87.698136,False
PNE,PRANTIK,,,,India,23.694435000000002,87.693501,False
KPLE,KOPAI,,,,India,23.759063,87.689548,False
AMP,AHMADPUR JN,,,,India,23.8325090573,87.6928410938,False
BSLE,BATASPUR,,,,India,23.8802785594,87.6806814746,False
SKG,SAKTIGARH,,,,India,23.205879,87.971782,False
GRP,GANGPUR,,,,India,23.223525000000002,87.928116,False
BWN,BARDDHAMAN JN,,,,India,23.249718,87.87028099999999,False
PLAE,PALSIT,,,,India,23.197030709800003,88.00322154050001,False
TIT,TALIT,,,,India,23.29331,87.819122,False
RSLR,RASULPUR,,,,India,23.187229000000002,88.039994,False
KAN,KHANA JN,,,,India,23.320577,87.769547,False
NMF,NIMO,,,,India,23.180297999999997,88.069346,False
MYM,MEMARI,,,,India,23.172935,88.095637,False
BDC,BANDEL JN,,,,India,22.9236565,88.3793623,False
BGF,BAGILA,,,,India,23.16014581,88.12200441,False
HGY,HOOGHLY,,,,India,22.904835,88.375632,False
DBP,DEBIPUR,,,,India,23.1446129567,88.15599765809999,False
CNS,CHUCHURA,,,,India,22.890190999999998,88.3695,False
BOI,BAINCHI,,,,India,23.1191243,88.196286,False
CGR,CHANDAN NAGAR,,,,India,22.867469999999997,88.354421,False
BCGM,BAINCHIGRAM,,,,India,23.10588031,88.21629817,False
MUU,MANKUNDU,,,,India,22.846462000000002,88.346368,False
SLG,SIMLAGARH,,,,India,23.095679,88.23121300000001,False
PDA,PUNDOOAH,,,,India,23.070861999999998,88.270115,False
BHR,BHADRESHWAR,,,,India,22.8279397,88.34153486,False
KHN,KHANYAN,,,,India,23.046222,88.314472,False
BBAE,BAIDYABATI,,,,India,22.79549199,88.33203765,False
TLO,TALANDU,,,,India,23.009788,88.345088,False
MUG,MAGRA,,,,India,22.983124999999998,88.36829,False
SHE,SEORAPHULI,,,,India,22.774749,88.328809,False
ADST,ADI SAPTAGRAM,,,,India,22.95447,88.378872,False
SRP,SERAMPORE,,,,India,22.753967999999997,88.338031,False
RIS,RISHRA,,,,India,22.726146,88.343378,False
KOG,KONNAGAR,,,,India,22.6994528322,88.34183442140001,False
HMZ,HIND MOTOR,,,,India,22.683736,88.341605,False
UPA,UTTARPARA,,,,India,22.667652,88.34131699999999,False
BLY,BALLY,,,,India,22.6552655812,88.3406065536,False
BEQ,BELUR,,,,India,22.635912010000002,88.33950084,False
LLH,LILUAH,,,,India,22.621521,88.339559,False
SYAE,LILUAH (SORTING YARD),,,,India,22.609028,88.336795,False
HWHG,HOWRAH GOODS,,,,India,22.5900953465,88.33468799799999,False
HWH,HOWRAH JN,,,,India,22.584077999999998,88.34099900000001,False
BKLE,BAKUDI,,,,India,24.9345107267,87.7749068933,False
BHW,BARHARWA JN,,,,India,24.857748,87.77449299999999,False
BDLC,BONIDANGA LINK CABIN,,,,India,24.822167,87.798331,False
KRPU,KORAPUT,,,,India,18.792189999999998,82.719436,False
KRPB,KORAPUT B CABIN B.H.,,,,India,18.797786,82.72400599999999,False
DMRT,DUMURIPUT,,,,India,18.780367000000002,82.803933,False
DMNJ,DAMANJODI,,,,India,18.767771,82.865768,False
BGUA,BAIGUDA,,,,India,18.827043709999998,82.96578736,False
KKGM,KAKIRIGUMMA,,,,India,18.923382,83.007309,False
LKMR,LAXMIPUR ROAD,,,,India,19.003986,83.104298,False
SGRM,SINGARAM,,,,India,19.110931,83.10500400000001,False
TKRI,TIKIRI,,,,India,19.177667000000003,83.09910500000001,False
RUL,RAULI,,,,India,19.230268,83.16728,False
LLGM,LELIGUMA,,,,India,19.304006,83.208299,False
BLMK,BHALUMASKA,,,,India,19.32812783,83.29429956000001,False
SKPI,SIKARPAI,,,,India,19.391899549999998,83.32010335,False
KTGA,KEUTGUDA,,,,India,19.303471000000002,83.368072,False
RGDA,RAYAGADA,,,,India,19.175642,83.410505,False
SPRD,SINGAPURAM ROAD,,,,India,19.258673,83.403066,False
THV,THERUBALI,,,,India,19.335826,83.42130900000001,False
BMCK,BISSAMCUTTACK,,,,India,19.487437999999997,83.458973,False
SNRL,SANSARTALI,,,,India,19.529222,83.47977300000001,False
MNGD,MUNIGUDA,,,,India,19.62753,83.488343,False
DKLU,DOIKALLU,,,,India,19.74188249,83.48161132000001,False
AMB,AMBODALA,,,,India,19.8363234649,83.45635247989999,False
LJR,LANJIGARH ROAD,,,,India,19.9434221772,83.4003416858,False
NRLR,NORLA ROAD,,,,India,20.041394,83.373301,False
RPRD,RUPRA ROAD,,,,India,20.08447,83.330956,False
KDLR,KANDEL ROAD,,,,India,20.126381000000002,83.27892999999999,False
KSNG,KESINGA,,,,India,20.188102999999998,83.224709,False
RRGA,RANGAREDDY GUDA,,,,India,16.901936,78.18083299999999,False
DPP,DHIRPUR,,,,India,30.0663927023,76.84405122380001,False
DHMZ,DHOLA MAZRA,,,,India,30.120677999999998,76.854437,False
SHDM,SHAHBAD MARKNDA,,,,India,30.166186,76.861554,False
MOY,MOHRI,,,,India,30.255264,76.850054,False
PGMD,PRAGATI MAIDAN,,,,India,28.615267999999997,77.247277,False
BJA,BIJROTHA,,,,India,24.9469398,78.4216048,False
FDB,FARIDABAD,,,,India,28.411473,77.30734799999999,False
NZM,DELHI H NIZAMUDDIN,,,,India,28.587329999999998,77.254249,False
TKJ,TILAK BRIDGE,,,,India,28.627633,77.237995,False
CSB,SHIVAJI BRIDGE,,,,India,28.634101,77.226612,False
NDLS,NEW DELHI,,,,India,28.642314,77.22000399999999,False
DSB,DELHI SADAR BAZAR,,,,India,28.658656,77.216852,False
SZM,SUBZI MANDI,,,,India,28.668683,77.199696,False
DAZ,DELHI AZADPUR,,,,India,28.702645999999998,77.176713,False
AMIN,AMIN,,,,India,29.904968,76.900028,False
DHKR,DHODA KHEDI,,,,India,30.018915000000003,76.842512,False
CORD,BILASPUR CHORD CABIN,,,,India,22.082796000000002,82.125212,False
USL,USALAPUR,,,,India,22.102548,82.111546,False
GTK,GHUTKU,,,,India,22.16819,82.085321,False
KLTR,KALMITAR,,,,India,22.2342458973,82.0576347339,False
KGB,KARGI ROAD,,,,India,22.297935,82.026832,False
SLKR,SALKAROAD,,,,India,22.36745,82.010606,False
BIG,BELGAHNA,,,,India,22.431085,82.032374,False
TGQ,TENGANMADA,,,,India,22.507027,81.99575,False
KGS,KHONGSARA,,,,India,22.551352,81.934151,False
BHTK,BHANWAR TONK,,,,India,22.607916,81.897794,False
KOI,KHODRI,,,,India,22.665094,81.93569600000001,False
SBRA,SARBAHARA,,,,India,22.710501999999998,81.91042900000001,False
PND,PENDRA ROAD,,,,India,22.755824999999998,81.89917,False
HRB,HARRI,,,,India,22.82794,81.882604,False
VKR,VENKATNAGRA,,,,India,22.923269,81.872187,False
NIQ,NIGAURA,,,,India,22.961546000000002,81.874215,False
JTI,JAITHARI,,,,India,23.0451865524,81.7970919489,False
CLF,CHHULHA,,,,India,23.106724,81.73707,False
APR,ANUPPUR JN,,,,India,23.117312,81.695967,False
AAL,AMLAI,,,,India,23.173469,81.593507,False
BUH,BURHAR,,,,India,23.213203999999998,81.528406,False
CHDX,CHHADA,,,,India,23.237624,81.47142699999999,False
SNGP,SINGHPUR,,,,India,23.253960575599997,81.4075072687,False
SDL,SHAHDOL,,,,India,23.285961999999998,81.36407299999999,False
BDWA,BADHWA BARA,,,,India,23.2939334,81.28636818000001,False
GGT,GHUNGHUTI,,,,India,23.3436391121,81.1862407697,False
MDXR,MUDARIA,,,,India,23.3586036574,81.0950669171,False
BRS,BIRSINGHPUR,,,,India,23.367211700000002,81.0433529,False
NRZB,NOWROZABAD,,,,India,23.394425,80.980363,False
KKI,KARKELI,,,,India,23.460957,80.919056,False
UMR,UMARIA,,,,India,23.52273,80.823244,False
LOA,LORHA,,,,India,23.581228,80.75161299999999,False
CHD,CHANDIA ROAD,,,,India,23.6454399,80.701436,False
VYK,VILAYATKALAN RD,,,,India,23.708924,80.610102,False
RPD,RUPAUND,,,,India,23.731755,80.573345,False
JLW,JHALWARA,,,,India,23.772191,80.473608,False
BABR,BALANAGAR,,,,India,16.947622000000003,78.188891,False
ULM,URLAM,,,,India,18.435565999999998,83.989515,False
TIU,TILARU,,,,India,18.4704858205,84.0726809924,False
HCM,HARISHCHANDRAPURAM,,,,India,18.4790934357,84.1214378076,False
KBM,KOTABOMMALI,,,,India,18.488355,84.199842,False
DGB,DINDU GOPALA PURAM HALT,,,,India,18.542976,84.241768,False
NWP,NAUPADA JN,,,,India,18.5794097271,84.2829220099,False
RMZ,ROUTHPURAM HALT,,,,India,18.6209643431,84.3356803912,False
PUN,PUNDI,,,,India,18.665917999999998,84.370679,False
PSA,PALASA,,,,India,18.756782,84.42209100000001,False
SUDV,SUMMADEVI,,,,India,18.808896999999998,84.467259,False
MMS,MANDASA ROAD,,,,India,18.840628000000002,84.494113,False
BAV,BARUVA,,,,India,18.900748,84.554233,False
SPT,SOMPETA,,,,India,18.981296999999998,84.58149999999999,False
JPI,JHADUPUDI,,,,India,19.028201,84.613031,False
IPM,ICHCHPURAM,,,,India,19.110752,84.680427,False
SLRD,SURLA ROAD,,,,India,19.177016000000002,84.719145,False
GTA,GOLANTHRA,,,,India,19.219065,84.740668,False
BAM,BRAHMAPUR,,,,India,19.2961348,84.7966912,False
JNP,JAGAN NATHAPUR,,,,India,19.330648607,84.8681439825,False
NRSP,NARASIMHAPURA,,,,India,19.3632939389,84.9387492847,False
CAP,CHATRAPUR,,,,India,19.3589572,84.97327299999999,False
CAPC,CHATRAPUR COURT,,,,India,19.358941,84.982543,False
GAM,GANJAM,,,,India,19.395827,85.046719,False
HMA,HUMMA,,,,India,19.443283,85.07588799999999,False
RBA,RAMBHA,,,,India,19.537957,85.09407900000001,False
KIT,KHALLIKOT,,,,India,19.611204999999998,85.128091,False
KLJI,KALIJAI,,,,India,19.647603999999998,85.151414,False
CLKA,CHILKA,,,,India,19.686694,85.17991400000001,False
BALU,BALUGAON,,,,India,19.747366,85.200953,False
SLZ,SOLARI,,,,India,19.800255,85.24778599999999,False
GNGD,GANGADHARPUR,,,,India,19.815673,85.29323500000001,False
KUU,KUHURI,,,,India,19.859987,85.3527,False
KAPG,KALUPARA GHAT,,,,India,19.896585,85.40365100000001,False
MKTP,MUKETASHWAR,,,,India,19.919138,85.437914,False
BSDP,BHUSANDPUR,,,,India,19.951792700000002,85.4764825,False
NKP,NIRAKARPUR,,,,India,19.991740999999998,85.53046400000001,False
GLBA,GOLABAI,,,,India,20.016866,85.555928,False
TAP,TAPANG,,,,India,20.052879,85.580989,False
DLMH,DHAULIMUHAN,,,,India,20.079331999999997,85.60477200000001,False
KPXR,KAIPADA ROAD,,,,India,20.10484,85.639666,False
ARGL,ARGUL,,,,India,20.12442672,85.67088007,False
VSKP,VISHAKAPATNAM,,,,India,17.72159,83.289514,False
MIPM,MARRIPALEM,,,,India,17.7363,83.252629,False
SCM,SIMHACHALAM,,,,India,17.744667,83.220449,False
SCMN,SIMHACHALAM NORTH,,,,India,17.752094,83.209636,False
PDT,PENDURTI,,,,India,17.813498,83.195211,False
KTV,KOTTAVALASA,,,,India,17.892374999999998,83.18509999999999,False
KPL,KANTAKAPALLE,,,,India,17.954718999999997,83.20820499999999,False
ALM,ALAMANDA,,,,India,18.012510000000002,83.271604,False
KUK,KORUKONDA,,,,India,18.054196,83.320296,False
VZM,VIZIANAGRAM JN,,,,India,18.111374,83.39558600000001,False
NML,NELLIMARIA,,,,India,18.183131,83.456046,False
GUL,GUJJANGIVALASA,,,,India,18.230678746400002,83.5108882898,False
GVI,GARIVIDI,,,,India,18.2732681907,83.5308410095,False
CPP,CHIPURUPALLE,,,,India,18.316259000000002,83.569608,False
BTVA,BATUVA,,,,India,18.34308678,83.62409646,False
SGDM,SIGADAM,,,,India,18.360601,83.68144099999999,False
PDU,PONDURU,,,,India,18.362876,83.776548,False
DUSI,DUSI,,,,India,18.369969,83.857682,False
CHE,SRIKAKULAM ROAD,,,,India,18.408679,83.903771,False
SHNR,SHADNAGAR,,,,India,17.064646,78.213273,False
CUL,CHULI,,,,India,23.006336,71.340823,False
SRBR,SURBARI,,,,India,23.231063000000002,70.696477,False
KCG,KACHEGUDA,,,,India,17.389561,78.499756,False
MXT,MALAKPET KACHEGUDA,,,,India,17.375398,78.494244,False
DQR,KACHEGUDA DBR,,,,India,17.366083,78.490284,False
YAKUT PUR(YKA,YAKUT PUR(YKA,,,,India,,,False
HPG,HUPPUGUDA,,,,India,17.34071,78.48196499999999,False
FM,KACHEGUDA FALAKNUMA,,,,India,17.332197,78.474481,False
TMX,TIMMAPUR,,,,India,17.169347000000002,78.288344,False
UR,UMDANAGAR,,,,India,17.262932000000003,78.393143,False
BDVL,BUDVEL,,,,India,17.3093773,78.4245182,False
ADI,AHMEDABAD JN,,,,India,23.025515,72.601516,False
KKF,KANKARIA,,,,India,23.008817,72.607102,False
MAN,MANI NAGAR,,,,India,23.000142,72.610413,False
VTA,VATVA,,,,India,22.959728549199998,72.6294363164,False
GER,GERATPUR,,,,India,22.917292,72.65515099999999,False
BJD,BAREJADI,,,,India,22.895426699999998,72.6778863,False
KANJ,KANIL,,,,India,22.867203999999997,72.705473,False
NEP,NENPUR,,,,India,22.847183,72.725207,False
MHD,MAHEMDAVAD KHEDA RD,,,,India,22.819556000000002,72.752481,False
GTE,GOTHAJ,,,,India,22.759953846400002,72.8013557965,False
ND,NADIAD JN,,,,India,22.694105999999998,72.855718,False
UTD,UTARSANDA,,,,India,22.654716,72.88880999999999,False
KBRV,KANJARI BORIYAV,,,,India,22.614849,72.921535,False
NOL,NIYOL,,,,India,21.160311,72.902305,False
CHM,CHALTHAN,,,,India,21.157909,72.95617,False
BGMR,BAGUMRA,,,,India,21.149694,72.996091,False
GGAR,GANGADHARA,,,,India,21.141419000000003,73.043566,False
BIY,BARDOLI,,,,India,21.1342405,73.1058944,False
TBV,TIMBARVA,,,,India,21.146312,73.144398,False
MGRL,MANGROLLA,,,,India,21.156258,73.182172,False
MID,MADHI,,,,India,21.145672,73.24268000000001,False
KRAI,KAHET,,,,India,21.137196,73.294162,False
LTV,LOTARVA,,,,India,21.153797,73.202399,False
VYA,VYARA,,,,India,21.118142,73.383847,False
KKRD,KIKAKUI ROAD,,,,India,21.12908,73.481234,False
DSD,DOSVADA,,,,India,21.130512,73.502728,False
USD,UKAI SONGADH,,,,India,21.147743,73.55554,False
LKKD,LAKKADKOT,,,,India,21.163562,73.603025,False
BBAI,BHADBHUNJA,,,,India,21.166264,73.693754,False
NWU,NAVAPUR,,,,India,21.166844,73.771183,False
KFF,KOLDA,,,,India,21.165523,73.893108,False
CPD,CHINCHPADA,,,,India,21.206379000000002,73.93924200000001,False
KHTG,KHATGAON,,,,India,21.26417,73.992081,False
KBH,KHANDBAARA,,,,India,21.324398,74.101865,False
BAWD,BHADWAD,,,,India,21.323159150000002,74.09831697,False
DWD,DHEKVAD,,,,India,21.339179,74.13857,False
NDB,NANDURBAR,,,,India,21.374812,74.246482,False
CUE,CHOUPALE,,,,India,21.377019,74.319097,False
TISI,TISI,,,,India,21.382994,74.364777,False
RNL,RANALA,,,,India,21.372813,74.47179,False
DDE,DONDAICHA,,,,India,21.331414,74.563104,False
VKH,VIKHRAN ROAD,,,,India,21.302739000000003,74.617881,False
SNSL,SONSHELU,,,,India,21.274379,74.66225600000001,False
SNK,SINDKHEDA,,,,India,21.234022,74.73536700000001,False
HOL,HOL,,,,India,21.198376,74.784857,False
NDN,NARDANA,,,,India,21.178209,74.82874699999999,False
BEW,BETAVAD,,,,India,21.149244,74.886199,False
PDP,PADSE,,,,India,21.132043,74.924335,False
BRTK,BHORTEX,,,,India,21.102507999999997,74.995996,False
AN,AMALNER,,,,India,21.049008999999998,75.057314,False
TKHE,TAKARKHEDE,,,,India,21.03491,75.167017,False
BHNE,BHONE,,,,India,21.018946,75.22247700000001,False
DXG,DHARANGAON,,,,India,21.006447,75.286092,False
CHLK,CHAVALKHEDE,,,,India,21.024084000000002,75.352237,False
PLD,PALDHI,,,,India,21.022831999999998,75.46157,False
MIB,NAGPUR MOTI BAGH,,,,India,21.146062,79.088986,False
RVH,RAIPUR R-V BLOCK,,,,India,21.26848,81.64428199999999,False
MNDH,MANDIR HASAUD,,,,India,21.226191999999998,81.772807,False
LAE,LAKHOLI,,,,India,21.201827,81.890652,False
ANMD,ARANG MAHANADI,,,,India,21.189614,81.955513,False
BLSN,BELSONDA,,,,India,21.155027,82.03562500000001,False
MSMD,MAHASAMUND,,,,India,21.113138000000003,82.10389,False
ARN,ARAND,,,,India,21.102097,82.183013,False
BMKJ,BHIMKHOJ,,,,India,21.080325,82.289327,False
BGBR,BAGBAHRA,,,,India,21.0462946,82.3841486,False
KMK,KOMAKHAN,,,,India,20.979703,82.45769200000001,False
KRAR,KHARIAR ROAD,,,,India,20.901385555799997,82.510513277,False
NPD,NAWAPARA ROAD,,,,India,20.809717,82.562564,False
LKNA,LAKHNA,,,,India,20.729266,82.662489,False
HSK,HARISHANKER RD,,,,India,20.6267890734,82.7660362524,False
TIG,TITLAGARH,,,,India,20.284399,83.154382,False
TRKR,TUREKALA ROAD,,,,India,20.563094809,82.8147164221,False
SFK,SIKIR,,,,India,20.337936,83.199696,False
KBJ,KANTABANJI,,,,India,20.474059,82.906517,False
BUDM,BADMAL,,,,India,20.384900000000002,83.27114900000001,False
MRBL,MURIBAHAL,,,,India,20.385885000000002,83.016704,False
SFC,SAINTALA,,,,India,20.433878,83.335045,False
RNBT,RAHENBATA,,,,India,20.329013,83.08993099999999,False
DFR,DEOGAN ROAD,,,,India,20.554779,83.430063,False
BLGR,BALANGIR,,,,India,20.688591,83.494207,False
BNRD,BALANGIR ROAD,,,,India,20.715094,83.498557,False
LSX,LOISINGHA,,,,India,20.852667,83.514083,False
KHPL,KHALIPALI,,,,India,20.950218,83.536231,False
DJX,DUNGRIPADI,,,,India,21.060872999999997,83.559213,False
BRPL,BARPALI,,,,India,21.183637700000002,83.59487580000001,False
BRGA,BARGARH ROAD,,,,India,21.332902999999998,83.642586,False
ATS,ATTABIRA,,,,India,21.388039,83.792637,False
GBQ,GODBHAGA,,,,India,21.416457,83.856969,False
HKG,HIRAKUD,,,,India,21.479827,83.905097,False
JSRY,JHARSUGUDA R YARD,,,,India,21.8876435594,84.0718776697,False
DTV,DHUTRA,,,,India,21.896881999999998,84.09109799999999,False
PNPL,PANPALI,,,,India,21.915685999999997,84.139173,False
BEH,BAGDIHI,,,,India,21.951046,84.18631,False
DIH,DHARUADIHI,,,,India,21.995145,84.223691,False
BMB,BAMRA,,,,India,22.051355,84.291044,False
TGM,TANGARMUNDA,,,,India,22.09407,84.35861200000001,False
GPH,GARPOS,,,,India,22.134204,84.418434,False
SOGR,SOGRA,,,,India,22.153756,84.459478,False
SXN,SONAKHAN,,,,India,22.166579000000002,84.519562,False
GP,RAJ GANGPUR,,,,India,22.186062000000003,84.58205099999999,False
KXN,KANSHBAHAL,,,,India,22.215278,84.66628899999999,False
TLHR,TALCHER,,,,India,20.932262,85.200385,False
TLTM,TALCHER THERMAL,,,,India,20.91053519,85.21416081,False
TTPT,TALCHER THERMAL,,,,India,20.905032,85.21712600000001,False
KLG,KALUNGA,,,,India,22.222144,84.73367300000001,False
PPO,PANPOSH,,,,India,22.228538,84.804627,False
ROU,ROURKELA,,,,India,22.22844,84.86313200000001,False
BNDM,BONDAMUNDA,,,,India,22.2355174,84.92505809999999,False
BGKA,BANGURKELA,,,,India,22.3505683976,84.9552704382,False
BSPK,BISPUR,,,,India,22.3740198995,84.9464074011,False
NXN,NUAGAON,,,,India,22.386583,84.94203300000001,False
ORGA,ORGA,,,,India,22.448548,84.91578,False
PBB,PARBATONIA,,,,India,22.497616999999998,84.949201,False
TATI,TATI,,,,India,22.558381999999998,84.918457,False
BRBR,BARBERA,,,,India,22.5755618647,84.8694214429,False
KNRN,KANAROAN,,,,India,22.600484,84.877026,False
BANO,BANO,,,,India,22.6647837973,84.90298541140001,False
MCZ,MAHABUANG,,,,India,22.7199286684,84.9352760571,False
KRKR,KURKURA,,,,India,22.763217,84.931238,False
PKC,PAKRA,,,,India,22.828158,84.93690600000001,False
PKF,POKLA,,,,India,22.89496,84.951364,False
BKPR,BAKASPUR,,,,India,22.9810196446,84.9537296552,False
JGX,JARIAGARH,,,,India,23.0088422742,84.9866928088,False
GBX,GOVINDPUR ROAD,,,,India,23.061857490599998,85.0435794019,False
KRRA,KARRA,,,,India,23.1219323537,85.1327416565,False
BNGO,BINGAON,,,,India,23.1666884029,85.1658139636,False
LOM,LODHMA,,,,India,23.2233502762,85.2001212549,False
BLRG,BALASIRING,,,,India,23.2691273563,85.2812029169,False
HTE,HATIA,,,,India,23.311612999999998,85.308218,False
ITR,ITWARI,,,,India,21.157819,79.11923700000001,False
MTD,MERTA ROAD JN,,,,India,26.728077000000003,73.917896,False
KQW,KHEDULI,,,,India,26.759393000000003,74.014573,False
REN,REN,,,,India,26.788798,74.07446200000001,False
JAC,JALSU,,,,India,26.844883,74.194547,False
JACN,JALSU NANAK,,,,India,26.868694,74.250429,False
DNA,DEGANA JN,,,,India,26.897349,74.316388,False
GCH,GACHHIPURA,,,,India,26.953522,74.454426,False
BSRL,BESROLI,,,,India,26.990674000000002,74.560725,False
BOW,BORAWAR,,,,India,27.0283068063,74.66939656189999,False
MKN,MAKRANA JN,,,,India,27.037532,74.72314899999999,False
KMNC,KUCHAMAN CITY,,,,India,27.0535465396,74.8514568066,False
THMR,THATHANA MITHRI,,,,India,27.055138193999998,74.8979728705,False
NYK,NAYA KHARADIA,,,,India,27.0383856624,74.93509671199999,False
NAC,NAWA CITY,,,,India,27.029479,74.99883200000001,False
GVMR,GOVINDI MARWAR,,,,India,27.03169,75.093144,False
GA,GUDHA,,,,India,26.950042,75.128292,False
SBR,SAMBHAR LAKE,,,,India,26.904308,75.179915,False
FL,PHULERA JN,,,,India,26.872814,75.24545599999999,False
HDA,HIRNODA,,,,India,26.885336000000002,75.327459,False
DHND,DHINDA,,,,India,26.890931,75.361206,False
JU,JODHPUR JN,,,,India,26.283765,73.02319,False
RKB,RAIKA BAGH,,,,India,26.291628000000003,73.039744,False
JUCT,JODHPUR CANTT,,,,India,26.304264,73.075277,False
BNO,BANAR,,,,India,26.33951,73.146431,False
JWL,JAJIWAL,,,,India,26.3680583662,73.2228278314,False
AAS,ASRANADA,,,,India,26.397374,73.30532500000001,False
KSW,KHERI SALWA,,,,India,26.4285105345,73.3907543195,False
PPR,PIPAR ROAD JN,,,,India,26.452849999999998,73.448703,False
SWF,SATHIN ROAD,,,,India,26.48978,73.509748,False
UMED,UMED,,,,India,26.549322,73.605896,False
KXG,KHARIA KHANGARH,,,,India,26.609843,73.686313,False
GOTN,GOTAN,,,,India,26.652200999999998,73.737284,False
JOM,JOGI MAGRA,,,,India,26.697862,73.818142,False
SWM,SAWAI MADHOPUR,,,,India,26.018279,76.35622,False
KTA,KUSHTALA,,,,India,25.961351,76.326705,False
RWJ,RAWANIA DUNGAR,,,,India,25.887841,76.313705,False
AMLI,AMLI,,,,India,25.828156,76.286156,False
JOB,ASALPUR JOBNER,,,,India,26.900084,75.423467,False
IDG,INDARGARH,,,,India,25.727874,76.232938,False
BOBS,BOBAS,,,,India,26.9056364,75.4980458,False
SHNX,SHEO SINGH PURA,,,,India,26.913378,75.567278,False
LKE,LAKHERI,,,,India,25.639864,76.192147,False
MSO,MISROD,,,,India,23.168701000000002,77.45804600000001,False
HBJ,HABIBGANJ,,,,India,23.221979,77.43942899999999,False
BPL,BHOPAL JN,,,,India,23.266884384300003,77.4131428577,False
BIH,BAIRAGARH,,,,India,23.273607199999997,77.33622,False
BQE,BAKANIAN BHAUNR,,,,India,23.261737,77.252499,False
LBN,LABAN,,,,India,25.574304,76.207965,False
KPZ,KAPREN,,,,India,25.444815000000002,76.08649199999999,False
KTSC,KOTA JN SOUTH C,,,,India,25.198051,75.88511100000001,False
DKNT,DAKANIYA TALAV,,,,India,25.145187999999997,75.865501,False
DDV,DADHDEVI,,,,India,25.077840000000002,75.898016,False
ALNI,ALNIYA,,,,India,25.0316757156,75.90874587280001,False
DKQ,DHANI KASAR,,,,India,24.9874595619,75.93221182010001,False
RDT,RAVTHA ROAD,,,,India,24.933449,75.958203,False
DARA,DARA,,,,India,24.832608999999998,76.005784,False
KIW,KANWALPURA,,,,India,24.788625,75.98301000000001,False
MKX,MORAK,,,,India,24.730953,75.97333900000001,False
RMA,RAMGANJ MANDI,,,,India,24.644606,75.939411,False
JHW,JHALAWAR ROAD,,,,India,24.541893,75.919686,False
DKRA,DHUANKHERI,,,,India,24.504973000000003,75.89805,False
BWM,BHAWANI MANDI,,,,India,24.419472000000003,75.82981,False
KRLS,KURLAS,,,,India,24.354200582,75.7260090143,False
GOH,GAROT,,,,India,24.2790919912,75.68432197690001,False
SGZ,SHAMGARH,,,,India,24.191141000000002,75.642842,False
HNU,HANSPURA,,,,India,24.1312068327,75.64670478090001,False
SVA,SUWASRA,,,,India,24.069844,75.64834400000001,False
NKH,NATHUKHERI,,,,India,24.0200433795,75.64345572270001,False
CMU,CHAU MAHLA,,,,India,23.948204999999998,75.60086100000001,False
TLZ,TALAVLI,,,,India,23.903499,75.596821,False
THUR,THURIA,,,,India,23.833165,75.55457,False
VMA,VIKRAMGARH ALOT,,,,India,23.765121,75.53837899999999,False
LNR,LUNI RICHHA,,,,India,23.660393,75.51367,False
MEP,MAHIDPUR ROAD,,,,India,23.567509,75.500338,False
RLK,ROHAL KHURD,,,,India,23.482264,75.460561,False
PUD,PHANDA,,,,India,23.232986,77.189255,False
PNWN,PACHWAN,,,,India,23.208785000000002,77.128302,False
DNK,DHANAKYA,,,,India,26.91819,75.605607,False
SEH,SEHORE,,,,India,23.215095,77.07788199999999,False
BDYK,BINDAYAKA,,,,India,26.924224,75.659572,False
KKU,KANAKPURA,,,,India,26.92883,75.702559,False
BKTL,BAKTAL,,,,India,23.234083000000002,77.038514,False
PRB,PARBATI,,,,India,23.250527,77.012393,False
JBX,JABRI,,,,India,23.294103999999997,76.889341,False
KPP,KALAPIPAL,,,,India,23.332775,76.834002,False
CKOD,CHAKROD,,,,India,23.3530905936,76.779716546,False
SJP,SHUJALPUR,,,,India,23.381235999999998,76.72347500000001,False
UJN,UJJAIN JN,,,,India,23.178154,75.781403,False
MQE,MOHAMMADKHERA,,,,India,23.384268,76.665757,False
AKD,AKODIA,,,,India,23.378255,76.599245,False
BLX,BOLAI,,,,India,23.361400652599997,76.4864047449,False
KSH,KALI SINDH,,,,India,23.344476,76.430306,False
KONY,KISONI,,,,India,23.301733000000002,76.371773,False
BCH,BERCHHA,,,,India,23.282480800000002,76.33419289999999,False
PUO,PIR UMROD,,,,India,23.2558608677,76.2299643091,False
MKC,MAKSI,,,,India,23.251625,76.159116,False
SVT,SHIVPURA,,,,India,23.2563508677,76.0076378418,False
TJP,TAJPUR,,,,India,23.2169677672,75.9235679364,False
PLW,PINGLESHWAR,,,,India,23.2111360434,75.8603440417,False
UJNC,UJN C CABIN,,,,India,23.184543,75.801153,False
DPZ,DEVPURA,,,,India,26.03271,76.251747,False
SURL,SURELI,,,,India,26.118939,76.077102,False
ISA,ISARDA,,,,India,26.170515,76.030637,False
SRAS,SIRAS,,,,India,26.2571138478,76.00108138670001,False
BNLW,BANSTHALI NIWAI,,,,India,26.383927808699998,75.93511006349999,False
CHNN,CHANNANI,,,,India,26.49509,75.920457,False
CKS,CHAKSU,,,,India,26.592917999999997,75.910778,False
SAS,SHIVDASPURA PADAMPURA,,,,India,26.71363,75.88328200000001,False
BTSD,BHATISUDA,,,,India,23.392187,75.421478,False
PPG,PIPLODA BAGLA,,,,India,23.357472,75.433639,False
UNL,UNHEL,,,,India,23.316776,75.472209,False
PSO,PALSORA MAKRAWA,,,,India,23.260650211799998,75.5315691821,False
ASL,ASLAODA,,,,India,23.231264309,75.60816015629999,False
GRFB,GAMBHIR BR,,,,India,23.226323,75.637187,False
NKI,NAIKHERI,,,,India,23.196778,75.689198,False
SNGN,SANGANER,,,,India,26.814113,75.772245,False
DPA,DURGAPURA,,,,India,26.855947,75.786436,False
BSGD,BAIS GODAM,,,,India,26.90199441,75.7898479,False
GNQ,GODHANI,,,,India,21.21103,79.068176,False
BWRA,BHARATWADA,,,,India,21.231695,79.0171081,False
KSWR,KALMESHWAR,,,,India,21.229072,78.91586099999999,False
KOHL,KOHLI,,,,India,21.273749,78.807616,False
SNKB,SONKHAMB,,,,India,21.274259,78.725612,False
MER,METPANJRA,,,,India,21.26917,78.65915899999999,False
KATL,KATOL,,,,India,21.263201,78.590664,False
KLBA,KALAMBHA,,,,India,21.344635,78.558413,False
TNH,TINKHEDA,,,,India,21.407727,78.523446,False
NRKR,NARKHER,,,,India,21.468725,78.52481399999999,False
DDMT,DARIMETA,,,,India,21.536803,78.5411,False
PAR,PANDHURNA,,,,India,21.589996,78.525394,False
TEO,TEEGAON,,,,India,21.637046,78.460308,False
GDKP,GHUNDANKHAPA,,,,India,21.655105000000002,78.42563,False
CCD,CHICHONDA,,,,India,21.709709,78.352032,False
HTN,HATNA PUR,,,,India,21.761852,78.334344,False
MTY,MULTAI,,,,India,21.783543,78.26283000000001,False
AMLA,AMLA JN,,,,India,21.919717000000002,78.123187,False
MALK,MALKAPUR ROAD,,,,India,21.904426,77.967468,False
BZU,BETUL,,,,India,21.896393,77.90589700000001,False
MJY,MARAMJHIRI,,,,India,21.946123,77.883002,False
DHQ,DHARAKHOH,,,,India,22.009297,77.949934,False
GDYA,GHORADONGRI,,,,India,22.126423,78.001987,False
BBTR,BARBATPUR,,,,India,22.197033,77.920758,False
MGRD,MAGARDOH,,,,India,22.248104,77.894738,False
DOH,DHODRA MOHAR,,,,India,22.281504,77.875226,False
POX,POLA-PATTHAR,,,,India,22.347657,77.85334900000001,False
KQE,KALA AKHAR,,,,India,22.394548999999998,77.818115,False
SAHL,SAHELI,,,,India,22.488281,77.819849,False
TAKU,TAKU,,,,India,22.5155599418,77.8158087866,False
KSLA,KESLA,,,,India,22.541216959,77.8065090723,False
KRTH,KIRATGARH,,,,India,22.538155,77.77251,False
JHP,JUHJARPUR,,,,India,22.598117000000002,77.755836,False
HN,HATHBANDH,,,,India,21.632219,81.846233,False
BYT,BHATAPARA,,,,India,21.732464,81.946062,False
NPI,NIPANIA,,,,India,21.826434,82.044275,False
DGS,DAGORI,,,,India,21.905693,82.069143,False
SLRA,SARALA,,,,India,21.511822,84.017534,False
SSN,SASON,,,,India,21.5595350543,84.03917034669999,False
RGL,RENGALI,,,,India,21.636895,84.042299,False
LPG,LAPANGA,,,,India,21.732794,84.03998,False
BXQ,BRUNDAMAL,,,,India,21.806503000000003,84.016216,False
JSGR,JHARSUGUDA ROAD,,,,India,21.850125,84.010526,False
BBSN,BHUBANESWAR NEW,,,,India,20.382175,85.83518699999999,False
GBK,GOPALPUR BALKDA,,,,India,20.432634999999998,85.87790899999999,False
KTJI,KATHA JORI,,,,India,20.45107,85.896353,False
CTC,CUTTACK,,,,India,20.466587999999998,85.90156,False
KNPR,KENDRAPARA ROAD,,,,India,20.498481,85.917437,False
NRG,NERGUNDI,,,,India,20.538381,85.959078,False
MZY,MACHAPUR,,,,India,20.569003,85.768912,False
GJTA,GARUDIJHATIA,,,,India,20.570067,85.828478,False
BDPG,BADA PADAGAON,,,,India,20.570588309999998,85.87382799,False
CBT,CHARBATIA,,,,India,20.569383900000002,85.9113306,False
SQQ,SALAGAON,,,,India,20.56434,85.957487,False
SVK,SIVARAKOTTAI,,,,India,9.738427999999999,77.986107,False
SLGM,SANKARALINGAPRM,,,,India,9.524914,77.88414,False
CPM,CHOLAPURAM,,,,India,9.354660443863636,77.57086691235357,False
MDU,MADURAI JN,,,,India,9.919907,78.11031399999999,False
TDN,TIRUPARANKNDRM,,,,India,9.879446999999999,78.065958,False
TMQ,TIRUMANGALAM,,,,India,9.824778,77.99090199999999,False
KGD,KALLIGUDI,,,,India,9.695381000000001,77.97402,False
VPT,VIRUDUNAGAR JN,,,,India,9.596405,77.95773700000001,False
SCT,SENGOTTAI,,,,India,8.9874125,77.24185,False
TSI,TENKASI JN,,,,India,8.963993,77.30733799999999,False
KDNL,KADAYNALLUR,,,,India,9.085394,77.36319769999999,False
PBKS,PAMBA KOVIL SHANDY,,,,India,9.130538,77.431001,False
SNKL,SANKARANKOVIL,,,,India,9.176539,77.525924,False
RJPM,RAJAPALAYAM,,,,India,9.452404,77.561026,False
SVPR,SRIVILLIPUTTUR,,,,India,9.497497,77.64494,False
SVKS,SIVAKASI,,,,India,9.463321,77.78924400000001,False
TTL,TIRUTTANGAL,,,,India,9.4772991528,77.8108864374,False
MKSP,MUKHASA PARUR,,,,India,11.566638000000001,79.240919,False
KKTI,KUTTAKUDI,,,,India,11.591907,79.154962,False
PRV,PUKKIRIVARI,,,,India,11.633792,78.989079,False
SRVT,SIRUVATTUR,,,,India,11.636294000000001,78.943922,False
CHSM,CHINNA SALEM,,,,India,11.631062,78.873821,False
MLYR,MELNARIYAPANUR,,,,India,11.615910999999999,78.814791,False
TVS,TALAIVASAL,,,,India,11.596392,78.75084,False
ATU,ATTUR,,,,India,11.594788,78.592092,False
PDKM,PEDANAYAKANPALAYAM,,,,India,11.647063000000001,78.5053,False
MGSJ,MAGNESITE JN,,,,India,11.696253,78.096286,False
ETP,ETTAPUR ROAD,,,,India,11.651009,78.468545,False
SA,SALEM JN,,,,India,11.671726000000001,78.113415,False
VGE,VALAPPADI G HLT,,,,India,11.654623999999998,78.400452,False
MPLI,MINNAMPALLI,,,,India,11.671079675900002,78.2849851605,False
APN,AYODHYAPATTANAM,,,,India,11.671392,78.233642,False
SLME,SALEM EAST,,,,India,11.662932,78.178121,False
SXT,SALEM TOWN,,,,India,11.660046,78.162096,False
SAMT,SALEM MARKET,,,,India,11.654084,78.142621,False
OML,OMALUR,,,,India,11.7385543,78.04678001590001,False
TOS,TOLASAMPATTI,,,,India,11.761619,77.979547,False
MCRD,MECHERI ROAD,,,,India,11.804210999999999,77.921857,False
MTDM,METUR DAM,,,,India,11.807081,77.83200799999999,False
